archive,pde,method,seed,session,K,cache,requests,warmup,boundary,n,median_ms,p99_ms,threshold_2x_median_ms,above_count,above_share,p99_above_threshold,raw_file,raw_sha256
primary,burgers,B0,,1,10,False,20000,50,host-ready policy request to projected action,20000,0.5128,0.5804,1.0256,0,0.0,False,experiments\pdno_jevLite_20260927_v3\evidence\latency_raw_v3\session1_burgers_B0_sna.npz,2cbc4287e5859203f9f9cef95315ecf95a8e9c2d204f9966759c8ddce5943fb6
primary,burgers,B1,,1,10,False,20000,50,host-ready policy request to projected action,20000,13.8519,14.792703,27.7038,0,0.0,False,experiments\pdno_jevLite_20260927_v3\evidence\latency_raw_v3\session1_burgers_B1_sna.npz,0d01211c2f22602c36509fcbfe147163d5a99260de9960499874604ec5309ae6
primary,burgers,B2,11,1,10,False,20000,50,host-ready policy request to projected action,20000,1.9066,3.800215999999997,3.8132,171,0.00855,False,experiments\pdno_jevLite_20260927_v3\evidence\latency_raw_v3\session1_burgers_B2_s11.npz,98f1671de02aad8e9d59b03a99b594b5d837702f6811f828e3cab41025e3d32d
primary,burgers,B2,23,1,10,False,20000,50,host-ready policy request to projected action,20000,1.8948,3.577701,3.7896,26,0.0013,False,experiments\pdno_jevLite_20260927_v3\evidence\latency_raw_v3\session1_burgers_B2_s23.npz,c5ecbbae0239152a3e0e44a8bbadde2949e544ac0fe35e543a3711164c21819e
primary,burgers,B2,37,1,10,False,20000,50,host-ready policy request to projected action,20000,1.8988,3.7429159999999975,3.7976,107,0.00535,False,experiments\pdno_jevLite_20260927_v3\evidence\latency_raw_v3\session1_burgers_B2_s37.npz,2cf47cf5c6e4f7658e8331c817c40af976a2b737c96a8b54b953a61e3c35ef9d
primary,burgers,B3,11,1,10,False,20000,50,host-ready policy request to projected action,20000,1.9013,3.7370029999999996,3.8026,99,0.00495,False,experiments\pdno_jevLite_20260927_v3\evidence\latency_raw_v3\session1_burgers_B3_s11.npz,fc3d2b9fc55a06fff1b071f10e912f5a31a8e744e6fa9ac8bbf1ca06a26eac5a
primary,burgers,B3,23,1,10,False,20000,50,host-ready policy request to projected action,20000,1.9069,3.808601,3.8138,192,0.0096,False,experiments\pdno_jevLite_20260927_v3\evidence\latency_raw_v3\session1_burgers_B3_s23.npz,ecdb9872f6db3668adae750271be880f6f61694132eb359aac637ca6a20de91a
primary,burgers,B3,37,1,10,False,20000,50,host-ready policy request to projected action,20000,1.9311,4.176939999999994,3.8622,367,0.01835,True,experiments\pdno_jevLite_20260927_v3\evidence\latency_raw_v3\session1_burgers_B3_s37.npz,f9c6081e6871cd0bc4cf68f2e8df72b266de6b0d88627f459adf49f17dde29c5
primary,burgers,B4,11,1,10,False,20000,50,host-ready policy request to projected action,20000,3.1658,6.8365139999999975,6.3316,2186,0.1093,True,experiments\pdno_jevLite_20260927_v3\evidence\latency_raw_v3\session1_burgers_B4_s11.npz,4e5c3b5b8c3206ddb5a219c0ddbb404eade1f12b69761c5f153cc9714b3170b6
primary,burgers,B4,23,1,10,False,20000,50,host-ready policy request to projected action,20000,3.1498,6.813019999999996,6.2996,2163,0.10815,True,experiments\pdno_jevLite_20260927_v3\evidence\latency_raw_v3\session1_burgers_B4_s23.npz,104c3f092d89bdcdbcc55fdc149008ae415d1421e23a0a76693f9697b7a99fa1
primary,burgers,B4,37,1,10,False,20000,50,host-ready policy request to projected action,20000,3.17355,6.800907,6.3471,2737,0.13685,True,experiments\pdno_jevLite_20260927_v3\evidence\latency_raw_v3\session1_burgers_B4_s37.npz,bac16ddaea014361935990e9cbf8dafdd521b826d830ac610a69c91c6dd4b0c7
primary,burgers,B5,11,1,10,False,20000,50,host-ready policy request to projected action,20000,3.1185,6.748907999999998,6.237,2091,0.10455,True,experiments\pdno_jevLite_20260927_v3\evidence\latency_raw_v3\session1_burgers_B5_s11.npz,b57f4d8108c3be999d8f51c5c94008c3910113a717da17e8342f016843dcdeac
primary,burgers,B5,23,1,10,False,20000,50,host-ready policy request to projected action,20000,3.1039,6.658901,6.2078,1547,0.07735,True,experiments\pdno_jevLite_20260927_v3\evidence\latency_raw_v3\session1_burgers_B5_s23.npz,fa0f3d6a46d5564713eef0d651091481eafa8c96aa41639f6f63250d37e49b5a
primary,burgers,B5,37,1,10,False,20000,50,host-ready policy request to projected action,20000,3.10375,6.652815999999998,6.2075,2072,0.1036,True,experiments\pdno_jevLite_20260927_v3\evidence\latency_raw_v3\session1_burgers_B5_s37.npz,a602170e21bb8245f4b5bf094c81967df131f22a3d33b1b9c7c4a64405494728
primary,burgers,P-no-rank,11,1,10,False,20000,50,host-ready policy request to projected action,20000,3.12385,6.741004999999999,6.2477,2400,0.12,True,experiments\pdno_jevLite_20260927_v3\evidence\latency_raw_v3\session1_burgers_P-no-rank_s11.npz,cf9523b03410f054e041e899be9b669c1806912d255184378afd403bb97bf6d3
primary,burgers,P-no-rank,23,1,10,False,20000,50,host-ready policy request to projected action,20000,3.1136,6.686901,6.2272,2062,0.1031,True,experiments\pdno_jevLite_20260927_v3\evidence\latency_raw_v3\session1_burgers_P-no-rank_s23.npz,b6fb2b4a2ce6eeaf89c9e4858154839559b8439fd097d9fad14144b52c443978
primary,burgers,P-no-rank,37,1,10,False,20000,50,host-ready policy request to projected action,20000,3.1155,6.705304999999999,6.231,1613,0.08065,True,experiments\pdno_jevLite_20260927_v3\evidence\latency_raw_v3\session1_burgers_P-no-rank_s37.npz,789fc91f90de03d81d212cf4d605637f076b6917d286f59d46dc4a6a8e2abc40
primary,burgers,P,11,1,10,False,20000,50,host-ready policy request to projected action,20000,3.1156,6.736502,6.2312,2397,0.11985,True,experiments\pdno_jevLite_20260927_v3\evidence\latency_raw_v3\session1_burgers_P_s11.npz,3ed1b548016f84fc4797c52e1e59d26e8ef5462f038f58c013ec70ff583c1c6f
primary,burgers,P,23,1,10,False,20000,50,host-ready policy request to projected action,20000,3.1142,6.722105999999999,6.2284,2405,0.12025,True,experiments\pdno_jevLite_20260927_v3\evidence\latency_raw_v3\session1_burgers_P_s23.npz,e376a250cdad6a1a1da9245dec9ea499187237d9c852bb69bc882d3e68ee8b98
primary,burgers,P,37,1,10,False,20000,50,host-ready policy request to projected action,20000,3.1302,6.779706999999999,6.2604,2269,0.11345,True,experiments\pdno_jevLite_20260927_v3\evidence\latency_raw_v3\session1_burgers_P_s37.npz,8c13fea611aa6df96b13f0eb33e694f8f2a833fe466be1351cbb12126c177fb0
primary,heat,B0,,1,10,False,20000,50,host-ready policy request to projected action,20000,0.5635,0.6685039999999993,1.127,6,0.0003,False,experiments\pdno_jevLite_20260927_v3\evidence\latency_raw_v3\session1_heat_B0_sna.npz,5d45d725653cc0a44166bc84415ee5e6890b14c4ac0327a2d2cece0396d8020a
primary,heat,B1,,1,10,False,20000,50,host-ready policy request to projected action,20000,1.7604,6.494732999999995,3.5208,1693,0.08465,True,experiments\pdno_jevLite_20260927_v3\evidence\latency_raw_v3\session1_heat_B1_sna.npz,15df1fa5ef221d404c9e7f012cce9492d43983909c17a1f3d336179bceae61f0
primary,heat,B2,11,1,10,False,20000,50,host-ready policy request to projected action,20000,1.9575,3.8396029999999994,3.915,96,0.0048,False,experiments\pdno_jevLite_20260927_v3\evidence\latency_raw_v3\session1_heat_B2_s11.npz,8c01af6f2299b6033b9bcb3fd3b1f5cbb45cdb179ed532200baa19f2cef2c16f
primary,heat,B2,23,1,10,False,20000,50,host-ready policy request to projected action,20000,1.9627,3.9243029999999997,3.9254,198,0.0099,False,experiments\pdno_jevLite_20260927_v3\evidence\latency_raw_v3\session1_heat_B2_s23.npz,cfcff63c9465e797f47aa9da7f0383f23075e8177c9de740b7e86a101cf63937
primary,heat,B2,37,1,10,False,20000,50,host-ready policy request to projected action,20000,1.9659,3.8698029999999997,3.9318,99,0.00495,False,experiments\pdno_jevLite_20260927_v3\evidence\latency_raw_v3\session1_heat_B2_s37.npz,f0d6164210afac4e3e5cc676899317351e2e697eebb276dc9a86f54d619a5def
primary,heat,B3,11,1,10,False,20000,50,host-ready policy request to projected action,20000,2.0115,7.497017999999997,4.023,733,0.03665,True,experiments\pdno_jevLite_20260927_v3\evidence\latency_raw_v3\session1_heat_B3_s11.npz,94ec1907b3b9c52b96810af8fb8ca6887a121eea56f18e651c69f8daf849cfd4
primary,heat,B3,23,1,10,False,20000,50,host-ready policy request to projected action,20000,1.9793,6.118030999999996,3.9586,600,0.03,True,experiments\pdno_jevLite_20260927_v3\evidence\latency_raw_v3\session1_heat_B3_s23.npz,bf87e338b8119552f9975d9579701b072afeab698bafc292a3c3c200acf8b833
primary,heat,B3,37,1,10,False,20000,50,host-ready policy request to projected action,20000,1.9671,3.8626009999999997,3.9342,95,0.00475,False,experiments\pdno_jevLite_20260927_v3\evidence\latency_raw_v3\session1_heat_B3_s37.npz,cd8fd6d719b7a37b9e94ff4e5642d6ddf493a58db134ea1e2a699ca57b38bfba
primary,heat,B4,11,1,10,False,20000,50,host-ready policy request to projected action,20000,4.8157,10.293209,9.6314,2251,0.11255,True,experiments\pdno_jevLite_20260927_v3\evidence\latency_raw_v3\session1_heat_B4_s11.npz,1057843f544628e59df9c8eef3fc866b4f53e0ea1b8898a52b8df70a74fc6dca
primary,heat,B4,23,1,10,False,20000,50,host-ready policy request to projected action,20000,4.8156,10.284603999999998,9.6312,1951,0.09755,True,experiments\pdno_jevLite_20260927_v3\evidence\latency_raw_v3\session1_heat_B4_s23.npz,716e4a730db7a04d632a34885e10b26d4938ce4d86de5764b5f29dcc71889ecf
primary,heat,B4,37,1,10,False,20000,50,host-ready policy request to projected action,20000,4.8064,10.175708,9.6128,1784,0.0892,True,experiments\pdno_jevLite_20260927_v3\evidence\latency_raw_v3\session1_heat_B4_s37.npz,0b9fac15b99ec41efa4b167d854d6b6dff528172f7b29a066acfd4a201637ba8
primary,heat,B5,11,1,10,False,20000,50,host-ready policy request to projected action,20000,4.7542,10.073606,9.5084,1977,0.09885,True,experiments\pdno_jevLite_20260927_v3\evidence\latency_raw_v3\session1_heat_B5_s11.npz,5d687bd791284883b66df0c7fa0fc601de21e2ca6176a40ac248184be4c5445e
primary,heat,B5,23,1,10,False,20000,50,host-ready policy request to projected action,20000,4.7726,10.268208999999999,9.5452,1970,0.0985,True,experiments\pdno_jevLite_20260927_v3\evidence\latency_raw_v3\session1_heat_B5_s23.npz,ef2732e180b078f9809b3ca62ccba5550c1f24888ab04db875dca7d088a2a72b
primary,heat,B5,37,1,10,False,20000,50,host-ready policy request to projected action,20000,4.7693,10.254709999999998,9.5386,2138,0.1069,True,experiments\pdno_jevLite_20260927_v3\evidence\latency_raw_v3\session1_heat_B5_s37.npz,c8248679b2e8c0c58a56f49343ad005015a4b8e859b54b204c036708eebeef1d
primary,heat,P-no-rank,11,1,10,False,20000,50,host-ready policy request to projected action,20000,4.7578,10.0756,9.5156,2049,0.10245,True,experiments\pdno_jevLite_20260927_v3\evidence\latency_raw_v3\session1_heat_P-no-rank_s11.npz,7f6ffe634d7edb41e20ebef6751d1c51c5eee03c84d98477597c5decb46f66d1
primary,heat,P-no-rank,23,1,10,False,20000,50,host-ready policy request to projected action,20000,4.77135,10.127420999999996,9.5427,2225,0.11125,True,experiments\pdno_jevLite_20260927_v3\evidence\latency_raw_v3\session1_heat_P-no-rank_s23.npz,ba540cad688b12f4e2c26a9289c2bea55db71c23b06863df52e2e59ef9cfe7bc
primary,heat,P-no-rank,37,1,10,False,20000,50,host-ready policy request to projected action,20000,4.7568,10.128802,9.5136,2191,0.10955,True,experiments\pdno_jevLite_20260927_v3\evidence\latency_raw_v3\session1_heat_P-no-rank_s37.npz,9ccf513d47508e213372b9af3f97c2b75b2eb84bd7926f662931c5902af32f41
primary,heat,P,11,1,10,False,20000,50,host-ready policy request to projected action,20000,4.7523,10.1684,9.5046,1965,0.09825,True,experiments\pdno_jevLite_20260927_v3\evidence\latency_raw_v3\session1_heat_P_s11.npz,fc8a17e2be4833763ff9dded96c08b1d928cd43c4466d70c8a24a1cc289cd1cd
primary,heat,P,23,1,10,False,20000,50,host-ready policy request to projected action,20000,4.773,10.349806,9.546,2210,0.1105,True,experiments\pdno_jevLite_20260927_v3\evidence\latency_raw_v3\session1_heat_P_s23.npz,a928501c838e08dfbdc1a0cb75991e4a3daa7ea2ed3a2d25937976c442b8e7b3
primary,heat,P,37,1,10,False,20000,50,host-ready policy request to projected action,20000,4.7573,10.159021999999997,9.5146,1813,0.09065,True,experiments\pdno_jevLite_20260927_v3\evidence\latency_raw_v3\session1_heat_P_s37.npz,97c95475565dce7985eb2f23c9c73e80237debe987ca409d4f3aee2c2469d3fa
primary,burgers,B0,,2,10,False,20000,50,host-ready policy request to projected action,20000,0.5147,0.5863,1.0294,5,0.00025,False,experiments\pdno_jevLite_20260927_v3\evidence\latency_raw_v3\session2_burgers_B0_sna.npz,3731b0b9cdd07bbd1c6c0da898a0d7b9ca631ee39854d4ca9492fd1269eeb38e
primary,burgers,B1,,2,10,False,20000,50,host-ready policy request to projected action,20000,14.543849999999999,15.630500999999999,29.087699999999998,0,0.0,False,experiments\pdno_jevLite_20260927_v3\evidence\latency_raw_v3\session2_burgers_B1_sna.npz,9b3e0dc22e43a20defc0481b654907ade42eaa0f5603526fb6103178eebe541b
primary,burgers,B2,11,2,10,False,20000,50,host-ready policy request to projected action,20000,1.9075,3.7891009999999996,3.815,150,0.0075,False,experiments\pdno_jevLite_20260927_v3\evidence\latency_raw_v3\session2_burgers_B2_s11.npz,46574ee2a428177233defb2405b5b4c8c42b5ec048d9a3be18771e25cf6f0e3b
primary,burgers,B2,23,2,10,False,20000,50,host-ready policy request to projected action,20000,1.904,3.764105999999999,3.808,119,0.00595,False,experiments\pdno_jevLite_20260927_v3\evidence\latency_raw_v3\session2_burgers_B2_s23.npz,186cf08fd040190274314bee7bbd7e7bf5c83e33faf3fe0472ddde431f175ee2
primary,burgers,B2,37,2,10,False,20000,50,host-ready policy request to projected action,20000,1.8995,3.782901,3.799,164,0.0082,False,experiments\pdno_jevLite_20260927_v3\evidence\latency_raw_v3\session2_burgers_B2_s37.npz,b671e5d5687243febfd5930218cdaf87c8bd3f361ed8e2741434eeb1063190e9
primary,burgers,B3,11,2,10,False,20000,50,host-ready policy request to projected action,20000,1.9071,3.828513999999998,3.8142,231,0.01155,True,experiments\pdno_jevLite_20260927_v3\evidence\latency_raw_v3\session2_burgers_B3_s11.npz,f50f6905fa611449e053f8e439b8073746bd222e1cd820f530fa636341e6d840
primary,burgers,B3,23,2,10,False,20000,50,host-ready policy request to projected action,20000,1.9022,3.804205999999999,3.8044,200,0.01,False,experiments\pdno_jevLite_20260927_v3\evidence\latency_raw_v3\session2_burgers_B3_s23.npz,66eba4b5b80ed158b9364f46d0884593147b4007a4c5a6a9bf2a594ef22f5062
primary,burgers,B3,37,2,10,False,20000,50,host-ready policy request to projected action,20000,1.9118,3.844,3.8236,239,0.01195,True,experiments\pdno_jevLite_20260927_v3\evidence\latency_raw_v3\session2_burgers_B3_s37.npz,ef1e54432f9b9484dbd86c53000462b29656444142d242c171396b81a8e6ca63
primary,burgers,B4,11,2,10,False,20000,50,host-ready policy request to projected action,20000,3.1548499999999997,6.760504999999999,6.309699999999999,2004,0.1002,True,experiments\pdno_jevLite_20260927_v3\evidence\latency_raw_v3\session2_burgers_B4_s11.npz,7c2b05d33ffd4cc6e3166d1c87cb782da453186ca0782c10dc0d1f4bc6fd49a4
primary,burgers,B4,23,2,10,False,20000,50,host-ready policy request to projected action,20000,3.1678,6.917312999999998,6.3356,2223,0.11115,True,experiments\pdno_jevLite_20260927_v3\evidence\latency_raw_v3\session2_burgers_B4_s23.npz,9527e6ffe21d4a2caa3d23f309cde1cf6f8b9239cdf1c9e0d4c2331a828cabf7
primary,burgers,B4,37,2,10,False,20000,50,host-ready policy request to projected action,20000,3.1536,6.747204,6.3072,2160,0.108,True,experiments\pdno_jevLite_20260927_v3\evidence\latency_raw_v3\session2_burgers_B4_s37.npz,3310922d8fe605d80bbc442fec596b8009fbd6570b4e5e0420024022b4ba80a7
primary,burgers,B5,11,2,10,False,20000,50,host-ready policy request to projected action,20000,3.1272,6.782801999999999,6.2544,2409,0.12045,True,experiments\pdno_jevLite_20260927_v3\evidence\latency_raw_v3\session2_burgers_B5_s11.npz,a2e2dfb14f5e24b22ec9ebf7f3834467712d2359c3c7dba74d52cc546799e046
primary,burgers,B5,23,2,10,False,20000,50,host-ready policy request to projected action,20000,3.1157500000000002,6.725801,6.2315000000000005,2366,0.1183,True,experiments\pdno_jevLite_20260927_v3\evidence\latency_raw_v3\session2_burgers_B5_s23.npz,04444c3e8e0c7919a06cc36653e903bcf7c5b3647a89ee51b2d4e6286fe0a2c4
primary,burgers,B5,37,2,10,False,20000,50,host-ready policy request to projected action,20000,3.1133,6.718506999999999,6.2266,1704,0.0852,True,experiments\pdno_jevLite_20260927_v3\evidence\latency_raw_v3\session2_burgers_B5_s37.npz,8c8d1b271cb33b98cadb3739b4c27ff07eed015e929539bec3e43bd0cb1aa3e1
primary,burgers,P-no-rank,11,2,10,False,20000,50,host-ready policy request to projected action,20000,3.1212,6.779710999999998,6.2424,2129,0.10645,True,experiments\pdno_jevLite_20260927_v3\evidence\latency_raw_v3\session2_burgers_P-no-rank_s11.npz,850fb966b61a4587cd7b7529f87c827debeed366ced5dfdfe95b722e529800f2
primary,burgers,P-no-rank,23,2,10,False,20000,50,host-ready policy request to projected action,20000,3.1119,6.747218999999998,6.2238,1510,0.0755,True,experiments\pdno_jevLite_20260927_v3\evidence\latency_raw_v3\session2_burgers_P-no-rank_s23.npz,5739c5f9472e8179c995d714a69e55188e33cdb8af5766ee9f87aa71c4b7c971
primary,burgers,P-no-rank,37,2,10,False,20000,50,host-ready policy request to projected action,20000,3.11325,6.692415999999998,6.2265,2135,0.10675,True,experiments\pdno_jevLite_20260927_v3\evidence\latency_raw_v3\session2_burgers_P-no-rank_s37.npz,9e41b287e320376b59beb0ef2b116fe1f85e03a4b92e73697091dfdb806dac38
primary,burgers,P,11,2,10,False,20000,50,host-ready policy request to projected action,20000,3.1009,6.677301999999999,6.2018,1432,0.0716,True,experiments\pdno_jevLite_20260927_v3\evidence\latency_raw_v3\session2_burgers_P_s11.npz,a97330116d87640fe828b477dd88f1eb970da9d93b73952363142ea3fca693bd
primary,burgers,P,23,2,10,False,20000,50,host-ready policy request to projected action,20000,3.1184,6.6988069999999995,6.2368,2354,0.1177,True,experiments\pdno_jevLite_20260927_v3\evidence\latency_raw_v3\session2_burgers_P_s23.npz,7618eb87bf5e0007f1bc51cc1f1e5354a713d1ed3c075770681e21e0535c61fa
primary,burgers,P,37,2,10,False,20000,50,host-ready policy request to projected action,20000,3.1121,6.739005999999999,6.2242,2012,0.1006,True,experiments\pdno_jevLite_20260927_v3\evidence\latency_raw_v3\session2_burgers_P_s37.npz,46ada1e0cf4c01f43ffe6683f3fe422e64c1426f045005a8b0f3861c0a6b0bed
primary,heat,B0,,2,10,False,20000,50,host-ready policy request to projected action,20000,0.5519,0.6381019999999997,1.1038,8,0.0004,False,experiments\pdno_jevLite_20260927_v3\evidence\latency_raw_v3\session2_heat_B0_sna.npz,6b35b029bebef4ce61681f751d0d5a166d0e10b7c486f17b1876ea358ac1c6e4
primary,heat,B1,,2,10,False,20000,50,host-ready policy request to projected action,20000,1.6604,1.9162009999999998,3.3208,0,0.0,False,experiments\pdno_jevLite_20260927_v3\evidence\latency_raw_v3\session2_heat_B1_sna.npz,8a1348e9e13afc9d0da6dc408e111547c1e9bc4419f5bbd77d8d8445648e6c0c
primary,heat,B2,11,2,10,False,20000,50,host-ready policy request to projected action,20000,1.9664,3.8594009999999996,3.9328,85,0.00425,False,experiments\pdno_jevLite_20260927_v3\evidence\latency_raw_v3\session2_heat_B2_s11.npz,1ac69a5445728492ee7f791033949c4ddd89c133bad6f1ddb28e74166aa49985
primary,heat,B2,23,2,10,False,20000,50,host-ready policy request to projected action,20000,1.95965,3.835306999999999,3.9193,79,0.00395,False,experiments\pdno_jevLite_20260927_v3\evidence\latency_raw_v3\session2_heat_B2_s23.npz,aca798f1479e32653bd57709e5f6e8beb8d1aa57a4328142c9188f80bbab1e81
primary,heat,B2,37,2,10,False,20000,50,host-ready policy request to projected action,20000,1.9642,3.8516019999999997,3.9284,89,0.00445,False,experiments\pdno_jevLite_20260927_v3\evidence\latency_raw_v3\session2_heat_B2_s37.npz,625af778d52d96c0241418218d753501bb3562bf9adf76da456bd169e1cba777
primary,heat,B3,11,2,10,False,20000,50,host-ready policy request to projected action,20000,1.9621,3.8633029999999997,3.9242,95,0.00475,False,experiments\pdno_jevLite_20260927_v3\evidence\latency_raw_v3\session2_heat_B3_s11.npz,9481177f85c4a5aaa5be36bcf1c11f60fc4ae28ca49c9adcff568d350828d404
primary,heat,B3,23,2,10,False,20000,50,host-ready policy request to projected action,20000,1.9642499999999998,3.835411999999998,3.9284999999999997,120,0.006,False,experiments\pdno_jevLite_20260927_v3\evidence\latency_raw_v3\session2_heat_B3_s23.npz,78ac6384fad79e3d5a48497cd4664509c819ad6147295b119579a3cf9ec76d6b
primary,heat,B3,37,2,10,False,20000,50,host-ready policy request to projected action,20000,1.9661,3.8736039999999994,3.9322,103,0.00515,False,experiments\pdno_jevLite_20260927_v3\evidence\latency_raw_v3\session2_heat_B3_s37.npz,3558c35fa6e8b8a6bcc6f42742629f25a0a10770c1d794d9e397a30afd5f3826
primary,heat,B4,11,2,10,False,20000,50,host-ready policy request to projected action,20000,4.8141,10.215504,9.6282,2089,0.10445,True,experiments\pdno_jevLite_20260927_v3\evidence\latency_raw_v3\session2_heat_B4_s11.npz,b4b21f25c36891c9b827d592dae4b18e572d2798dcec3432ddc1e76fc189d7f5
primary,heat,B4,23,2,10,False,20000,50,host-ready policy request to projected action,20000,4.7966,10.060218999999996,9.5932,1877,0.09385,True,experiments\pdno_jevLite_20260927_v3\evidence\latency_raw_v3\session2_heat_B4_s23.npz,46a1b62076814c01eab59d5af6d801bf87b8c926c5ba72923ff2da6c32cf7daa
primary,heat,B4,37,2,10,False,20000,50,host-ready policy request to projected action,20000,4.81095,10.228405,9.6219,1949,0.09745,True,experiments\pdno_jevLite_20260927_v3\evidence\latency_raw_v3\session2_heat_B4_s37.npz,555c818ea3aa62eb52c323d3846752d8c28302ab19195bc2b4d8fd4f03d495da
primary,heat,B5,11,2,10,False,20000,50,host-ready policy request to projected action,20000,4.7591,10.143215999999997,9.5182,1969,0.09845,True,experiments\pdno_jevLite_20260927_v3\evidence\latency_raw_v3\session2_heat_B5_s11.npz,16db725a61ec460be2df8b3fc5a6c72f8a479d0b4de372f7e615fb26de1b7dc8
primary,heat,B5,23,2,10,False,20000,50,host-ready policy request to projected action,20000,4.74175,10.122601,9.4835,1961,0.09805,True,experiments\pdno_jevLite_20260927_v3\evidence\latency_raw_v3\session2_heat_B5_s23.npz,0b6b0f360c6566696655f4db7b876aa2949da1b91cfc510475a794f15b260dc4
primary,heat,B5,37,2,10,False,20000,50,host-ready policy request to projected action,20000,4.7411,10.052819999999997,9.4822,2072,0.1036,True,experiments\pdno_jevLite_20260927_v3\evidence\latency_raw_v3\session2_heat_B5_s37.npz,5a31e90ee8875c7b1864d7935b893eb635c0fd5fb3ba0e081a5a4d8add360087
primary,heat,P-no-rank,11,2,10,False,20000,50,host-ready policy request to projected action,20000,4.7504,10.119601,9.5008,1774,0.0887,True,experiments\pdno_jevLite_20260927_v3\evidence\latency_raw_v3\session2_heat_P-no-rank_s11.npz,2d1675f6b91a0b240ac003ca0f46e7ca19afbc4ce17027fee3577b132c1b284e
primary,heat,P-no-rank,23,2,10,False,20000,50,host-ready policy request to projected action,20000,4.7582,10.170505,9.5164,1872,0.0936,True,experiments\pdno_jevLite_20260927_v3\evidence\latency_raw_v3\session2_heat_P-no-rank_s23.npz,824d64f4d63854d95eff41019070a9bd82bf852e39cb93717dc5896e0d2eb5d0
primary,heat,P-no-rank,37,2,10,False,20000,50,host-ready policy request to projected action,20000,4.74735,10.1128,9.4947,2257,0.11285,True,experiments\pdno_jevLite_20260927_v3\evidence\latency_raw_v3\session2_heat_P-no-rank_s37.npz,d0267734329b32c72885304f5bd5898c631e6b326e60e0e6a539d8c8ad540ded
primary,heat,P,11,2,10,False,20000,50,host-ready policy request to projected action,20000,4.75575,10.092101,9.5115,2106,0.1053,True,experiments\pdno_jevLite_20260927_v3\evidence\latency_raw_v3\session2_heat_P_s11.npz,d630a4359723726b1b029e748b4eb1989703124500b53f7652339133e3d7813c
primary,heat,P,23,2,10,False,20000,50,host-ready policy request to projected action,20000,4.7428,10.090718999999996,9.4856,1729,0.08645,True,experiments\pdno_jevLite_20260927_v3\evidence\latency_raw_v3\session2_heat_P_s23.npz,aacdf6dd5daf3d19718d4b85e95ec2098cd5440e1234719f506be2a50da7eda4
primary,heat,P,37,2,10,False,20000,50,host-ready policy request to projected action,20000,4.7475,10.042821999999996,9.495,1986,0.0993,True,experiments\pdno_jevLite_20260927_v3\evidence\latency_raw_v3\session2_heat_P_s37.npz,e142e8a0d5839ad3179fa3cea36fac8180b5c3f5d8d51a45b700cf584f4c28e0
primary,burgers,B0,,3,10,False,20000,50,host-ready policy request to projected action,20000,0.5175,0.6045009999999998,1.035,14,0.0007,False,experiments\pdno_jevLite_20260927_v3\evidence\latency_raw_v3\session3_burgers_B0_sna.npz,2b5b7210afeedad2165a0b8d7004ccfac9e69635d49469ac8d3c45f3f67078e9
primary,burgers,B1,,3,10,False,20000,50,host-ready policy request to projected action,20000,14.51705,15.610600999999999,29.0341,0,0.0,False,experiments\pdno_jevLite_20260927_v3\evidence\latency_raw_v3\session3_burgers_B1_sna.npz,7eb25f7430edf37cdd27c001ce12db37f47005840d34e07f67bf30911da6660a
primary,burgers,B2,11,3,10,False,20000,50,host-ready policy request to projected action,20000,1.9103,3.8032029999999994,3.8206,160,0.008,False,experiments\pdno_jevLite_20260927_v3\evidence\latency_raw_v3\session3_burgers_B2_s11.npz,f71b6116cd3e37663aa51a1ade6de15247ab7d761b7572c2ded9a00b9ec75569
primary,burgers,B2,23,3,10,False,20000,50,host-ready policy request to projected action,20000,1.9099,3.759005999999999,3.8198,89,0.00445,False,experiments\pdno_jevLite_20260927_v3\evidence\latency_raw_v3\session3_burgers_B2_s23.npz,a5c471e227af7bd218db268a184a8cb4e2d0eaebeae516eb5a445546277f5c2b
primary,burgers,B2,37,3,10,False,20000,50,host-ready policy request to projected action,20000,1.9025,3.814113999999998,3.805,216,0.0108,True,experiments\pdno_jevLite_20260927_v3\evidence\latency_raw_v3\session3_burgers_B2_s37.npz,426793ea5dd729e72f65390c2498fdc65660bba75afeac038fbb1fc41c3dd78a
primary,burgers,B3,11,3,10,False,20000,50,host-ready policy request to projected action,20000,1.913,3.8443099999999983,3.826,259,0.01295,True,experiments\pdno_jevLite_20260927_v3\evidence\latency_raw_v3\session3_burgers_B3_s11.npz,18743ec220369bce60e4381f8cc3c7804f25329cb2761c7f46a51558778bb78f
primary,burgers,B3,23,3,10,False,20000,50,host-ready policy request to projected action,20000,1.921,3.9196029999999995,3.842,307,0.01535,True,experiments\pdno_jevLite_20260927_v3\evidence\latency_raw_v3\session3_burgers_B3_s23.npz,95d91d89d1d5eb9b0208c407b53e5bdc04d63f4940ff744a6087fd6fe4d92ea4
primary,burgers,B3,37,3,10,False,20000,50,host-ready policy request to projected action,20000,1.9097,3.820702,3.8194,202,0.0101,True,experiments\pdno_jevLite_20260927_v3\evidence\latency_raw_v3\session3_burgers_B3_s37.npz,a2c196fab2f7401432c0a351cb36a8e175a6b155fd2573cad0576d2853694912
primary,burgers,B4,11,3,10,False,20000,50,host-ready policy request to projected action,20000,3.1508,6.806201999999999,6.3016,2119,0.10595,True,experiments\pdno_jevLite_20260927_v3\evidence\latency_raw_v3\session3_burgers_B4_s11.npz,a41f7421fbb92325583b027a8d1ca5886d5348b98980567371b9b9bc41ae071f
primary,burgers,B4,23,3,10,False,20000,50,host-ready policy request to projected action,20000,3.1487,6.7600039999999995,6.2974,1902,0.0951,True,experiments\pdno_jevLite_20260927_v3\evidence\latency_raw_v3\session3_burgers_B4_s23.npz,ed5a012c918f8e28c81802afc7a394c8fad3e522b054506edc7ad4cf35d9dec5
primary,burgers,B4,37,3,10,False,20000,50,host-ready policy request to projected action,20000,3.1701,6.828449999999992,6.3402,2554,0.1277,True,experiments\pdno_jevLite_20260927_v3\evidence\latency_raw_v3\session3_burgers_B4_s37.npz,2a595205c36f77d42d06ca1c74e68c0da730a3cd211b360ab757f1b2e065881f
primary,burgers,B5,11,3,10,False,20000,50,host-ready policy request to projected action,20000,3.1197,6.758004,6.2394,2306,0.1153,True,experiments\pdno_jevLite_20260927_v3\evidence\latency_raw_v3\session3_burgers_B5_s11.npz,9b65f04d18c608da8d2a9d7c5e92e3fbc26f277c163d5b918cdfbde96a85e85b
primary,burgers,B5,23,3,10,False,20000,50,host-ready policy request to projected action,20000,3.1329,6.7646,6.2658,1643,0.08215,True,experiments\pdno_jevLite_20260927_v3\evidence\latency_raw_v3\session3_burgers_B5_s23.npz,5d6164ccb1749eb1cebf06fcdd83814af815cf090541b41316af9f33ed3fbe21
primary,burgers,B5,37,3,10,False,20000,50,host-ready policy request to projected action,20000,3.1157,6.726406999999999,6.2314,2311,0.11555,True,experiments\pdno_jevLite_20260927_v3\evidence\latency_raw_v3\session3_burgers_B5_s37.npz,d16169c1c964105ac4dc07ce477723e014dbdb7e83a72e4e313059ec30ed6c08
primary,burgers,P-no-rank,11,3,10,False,20000,50,host-ready policy request to projected action,20000,3.1166,6.655901,6.2332,2090,0.1045,True,experiments\pdno_jevLite_20260927_v3\evidence\latency_raw_v3\session3_burgers_P-no-rank_s11.npz,655a138267cacf30529a15c0e2f2068284885325353c941afc2d4eb5a46b7a98
primary,burgers,P-no-rank,23,3,10,False,20000,50,host-ready policy request to projected action,20000,3.10205,6.590009999999999,6.2041,1468,0.0734,True,experiments\pdno_jevLite_20260927_v3\evidence\latency_raw_v3\session3_burgers_P-no-rank_s23.npz,e084f8cb768fd17d8c793ee132e52f0615e81901e5901ef5515758674b5eb195
primary,burgers,P-no-rank,37,3,10,False,20000,50,host-ready policy request to projected action,20000,3.1152,6.730303999999999,6.2304,2296,0.1148,True,experiments\pdno_jevLite_20260927_v3\evidence\latency_raw_v3\session3_burgers_P-no-rank_s37.npz,b7d1bab3ff649d50b6be07f818977058d0f1d1ed928f6df851ab100d4eec7356
primary,burgers,P,11,3,10,False,20000,50,host-ready policy request to projected action,20000,3.10445,6.636901,6.2089,1835,0.09175,True,experiments\pdno_jevLite_20260927_v3\evidence\latency_raw_v3\session3_burgers_P_s11.npz,59c3c60aebea6851e50fd57d0037625a0c57e68cae3fc2b8db18c47b7724fc28
primary,burgers,P,23,3,10,False,20000,50,host-ready policy request to projected action,20000,3.121,6.732101999999999,6.242,1849,0.09245,True,experiments\pdno_jevLite_20260927_v3\evidence\latency_raw_v3\session3_burgers_P_s23.npz,357dae405b9961516998b6f42d6ad1776c2cac99aac000bbf68416af942b95aa
primary,burgers,P,37,3,10,False,20000,50,host-ready policy request to projected action,20000,3.1156,6.6775,6.2312,1567,0.07835,True,experiments\pdno_jevLite_20260927_v3\evidence\latency_raw_v3\session3_burgers_P_s37.npz,d052f49b510297a1a0e80cf1e6052756e2cf10a19e85da4711a8557ffce10aff
primary,heat,B0,,3,10,False,20000,50,host-ready policy request to projected action,20000,0.5496,0.6322009999999998,1.0992,2,0.0001,False,experiments\pdno_jevLite_20260927_v3\evidence\latency_raw_v3\session3_heat_B0_sna.npz,ccad8c834cc5db55010ea8f000748f8392bbc08fccf17f4e4e6b7a532949e27a
primary,heat,B1,,3,10,False,20000,50,host-ready policy request to projected action,20000,1.665,1.8798,3.33,0,0.0,False,experiments\pdno_jevLite_20260927_v3\evidence\latency_raw_v3\session3_heat_B1_sna.npz,87f52fd7f968f933b24db4ee2ec35f6da416567b625aef6b760a5c455aaf98d9
primary,heat,B2,11,3,10,False,20000,50,host-ready policy request to projected action,20000,1.9622,3.8749009999999995,3.9244,128,0.0064,False,experiments\pdno_jevLite_20260927_v3\evidence\latency_raw_v3\session3_heat_B2_s11.npz,71fd389c110b06af2e61451b4080ed6f18ba58ec7cccdb77cc9739937a40b6c2
primary,heat,B2,23,3,10,False,20000,50,host-ready policy request to projected action,20000,1.9578,3.8553039999999994,3.9156,89,0.00445,False,experiments\pdno_jevLite_20260927_v3\evidence\latency_raw_v3\session3_heat_B2_s23.npz,b7ed558c47da86c67fb90b7b25ce6c2fc4cf7d61fe57987270ba7789758e3254
primary,heat,B2,37,3,10,False,20000,50,host-ready policy request to projected action,20000,1.9733,3.9757079999999987,3.9466,280,0.014,True,experiments\pdno_jevLite_20260927_v3\evidence\latency_raw_v3\session3_heat_B2_s37.npz,45dfbab086f2c0e35265f3174a31cc654db3760af607f075b58d61997edb565c
primary,heat,B3,11,3,10,False,20000,50,host-ready policy request to projected action,20000,1.9728,3.9208079999999987,3.9456,152,0.0076,False,experiments\pdno_jevLite_20260927_v3\evidence\latency_raw_v3\session3_heat_B3_s11.npz,7fb51c94f2bcff50d9a10d4d27638f06c3bd7e70589c2b8865bacc3958906308
primary,heat,B3,23,3,10,False,20000,50,host-ready policy request to projected action,20000,1.9721,3.8289069999999987,3.9442,57,0.00285,False,experiments\pdno_jevLite_20260927_v3\evidence\latency_raw_v3\session3_heat_B3_s23.npz,5179a44fa14188b1a28b31afc36b4fd1dfe473975152e2060484c98317be1ae3
primary,heat,B3,37,3,10,False,20000,50,host-ready policy request to projected action,20000,1.9808,3.843102,3.9616,59,0.00295,False,experiments\pdno_jevLite_20260927_v3\evidence\latency_raw_v3\session3_heat_B3_s37.npz,f9d79bc5fb3ab9468f5527bbbeb1a923517e0efd177ef50c06327c1ac25ad242
primary,heat,B4,11,3,10,False,20000,50,host-ready policy request to projected action,20000,4.81,10.281708,9.62,1491,0.07455,True,experiments\pdno_jevLite_20260927_v3\evidence\latency_raw_v3\session3_heat_B4_s11.npz,b52c3705120790eb7fb4cf144c725e8eb538f555aa6931c831de5f4cc2bff37c
primary,heat,B4,23,3,10,False,20000,50,host-ready policy request to projected action,20000,4.7966,10.140902,9.5932,1941,0.09705,True,experiments\pdno_jevLite_20260927_v3\evidence\latency_raw_v3\session3_heat_B4_s23.npz,17a5cd2314857978fb0d3738856d3e0431f631e87dffcf1f60a954978d13900d
primary,heat,B4,37,3,10,False,20000,50,host-ready policy request to projected action,20000,4.8035,10.174311,9.607,1682,0.0841,True,experiments\pdno_jevLite_20260927_v3\evidence\latency_raw_v3\session3_heat_B4_s37.npz,995a2d54c9a99a9253572d393e18e1a36cdbb4bf5d49d6152a2fbe03d74572b0
primary,heat,B5,11,3,10,False,20000,50,host-ready policy request to projected action,20000,4.77755,10.181002,9.5551,1839,0.09195,True,experiments\pdno_jevLite_20260927_v3\evidence\latency_raw_v3\session3_heat_B5_s11.npz,bfd791f7353c1d2247293638c437e09a73d94e6d48178e1b9f76a1525c442cd8
primary,heat,B5,23,3,10,False,20000,50,host-ready policy request to projected action,20000,4.75015,10.111943999999994,9.5003,1705,0.08525,True,experiments\pdno_jevLite_20260927_v3\evidence\latency_raw_v3\session3_heat_B5_s23.npz,c38e21de6d3d21c8b0c59a788ea9dc14de717c5f80125c1b31c2db07cfa9fc98
primary,heat,B5,37,3,10,False,20000,50,host-ready policy request to projected action,20000,4.747,10.036610999999999,9.494,2126,0.1063,True,experiments\pdno_jevLite_20260927_v3\evidence\latency_raw_v3\session3_heat_B5_s37.npz,9d25f76dd453f0f172c87e96b4c1013c3464e26255bdfeebe450d2149b119721
primary,heat,P-no-rank,11,3,10,False,20000,50,host-ready policy request to projected action,20000,4.7716,10.300711999999999,9.5432,2103,0.10515,True,experiments\pdno_jevLite_20260927_v3\evidence\latency_raw_v3\session3_heat_P-no-rank_s11.npz,560875af7a84cf5a2e81b73ddd2e054da7ede5e414bbc7c5d3da9bb4e6f0c631
primary,heat,P-no-rank,23,3,10,False,20000,50,host-ready policy request to projected action,20000,4.7568,10.069220999999997,9.5136,1803,0.09015,True,experiments\pdno_jevLite_20260927_v3\evidence\latency_raw_v3\session3_heat_P-no-rank_s23.npz,16b0e84a6f5db22e66c38f126ad27eadf17df494af39a3d8dbee24d33454ad6c
primary,heat,P-no-rank,37,3,10,False,20000,50,host-ready policy request to projected action,20000,4.7505,10.192305,9.501,1893,0.09465,True,experiments\pdno_jevLite_20260927_v3\evidence\latency_raw_v3\session3_heat_P-no-rank_s37.npz,f63c4097797cb7a04cf0f3f633d9f2b6774b7b34b24da4b1a1bfb506ce2af7d7
primary,heat,P,11,3,10,False,20000,50,host-ready policy request to projected action,20000,4.7659,10.085002000000001,9.5318,1886,0.0943,True,experiments\pdno_jevLite_20260927_v3\evidence\latency_raw_v3\session3_heat_P_s11.npz,a679638ee3141bc16bca4358f999a8556f49d6c6aac289df3c3ba120f51900a6
primary,heat,P,23,3,10,False,20000,50,host-ready policy request to projected action,20000,4.7523,10.069321999999996,9.5046,1893,0.09465,True,experiments\pdno_jevLite_20260927_v3\evidence\latency_raw_v3\session3_heat_P_s23.npz,701bc778fd3f62bbdf104213040a8429f2130e21dc036b368d23836d50c765fd
primary,heat,P,37,3,10,False,20000,50,host-ready policy request to projected action,20000,4.7539,10.100413999999999,9.5078,1766,0.0883,True,experiments\pdno_jevLite_20260927_v3\evidence\latency_raw_v3\session3_heat_P_s37.npz,c8b25d690f23a5bd2479d97648ccdd12b0e851c9501ecfae5bff6ee10a38acaf
followup,burgers,B4,37,1,100,False,5000,50,stored observation to validated host action including transfer of selected forecast as in original implementation; one-time cache setup excluded,5000,3.54305,7.9737100000000005,7.0861,379,0.0758,True,runs\revision_v2\results\E2_raw\session1_burgers_B4_s37_K100_cache0.npz,1775184b223ff4bfedcacd43569fe79c88613f52699ad6401d7a55be8b1cdc62
followup,burgers,B4,11,1,50,False,5000,50,stored observation to validated host action including transfer of selected forecast as in original implementation; one-time cache setup excluded,5000,3.29975,6.867184000000002,6.5995,218,0.0436,True,runs\revision_v2\results\E2_raw\session1_burgers_B4_s11_K50_cache0.npz,791c134b82c2e61e7e68ac388b8c0f94613fb5511cd7956e61c6b648bcae2fca
followup,burgers,B4,23,1,50,True,5000,50,stored observation to validated host action including transfer of selected forecast as in original implementation; one-time cache setup excluded,5000,2.671,5.376110000000001,5.342,67,0.0134,True,runs\revision_v2\results\E2_raw\session1_burgers_B4_s23_K50_cache1.npz,be78551515ca428daa246cd7fbea0cf8a7a09c93bdc53c1e886b2901b82db624
followup,heat,P,11,1,50,False,5000,50,stored observation to validated host action including transfer of selected forecast as in original implementation; one-time cache setup excluded,5000,4.9749,10.79891,9.9498,691,0.1382,True,runs\revision_v2\results\E2_raw\session1_heat_P_s11_K50_cache0.npz,43cdf1fc17e784575caea77f7077e79123dee6f46a809dc8b58e155cb72f85ff
followup,burgers,P,23,1,10,False,5000,50,stored observation to validated host action including transfer of selected forecast as in original implementation; one-time cache setup excluded,5000,3.0971,6.719707,6.1942,493,0.0986,True,runs\revision_v2\results\E2_raw\session1_burgers_P_s23_K10_cache0.npz,e258d043c8a5e6c599b9fb678838f998d633db6bda21aa2de952f293f68fead4
followup,burgers,P,37,1,100,True,5000,50,stored observation to validated host action including transfer of selected forecast as in original implementation; one-time cache setup excluded,5000,2.8132,5.618526000000001,5.6264,47,0.0094,False,runs\revision_v2\results\E2_raw\session1_burgers_P_s37_K100_cache1.npz,71aaa01e1a1aa8f71e45b929d0d862f3ff9eb19df83f965d2958b0c2420e56e3
followup,burgers,P,23,1,100,False,5000,50,stored observation to validated host action including transfer of selected forecast as in original implementation; one-time cache setup excluded,5000,3.41885,6.9709140000000005,6.8377,157,0.0314,True,runs\revision_v2\results\E2_raw\session1_burgers_P_s23_K100_cache0.npz,a77acda98e0343efa9d298ac0d3b5ef868223efb6ec733d08738840e61a9561e
followup,heat,B4,23,1,100,False,5000,50,stored observation to validated host action including transfer of selected forecast as in original implementation; one-time cache setup excluded,5000,5.100099999999999,10.462701,10.200199999999999,222,0.0444,True,runs\revision_v2\results\E2_raw\session1_heat_B4_s23_K100_cache0.npz,58b8a79092bfec6915b397c89c0984b95df0f4635d1d4611e69ffe9e872680f6
followup,burgers,P,23,1,200,True,5000,50,stored observation to validated host action including transfer of selected forecast as in original implementation; one-time cache setup excluded,5000,3.14255,5.832639000000001,6.2851,7,0.0014,False,runs\revision_v2\results\E2_raw\session1_burgers_P_s23_K200_cache1.npz,23ce26d0d5ef210c110a363f10fc9ca01aabe6da4e8757be62ab3dc7bdf9bd6f
followup,burgers,B4,37,1,200,True,5000,50,stored observation to validated host action including transfer of selected forecast as in original implementation; one-time cache setup excluded,5000,3.2223,6.462129000000001,6.4446,57,0.0114,True,runs\revision_v2\results\E2_raw\session1_burgers_B4_s37_K200_cache1.npz,51856a6fe9ac1f397b236c7e34d4aefc71da8f4f9216248d5309054d3a3a1c7e
followup,heat,B4,37,1,50,True,5000,50,stored observation to validated host action including transfer of selected forecast as in original implementation; one-time cache setup excluded,5000,2.8394,5.682213,5.6788,52,0.0104,True,runs\revision_v2\results\E2_raw\session1_heat_B4_s37_K50_cache1.npz,3661653a3c73e2becc42bb5f35278ca9d1468258588826cda4a144890da51aea
followup,burgers,B4,23,1,25,True,5000,50,stored observation to validated host action including transfer of selected forecast as in original implementation; one-time cache setup excluded,5000,2.60025,5.341131000000001,5.2005,102,0.0204,True,runs\revision_v2\results\E2_raw\session1_burgers_B4_s23_K25_cache1.npz,066aefc8665119befed66bdec0d7b88f53977666b997e947f1841f7fae3392b4
followup,heat,P,11,1,10,True,5000,50,stored observation to validated host action including transfer of selected forecast as in original implementation; one-time cache setup excluded,5000,2.62635,5.299203,5.2527,81,0.0162,True,runs\revision_v2\results\E2_raw\session1_heat_P_s11_K10_cache1.npz,b1095c2c5fc94a9edf39618d6942f6498c380573271b58db271c004364b5a094
followup,heat,P,23,1,200,True,5000,50,stored observation to validated host action including transfer of selected forecast as in original implementation; one-time cache setup excluded,5000,3.2935,6.086825000000001,6.587,4,0.0008,False,runs\revision_v2\results\E2_raw\session1_heat_P_s23_K200_cache1.npz,892080c1fc562dcee0b5dc5257236d7b15e294ea0d845029ed1ed133544ba2b0
followup,burgers,B4,11,1,10,False,5000,50,stored observation to validated host action including transfer of selected forecast as in original implementation; one-time cache setup excluded,5000,3.1224499999999997,6.763624000000001,6.2448999999999995,744,0.1488,True,runs\revision_v2\results\E2_raw\session1_burgers_B4_s11_K10_cache0.npz,513b1447030da172fc742bee782bb638cac9a2ded5517edd72f71bc413c50801
followup,burgers,P,37,1,200,True,5000,50,stored observation to validated host action including transfer of selected forecast as in original implementation; one-time cache setup excluded,5000,3.1248,5.788702000000001,6.2496,4,0.0008,False,runs\revision_v2\results\E2_raw\session1_burgers_P_s37_K200_cache1.npz,9a4b321d47afe5eac52088f056fefb740ecb1a5fc308ddb25cb2e6a1c077822b
followup,heat,P,11,1,25,True,5000,50,stored observation to validated host action including transfer of selected forecast as in original implementation; one-time cache setup excluded,5000,2.7111,5.476512,5.4222,77,0.0154,True,runs\revision_v2\results\E2_raw\session1_heat_P_s11_K25_cache1.npz,495ce2c6bcac8c153d7edf1750d31973077cc92391714965adbaf30bda986812
followup,heat,P,23,1,25,False,5000,50,stored observation to validated host action including transfer of selected forecast as in original implementation; one-time cache setup excluded,5000,4.7976,10.045834000000001,9.5952,458,0.0916,True,runs\revision_v2\results\E2_raw\session1_heat_P_s23_K25_cache0.npz,4afb4b37bdd80a000c6ec1d3016684f72e79e01fc1be50294f17bddd741f9092
followup,burgers,P,11,1,200,False,5000,50,stored observation to validated host action including transfer of selected forecast as in original implementation; one-time cache setup excluded,5000,3.7529500000000002,7.385617000000001,7.5059000000000005,15,0.003,False,runs\revision_v2\results\E2_raw\session1_burgers_P_s11_K200_cache0.npz,9c98c1636a5b351c9d92fda10d29718ac50562909422ff7cbaa4e9861e00fb43
followup,burgers,B4,37,1,200,False,5000,50,stored observation to validated host action including transfer of selected forecast as in original implementation; one-time cache setup excluded,5000,3.7827,7.37062,7.5654,13,0.0026,False,runs\revision_v2\results\E2_raw\session1_burgers_B4_s37_K200_cache0.npz,4788f80ce5e4b3e491d3123bfb551201904a3395eea3dfcd2b0e6710c69cb3c3
followup,burgers,P,11,1,50,False,5000,50,stored observation to validated host action including transfer of selected forecast as in original implementation; one-time cache setup excluded,5000,3.2437,6.73032,6.4874,294,0.0588,True,runs\revision_v2\results\E2_raw\session1_burgers_P_s11_K50_cache0.npz,71a7e96f639b4043b363dcd9bc180e9439d5cad5654b6029217d26def83387be
followup,burgers,B4,23,1,10,False,5000,50,stored observation to validated host action including transfer of selected forecast as in original implementation; one-time cache setup excluded,5000,3.1275,6.642018000000001,6.255,600,0.12,True,runs\revision_v2\results\E2_raw\session1_burgers_B4_s23_K10_cache0.npz,8b6a30492c1903392821c880ebd8d5bdafa4929ffaa03d4da01140c8b0dd6dba
followup,burgers,B4,37,1,25,False,5000,50,stored observation to validated host action including transfer of selected forecast as in original implementation; one-time cache setup excluded,5000,3.2102000000000004,6.806848000000001,6.420400000000001,446,0.0892,True,runs\revision_v2\results\E2_raw\session1_burgers_B4_s37_K25_cache0.npz,02c3b61793ba253883eb0b7a09776604574feb4f2fc7a9f6e2991af7e29784cc
followup,heat,B4,11,1,10,True,5000,50,stored observation to validated host action including transfer of selected forecast as in original implementation; one-time cache setup excluded,5000,2.65735,5.445601,5.3147,138,0.0276,True,runs\revision_v2\results\E2_raw\session1_heat_B4_s11_K10_cache1.npz,8988745cf6120b0bb26369e0217ff5c7abc1e146a1d4f80091c2e08a4482f7d9
followup,burgers,P,37,1,50,False,5000,50,stored observation to validated host action including transfer of selected forecast as in original implementation; one-time cache setup excluded,5000,3.23685,6.800211000000001,6.4737,313,0.0626,True,runs\revision_v2\results\E2_raw\session1_burgers_P_s37_K50_cache0.npz,aba77aa3a737974ea26a7fc723cf60044b921b0864803143d06c3b4e03457ce1
followup,burgers,P,37,1,10,True,5000,50,stored observation to validated host action including transfer of selected forecast as in original implementation; one-time cache setup excluded,5000,2.448,4.851965000000001,4.896,34,0.0068,False,runs\revision_v2\results\E2_raw\session1_burgers_P_s37_K10_cache1.npz,1878b02fb98d8e50e1dccd5bbb3d98fe9790cc6f16de0d68795ca110fd6d188a
followup,heat,P,11,1,100,False,5000,50,stored observation to validated host action including transfer of selected forecast as in original implementation; one-time cache setup excluded,5000,5.0151,10.256512,10.0302,168,0.0336,True,runs\revision_v2\results\E2_raw\session1_heat_P_s11_K100_cache0.npz,3640b86eeb34f9fc3e193017b5c64278bf116dff76561c44d52515c502f643c5
followup,heat,B4,37,1,200,True,5000,50,stored observation to validated host action including transfer of selected forecast as in original implementation; one-time cache setup excluded,5000,3.3289,6.028613,6.6578,1,0.0002,False,runs\revision_v2\results\E2_raw\session1_heat_B4_s37_K200_cache1.npz,d2016d6f3dd545c14fce3f8c670484b4b7df48740ac945698a66c45fe05d95ba
followup,burgers,P,11,1,200,True,5000,50,stored observation to validated host action including transfer of selected forecast as in original implementation; one-time cache setup excluded,5000,3.12175,5.665621000000001,6.2435,1,0.0002,False,runs\revision_v2\results\E2_raw\session1_burgers_P_s11_K200_cache1.npz,7b43299be1e91d786d015b6274ef4c520700bf6a5c90028e6cdfe0b83bbd1dff
followup,heat,B4,11,1,25,False,5000,50,stored observation to validated host action including transfer of selected forecast as in original implementation; one-time cache setup excluded,5000,4.8363,10.166845000000002,9.6726,396,0.0792,True,runs\revision_v2\results\E2_raw\session1_heat_B4_s11_K25_cache0.npz,910c540ea6523e50cc42a2485a2886c1930ad27be51223ca594bfd9cf345fc20
followup,burgers,P,11,1,100,True,5000,50,stored observation to validated host action including transfer of selected forecast as in original implementation; one-time cache setup excluded,5000,2.79265,5.312105,5.5853,7,0.0014,False,runs\revision_v2\results\E2_raw\session1_burgers_P_s11_K100_cache1.npz,5134a06c11c8ed996528651b780a352c48a1455968b461d6f771342bbc4fe537
followup,heat,B4,37,1,25,True,5000,50,stored observation to validated host action including transfer of selected forecast as in original implementation; one-time cache setup excluded,5000,2.76795,6.043084000000006,5.5359,132,0.0264,True,runs\revision_v2\results\E2_raw\session1_heat_B4_s37_K25_cache1.npz,917793775639f4827b4982ac901a0f043fe8bdfb5fca9a84139daa28ca370da8
followup,burgers,P,11,1,25,False,5000,50,stored observation to validated host action including transfer of selected forecast as in original implementation; one-time cache setup excluded,5000,3.2331,13.735505000000023,6.4662,864,0.1728,True,runs\revision_v2\results\E2_raw\session1_burgers_P_s11_K25_cache0.npz,14a82fcf59ceced295f463809e39f68105cddf4b104adef971657e1cab448683
followup,burgers,P,37,1,200,False,5000,50,stored observation to validated host action including transfer of selected forecast as in original implementation; one-time cache setup excluded,5000,3.8427,14.699673000000004,7.6854,411,0.0822,True,runs\revision_v2\results\E2_raw\session1_burgers_P_s37_K200_cache0.npz,cd433eecc234cff0dd2efdce08cf07dedd7cf57df9f5879eca986faf0bafaa13
followup,burgers,B4,11,1,100,True,5000,50,stored observation to validated host action including transfer of selected forecast as in original implementation; one-time cache setup excluded,5000,2.8921,11.104635000000004,5.7842,149,0.0298,True,runs\revision_v2\results\E2_raw\session1_burgers_B4_s11_K100_cache1.npz,f96801add2382937868c228a7f8d2bcee87db7019d6863ddaabb381e59d6e307
followup,heat,P,11,1,50,True,5000,50,stored observation to validated host action including transfer of selected forecast as in original implementation; one-time cache setup excluded,5000,2.8992,13.428364000000006,5.7984,552,0.1104,True,runs\revision_v2\results\E2_raw\session1_heat_P_s11_K50_cache1.npz,fe1715d69cd3206b413872d54a04e5bd428a2c747bf6e61bca8e6f6417d70cb3
followup,heat,P,37,1,100,False,5000,50,stored observation to validated host action including transfer of selected forecast as in original implementation; one-time cache setup excluded,5000,5.3196,18.994144000000002,10.6392,1031,0.2062,True,runs\revision_v2\results\E2_raw\session1_heat_P_s37_K100_cache0.npz,ba1702fa0c1cc54551fa26c9a3379ccca100a0f054eeab5310de19c4231ad161
followup,heat,B4,11,1,200,True,5000,50,stored observation to validated host action including transfer of selected forecast as in original implementation; one-time cache setup excluded,5000,3.4878,14.073550000000001,6.9756,571,0.1142,True,runs\revision_v2\results\E2_raw\session1_heat_B4_s11_K200_cache1.npz,31c5b0cff4e20468a870718aa81275165940a16efb37dd67d9bb6467ab42e853
followup,heat,P,23,1,100,True,5000,50,stored observation to validated host action including transfer of selected forecast as in original implementation; one-time cache setup excluded,5000,3.0493,13.550626,6.0986,578,0.1156,True,runs\revision_v2\results\E2_raw\session1_heat_P_s23_K100_cache1.npz,beb12ba89645b12721bcda0565a4277ed7540bfaecdb474651ee0b173c8a966c
followup,burgers,P,23,1,50,True,5000,50,stored observation to validated host action including transfer of selected forecast as in original implementation; one-time cache setup excluded,5000,2.69695,12.924902,5.3939,629,0.1258,True,runs\revision_v2\results\E2_raw\session1_burgers_P_s23_K50_cache1.npz,5d55ea0f7857bef8257ce7f6940d780bd678fd525ca4dcd88791fb0a33884aa8
followup,heat,P,37,1,50,False,5000,50,stored observation to validated host action including transfer of selected forecast as in original implementation; one-time cache setup excluded,5000,5.1745,18.991542,10.349,1100,0.22,True,runs\revision_v2\results\E2_raw\session1_heat_P_s37_K50_cache0.npz,13f5fbbd71c1dc42f0f107141c7449ce2e59ba8728cb65964b7eb54819fb28b9
followup,burgers,P,23,1,200,False,5000,50,stored observation to validated host action including transfer of selected forecast as in original implementation; one-time cache setup excluded,5000,3.9151499999999997,15.476391000000001,7.830299999999999,740,0.148,True,runs\revision_v2\results\E2_raw\session1_burgers_P_s23_K200_cache0.npz,0275d79fcda6aa3bf249ccb01c7eb2b6121e1a35a9686d074d5125a3b1ed2fd3
followup,heat,B4,11,1,10,False,5000,50,stored observation to validated host action including transfer of selected forecast as in original implementation; one-time cache setup excluded,5000,5.0668500000000005,19.067743,10.133700000000001,1307,0.2614,True,runs\revision_v2\results\E2_raw\session1_heat_B4_s11_K10_cache0.npz,41b7f4811397b3ef188c9e41bea269206d48e310e52d585f7c6cd5f6870665e5
followup,heat,P,37,1,200,False,5000,50,stored observation to validated host action including transfer of selected forecast as in original implementation; one-time cache setup excluded,5000,5.7010000000000005,19.481295000000003,11.402000000000001,1001,0.2002,True,runs\revision_v2\results\E2_raw\session1_heat_P_s37_K200_cache0.npz,c6ae40029407bf3822ebf43b04e0b1df06f94f3e9f40407db65211ecd99ce1eb
followup,burgers,P,11,1,10,False,5000,50,stored observation to validated host action including transfer of selected forecast as in original implementation; one-time cache setup excluded,5000,3.22425,14.260814000000005,6.4485,1188,0.2376,True,runs\revision_v2\results\E2_raw\session1_burgers_P_s11_K10_cache0.npz,214d87b81b3eb9e25acdb26b87b35d07664482339d917c962b599980bf3b5164
followup,burgers,P,23,1,10,True,5000,50,stored observation to validated host action including transfer of selected forecast as in original implementation; one-time cache setup excluded,5000,2.5659,13.059825,5.1318,752,0.1504,True,runs\revision_v2\results\E2_raw\session1_burgers_P_s23_K10_cache1.npz,aea1f8a30b6686bc66edc6ae5853344d67460a5676799cffd0c33f221687fddf
followup,heat,B4,23,1,200,True,5000,50,stored observation to validated host action including transfer of selected forecast as in original implementation; one-time cache setup excluded,5000,3.42725,13.895615000000005,6.8545,548,0.1096,True,runs\revision_v2\results\E2_raw\session1_heat_B4_s23_K200_cache1.npz,4b1607a32b076df24a55fad3a4187d75db57f9f54d9122fde215c4b48385a0c4
followup,heat,B4,11,1,100,True,5000,50,stored observation to validated host action including transfer of selected forecast as in original implementation; one-time cache setup excluded,5000,3.104,13.374932000000003,6.208,596,0.1192,True,runs\revision_v2\results\E2_raw\session1_heat_B4_s11_K100_cache1.npz,53cdcf88297f3b919dec0c863c807e82fab61b45877bb06f6f5b7509b90c9856
followup,burgers,B4,11,1,100,False,5000,50,stored observation to validated host action including transfer of selected forecast as in original implementation; one-time cache setup excluded,5000,3.6014,14.976274000000002,7.2028,864,0.1728,True,runs\revision_v2\results\E2_raw\session1_burgers_B4_s11_K100_cache0.npz,8fb59f3d6085f3ac4739dc692ae4326a3383a2459dc535077fe55879d825ed0b
followup,heat,B4,37,1,25,False,5000,50,stored observation to validated host action including transfer of selected forecast as in original implementation; one-time cache setup excluded,5000,5.1044,19.050863,10.2088,1175,0.235,True,runs\revision_v2\results\E2_raw\session1_heat_B4_s37_K25_cache0.npz,9fd16f3843a78bb3ded2b3821b2d42154b03c1889901f77f71af03b443d5d19b
followup,heat,B4,11,1,50,True,5000,50,stored observation to validated host action including transfer of selected forecast as in original implementation; one-time cache setup excluded,5000,2.92225,13.126987000000002,5.8445,608,0.1216,True,runs\revision_v2\results\E2_raw\session1_heat_B4_s11_K50_cache1.npz,f03f8b76df8d666e01a519bda22dff700ec940992be51a53a0b1979f92fe2ae9
followup,burgers,P,37,1,25,False,5000,50,stored observation to validated host action including transfer of selected forecast as in original implementation; one-time cache setup excluded,5000,3.32795,14.457531,6.6559,1112,0.2224,True,runs\revision_v2\results\E2_raw\session1_burgers_P_s37_K25_cache0.npz,1c9ce6a1e9d5145ccbecf485595c5574342275821283d0246d5aa9dc5e4f7fbc
followup,burgers,B4,37,1,10,False,5000,50,stored observation to validated host action including transfer of selected forecast as in original implementation; one-time cache setup excluded,5000,3.3310500000000003,15.032139000000013,6.662100000000001,1221,0.2442,True,runs\revision_v2\results\E2_raw\session1_burgers_B4_s37_K10_cache0.npz,95bf284ac4eb933a794dbe8b532b9e6620966e7da199715dc4f838ecb1985256
followup,heat,P,37,1,25,True,5000,50,stored observation to validated host action including transfer of selected forecast as in original implementation; one-time cache setup excluded,5000,2.8203,13.255826000000006,5.6406,660,0.132,True,runs\revision_v2\results\E2_raw\session1_heat_P_s37_K25_cache1.npz,f30bb5a3a63a57caf8fbe9abed6dffb61eb26f8fdd3b2a824121974e7e21013f
followup,burgers,B4,23,1,100,False,5000,50,stored observation to validated host action including transfer of selected forecast as in original implementation; one-time cache setup excluded,5000,3.625,15.227639000000002,7.25,862,0.1724,True,runs\revision_v2\results\E2_raw\session1_burgers_B4_s23_K100_cache0.npz,afe2e7e02f957d0c0f4f29fe38657e60fdada21b69a8bf0aed456b952489379d
followup,burgers,P,37,1,10,False,5000,50,stored observation to validated host action including transfer of selected forecast as in original implementation; one-time cache setup excluded,5000,3.2489,14.154363,6.4978,1035,0.207,True,runs\revision_v2\results\E2_raw\session1_burgers_P_s37_K10_cache0.npz,17a79282243328f9265b73aaad0ab3632c937c8b2562388834abd71aefd1df91
followup,burgers,P,23,1,25,False,5000,50,stored observation to validated host action including transfer of selected forecast as in original implementation; one-time cache setup excluded,5000,3.2906500000000003,14.531754000000001,6.581300000000001,1048,0.2096,True,runs\revision_v2\results\E2_raw\session1_burgers_P_s23_K25_cache0.npz,00ace75a922afd5b98b3eaf285192d48c5627c7e185da6795ed8265354094bf4
followup,heat,B4,37,1,100,True,5000,50,stored observation to validated host action including transfer of selected forecast as in original implementation; one-time cache setup excluded,5000,3.0971,13.428395000000002,6.1942,576,0.1152,True,runs\revision_v2\results\E2_raw\session1_heat_B4_s37_K100_cache1.npz,491622ec0d43a265e3cab1273ed80df821038cc4e12ad22c6332b10d422b7137
followup,heat,P,11,1,200,False,5000,50,stored observation to validated host action including transfer of selected forecast as in original implementation; one-time cache setup excluded,5000,5.65895,19.409861000000003,11.3179,986,0.1972,True,runs\revision_v2\results\E2_raw\session1_heat_P_s11_K200_cache0.npz,ce620baef77c911223f0a55d85b3868c6cbeb743263542bbc4f6a9560704dad2
followup,heat,B4,23,1,10,False,5000,50,stored observation to validated host action including transfer of selected forecast as in original implementation; one-time cache setup excluded,5000,5.00345,18.767909,10.0069,1175,0.235,True,runs\revision_v2\results\E2_raw\session1_heat_B4_s23_K10_cache0.npz,6243b7427f84b6a72901057989c44290cb4e90b5ea3e9f87f63607a304e2bfa5
followup,heat,B4,23,1,25,False,5000,50,stored observation to validated host action including transfer of selected forecast as in original implementation; one-time cache setup excluded,5000,5.1160499999999995,18.973197000000003,10.232099999999999,1168,0.2336,True,runs\revision_v2\results\E2_raw\session1_heat_B4_s23_K25_cache0.npz,ad7f7b64d11ba704aed662ae1d30b8c1bc3014991e761f99800021a0dd8540f6
followup,burgers,P,11,1,10,True,5000,50,stored observation to validated host action including transfer of selected forecast as in original implementation; one-time cache setup excluded,5000,2.51555,12.642730000000002,5.0311,646,0.1292,True,runs\revision_v2\results\E2_raw\session1_burgers_P_s11_K10_cache1.npz,027d0e939182252e2e0dca26ebe01a5a6d6f0c974dc18602f04bebc9159cdc23
followup,burgers,B4,11,1,10,True,5000,50,stored observation to validated host action including transfer of selected forecast as in original implementation; one-time cache setup excluded,5000,2.57,12.929471000000001,5.14,653,0.1306,True,runs\revision_v2\results\E2_raw\session1_burgers_B4_s11_K10_cache1.npz,6136f6007728d662372c9bd35f34b8383dbaadec498ea2812139e50d6de121df
followup,burgers,P,23,1,50,False,5000,50,stored observation to validated host action including transfer of selected forecast as in original implementation; one-time cache setup excluded,5000,3.3653500000000003,14.437381000000004,6.730700000000001,994,0.1988,True,runs\revision_v2\results\E2_raw\session1_burgers_P_s23_K50_cache0.npz,b8c3cce9670b6e81a709a8e14a553933517c15ed99f43d2d88d5f6a06ff25110
followup,heat,P,23,1,10,True,5000,50,stored observation to validated host action including transfer of selected forecast as in original implementation; one-time cache setup excluded,5000,2.7226,12.995096000000002,5.4452,671,0.1342,True,runs\revision_v2\results\E2_raw\session1_heat_P_s23_K10_cache1.npz,b410cc9e8156e4ebc1454b9a53bf0002107f39bade4f01d2c3e8f7386000e8a3
followup,heat,B4,23,1,10,True,5000,50,stored observation to validated host action including transfer of selected forecast as in original implementation; one-time cache setup excluded,5000,2.7643,13.036201000000002,5.5286,679,0.1358,True,runs\revision_v2\results\E2_raw\session1_heat_B4_s23_K10_cache1.npz,4818ddec447bfd2aecbe4d63a962eb58b48e512cdcc89ac4d2f09cc05020f232
followup,burgers,B4,23,1,100,True,5000,50,stored observation to validated host action including transfer of selected forecast as in original implementation; one-time cache setup excluded,5000,2.97165,13.217454000000005,5.9433,571,0.1142,True,runs\revision_v2\results\E2_raw\session1_burgers_B4_s23_K100_cache1.npz,98f617f8f6ad1263f72ed1800ccd40ff084dfc40f447bf57286af9d46f9ee57f
followup,burgers,B4,11,1,200,True,5000,50,stored observation to validated host action including transfer of selected forecast as in original implementation; one-time cache setup excluded,5000,3.30625,13.833497000000001,6.6125,553,0.1106,True,runs\revision_v2\results\E2_raw\session1_burgers_B4_s11_K200_cache1.npz,3fc6ad3e7b0ff6c1c10d814af3c068e8717ad1f8f8b420c33f761b257638d432
followup,burgers,B4,11,1,25,False,5000,50,stored observation to validated host action including transfer of selected forecast as in original implementation; one-time cache setup excluded,5000,3.3179999999999996,14.473997000000002,6.635999999999999,973,0.1946,True,runs\revision_v2\results\E2_raw\session1_burgers_B4_s11_K25_cache0.npz,f277a9f1fb019f287d06c30cd69d193c1305d5d08b17dae799ab9db143ed7867
followup,burgers,B4,37,1,10,True,5000,50,stored observation to validated host action including transfer of selected forecast as in original implementation; one-time cache setup excluded,5000,2.5860000000000003,13.073536000000002,5.172000000000001,762,0.1524,True,runs\revision_v2\results\E2_raw\session1_burgers_B4_s37_K10_cache1.npz,253fb966c3f66005ff7277b3cec9c8e92d946fd41d8137c00832a4c45efa7c66
followup,burgers,P,11,1,100,False,5000,50,stored observation to validated host action including transfer of selected forecast as in original implementation; one-time cache setup excluded,5000,3.5715,14.966827,7.143,872,0.1744,True,runs\revision_v2\results\E2_raw\session1_burgers_P_s11_K100_cache0.npz,9c6ef2b07869adaf98293333005341ce044de5187c5ca4b596dc328337b19937
followup,burgers,B4,23,1,10,True,5000,50,stored observation to validated host action including transfer of selected forecast as in original implementation; one-time cache setup excluded,5000,2.57845,12.948326,5.1569,713,0.1426,True,runs\revision_v2\results\E2_raw\session1_burgers_B4_s23_K10_cache1.npz,f0e2884881ba849b30914498001199e5aa7698082f036bb8694fef6d9132a003
followup,burgers,P,37,1,25,True,5000,50,stored observation to validated host action including transfer of selected forecast as in original implementation; one-time cache setup excluded,5000,2.6088500000000003,12.864414,5.217700000000001,607,0.1214,True,runs\revision_v2\results\E2_raw\session1_burgers_P_s37_K25_cache1.npz,ae459526d3301e8de8e9f5910ac0c2948bffb21bbf827e0aacb1a3c31da65c63
followup,heat,P,11,1,25,False,5000,50,stored observation to validated host action including transfer of selected forecast as in original implementation; one-time cache setup excluded,5000,5.0703,18.906554000000007,10.1406,1222,0.2444,True,runs\revision_v2\results\E2_raw\session1_heat_P_s11_K25_cache0.npz,63f73aac81c1fb518889bbab28459de16d24322e93799e89e6d736ce349caf7f
followup,heat,P,23,1,10,False,5000,50,stored observation to validated host action including transfer of selected forecast as in original implementation; one-time cache setup excluded,5000,4.9958,18.903035,9.9916,1265,0.253,True,runs\revision_v2\results\E2_raw\session1_heat_P_s23_K10_cache0.npz,10864fa42ba6828403f695caa7382fd4a2b4ad74e90910e194e633ea249c6304
followup,heat,B4,11,1,200,False,5000,50,stored observation to validated host action including transfer of selected forecast as in original implementation; one-time cache setup excluded,5000,5.5071,18.47755100000001,11.0142,373,0.0746,True,runs\revision_v2\results\E2_raw\session1_heat_B4_s11_K200_cache0.npz,e4c283709f375568e4e469859647dd5e1a618ce4451b5a6f776c79fd61ecdd74
followup,heat,B4,37,1,10,False,5000,50,stored observation to validated host action including transfer of selected forecast as in original implementation; one-time cache setup excluded,5000,4.75695,10.042712,9.5139,551,0.1102,True,runs\revision_v2\results\E2_raw\session1_heat_B4_s37_K10_cache0.npz,ec5b11ba549e4c71db5341c8f0a55be366547b7cf4c785b489839a539f8e233a
followup,burgers,B4,23,1,200,False,5000,50,stored observation to validated host action including transfer of selected forecast as in original implementation; one-time cache setup excluded,5000,3.7955,7.417168000000001,7.591,21,0.0042,False,runs\revision_v2\results\E2_raw\session1_burgers_B4_s23_K200_cache0.npz,f5bc3c51475301c01d1434c55e06c326315e7fc08740c322d8b9bf4391cb7e7c
followup,burgers,B4,11,1,200,False,5000,50,stored observation to validated host action including transfer of selected forecast as in original implementation; one-time cache setup excluded,5000,3.7872,7.289393000000002,7.5744,6,0.0012,False,runs\revision_v2\results\E2_raw\session1_burgers_B4_s11_K200_cache0.npz,3f93b0071005cd6d99c1932a51e2ed35a6dac6070f9e3d887849d47de86ad812
followup,heat,B4,23,1,25,True,5000,50,stored observation to validated host action including transfer of selected forecast as in original implementation; one-time cache setup excluded,5000,2.75475,5.475465000000001,5.5095,36,0.0072,False,runs\revision_v2\results\E2_raw\session1_heat_B4_s23_K25_cache1.npz,2d429a0afa15220a3706be9f5f3612383d9855e9fbd092c852e785101fc05067
followup,burgers,B4,37,1,100,True,5000,50,stored observation to validated host action including transfer of selected forecast as in original implementation; one-time cache setup excluded,5000,2.84145,5.532105000000002,5.6829,15,0.003,False,runs\revision_v2\results\E2_raw\session1_burgers_B4_s37_K100_cache1.npz,c9c7362de4b73b084b7c278b02c6215962d37f89c5e91d7d312451901efeb43a
followup,burgers,B4,37,1,50,True,5000,50,stored observation to validated host action including transfer of selected forecast as in original implementation; one-time cache setup excluded,5000,2.66465,5.2551049999999995,5.3293,23,0.0046,False,runs\revision_v2\results\E2_raw\session1_burgers_B4_s37_K50_cache1.npz,05faf15305e6f5ff654c8d590ad5b36f382b7c5481a8c6989d787019768cb6dc
followup,heat,P,11,1,10,False,5000,50,stored observation to validated host action including transfer of selected forecast as in original implementation; one-time cache setup excluded,5000,4.71735,9.964402,9.4347,515,0.103,True,runs\revision_v2\results\E2_raw\session1_heat_P_s11_K10_cache0.npz,750c204c5441aa08b6b7a2be6a36e001b9489dad732b0549965d407d6d64cf2a
followup,heat,B4,23,1,100,True,5000,50,stored observation to validated host action including transfer of selected forecast as in original implementation; one-time cache setup excluded,5000,2.99895,5.80332,5.9979,8,0.0016,False,runs\revision_v2\results\E2_raw\session1_heat_B4_s23_K100_cache1.npz,bc2d50013d455037a733e22460358383c4f40e039d2e542b8f1ba6f41b5787aa
followup,heat,B4,37,1,50,False,5000,50,stored observation to validated host action including transfer of selected forecast as in original implementation; one-time cache setup excluded,5000,4.9111,10.235598000000001,9.8222,332,0.0664,True,runs\revision_v2\results\E2_raw\session1_heat_B4_s37_K50_cache0.npz,689a358c51d2e98bc2c1f2a44c6105f91022d532a9c9e4c8498daf5d99557624
followup,burgers,B4,23,1,50,False,5000,50,stored observation to validated host action including transfer of selected forecast as in original implementation; one-time cache setup excluded,5000,3.2818,6.847616,6.5636,251,0.0502,True,runs\revision_v2\results\E2_raw\session1_burgers_B4_s23_K50_cache0.npz,268eadc92ae6b98c37e1556f401a585d6a2a209cd4c882aa0f8c40681fb18b17
followup,heat,B4,37,1,200,False,5000,50,stored observation to validated host action including transfer of selected forecast as in original implementation; one-time cache setup excluded,5000,5.4049499999999995,10.662861000000001,10.809899999999999,27,0.0054,False,runs\revision_v2\results\E2_raw\session1_heat_B4_s37_K200_cache0.npz,765889632e05c19f508ff04e9f500096e56334b952b8009dc8ab8bfbdf95ba77
followup,heat,P,11,1,100,True,5000,50,stored observation to validated host action including transfer of selected forecast as in original implementation; one-time cache setup excluded,5000,2.94835,5.771016,5.8967,13,0.0026,False,runs\revision_v2\results\E2_raw\session1_heat_P_s11_K100_cache1.npz,791322570e86719b4f43a6a24cb6adc93ddc10df4239296340c2e9c7a97953b0
followup,burgers,P,37,1,50,True,5000,50,stored observation to validated host action including transfer of selected forecast as in original implementation; one-time cache setup excluded,5000,2.60425,5.104091000000002,5.2085,25,0.005,False,runs\revision_v2\results\E2_raw\session1_burgers_P_s37_K50_cache1.npz,87b4d0aa8189bbd79b7337a0dc51ad16b80d2c889c72680e26a2af234192946b
followup,heat,P,37,1,100,True,5000,50,stored observation to validated host action including transfer of selected forecast as in original implementation; one-time cache setup excluded,5000,2.9651,5.873530000000001,5.9302,34,0.0068,False,runs\revision_v2\results\E2_raw\session1_heat_P_s37_K100_cache1.npz,14ce70b9299beaa1d776f96ebf77231638ec4a3b4fac4a8b7e8de90344130a54
followup,burgers,B4,11,1,25,True,5000,50,stored observation to validated host action including transfer of selected forecast as in original implementation; one-time cache setup excluded,5000,2.5781,5.124215,5.1562,38,0.0076,False,runs\revision_v2\results\E2_raw\session1_burgers_B4_s11_K25_cache1.npz,47e753809bd731b2ec466fb00f86745df92b19a39a1afc33dfec7e860574fa41
followup,heat,B4,37,1,10,True,5000,50,stored observation to validated host action including transfer of selected forecast as in original implementation; one-time cache setup excluded,5000,2.6601,5.327102,5.3202,55,0.011,True,runs\revision_v2\results\E2_raw\session1_heat_B4_s37_K10_cache1.npz,91850024c86005581613674c048363d08f6dbde720862ff91a8dff6c882b7f35
followup,heat,B4,11,1,25,True,5000,50,stored observation to validated host action including transfer of selected forecast as in original implementation; one-time cache setup excluded,5000,2.7375,5.672918000000001,5.475,183,0.0366,True,runs\revision_v2\results\E2_raw\session1_heat_B4_s11_K25_cache1.npz,ca221068bea15a0dd41a6f5f676a2e7af228b7599619d6db4c5c3810bd6b3190
followup,burgers,B4,23,1,25,False,5000,50,stored observation to validated host action including transfer of selected forecast as in original implementation; one-time cache setup excluded,5000,3.18485,6.685135000000001,6.3697,223,0.0446,True,runs\revision_v2\results\E2_raw\session1_burgers_B4_s23_K25_cache0.npz,b23c7e77b34816d7e70659165f54de8117d3e62a005ccc431082287875b3c91d
followup,heat,B4,23,1,50,True,5000,50,stored observation to validated host action including transfer of selected forecast as in original implementation; one-time cache setup excluded,5000,2.8173500000000002,5.271944,5.6347000000000005,2,0.0004,False,runs\revision_v2\results\E2_raw\session1_heat_B4_s23_K50_cache1.npz,1ce60f0dde4b8afa5e967052614bda988cb54597fc2d040ba4e33c72fc94340f
followup,heat,P,23,1,50,False,5000,50,stored observation to validated host action including transfer of selected forecast as in original implementation; one-time cache setup excluded,5000,4.848,9.848020000000002,9.696,86,0.0172,True,runs\revision_v2\results\E2_raw\session1_heat_P_s23_K50_cache0.npz,7c442211dc707c681e52b8ad626b81ad417571eb5925cdece0b97b4f69f50941
followup,burgers,B4,11,1,50,True,5000,50,stored observation to validated host action including transfer of selected forecast as in original implementation; one-time cache setup excluded,5000,2.6547,5.236386000000002,5.3094,39,0.0078,False,runs\revision_v2\results\E2_raw\session1_burgers_B4_s11_K50_cache1.npz,4f5467da027031a69b437c826cdbf0af86c6e1c0d843f3dcd20746154e2545c5
followup,heat,B4,23,1,50,False,5000,50,stored observation to validated host action including transfer of selected forecast as in original implementation; one-time cache setup excluded,5000,4.90065,10.125017,9.8013,226,0.0452,True,runs\revision_v2\results\E2_raw\session1_heat_B4_s23_K50_cache0.npz,f4f34b6c96e05ae5ebac204d523649344c3377e69119a110e0f936537e4b853c
followup,heat,P,23,1,100,False,5000,50,stored observation to validated host action including transfer of selected forecast as in original implementation; one-time cache setup excluded,5000,5.0443999999999996,10.269217,10.088799999999999,162,0.0324,True,runs\revision_v2\results\E2_raw\session1_heat_P_s23_K100_cache0.npz,9e101b60f01ddc078ee16824fb0501703478ba00a723ce9c86911aa787f15993
followup,heat,P,23,1,50,True,5000,50,stored observation to validated host action including transfer of selected forecast as in original implementation; one-time cache setup excluded,5000,2.7711,5.351012,5.5422,4,0.0008,False,runs\revision_v2\results\E2_raw\session1_heat_P_s23_K50_cache1.npz,3cdac11c1ae52231827fb757b6aa8ab3af9db19abf49b465cf6f9c135181059a
followup,heat,B4,11,1,50,False,5000,50,stored observation to validated host action including transfer of selected forecast as in original implementation; one-time cache setup excluded,5000,4.9206,10.178105,9.8412,254,0.0508,True,runs\revision_v2\results\E2_raw\session1_heat_B4_s11_K50_cache0.npz,58c39765e4ef9637fb9b22383de69dc5f94d252ce93297bb47deffac979a8b59
followup,heat,P,37,1,10,True,5000,50,stored observation to validated host action including transfer of selected forecast as in original implementation; one-time cache setup excluded,5000,2.614,5.239717000000001,5.228,58,0.0116,True,runs\revision_v2\results\E2_raw\session1_heat_P_s37_K10_cache1.npz,2b0e6f2a5bdb831bded4ebf7cd70556f8a1f74f8f666346000c92385b8f5b173
followup,burgers,B4,23,1,200,True,5000,50,stored observation to validated host action including transfer of selected forecast as in original implementation; one-time cache setup excluded,5000,3.1687,5.970926000000001,6.3374,6,0.0012,False,runs\revision_v2\results\E2_raw\session1_burgers_B4_s23_K200_cache1.npz,ff0d3507493ee31273f8d6a83a1028565ea44e19835180b671b13874d8187d47
followup,heat,P,23,1,200,False,5000,50,stored observation to validated host action including transfer of selected forecast as in original implementation; one-time cache setup excluded,5000,5.36145,10.575137000000002,10.7229,28,0.0056,False,runs\revision_v2\results\E2_raw\session1_heat_P_s23_K200_cache0.npz,f50a0c247a4463f97324704cb057b7e5ba49029718819a626de4522d1e81fedd
followup,burgers,P,37,1,100,False,5000,50,stored observation to validated host action including transfer of selected forecast as in original implementation; one-time cache setup excluded,5000,3.417,6.950362000000003,6.834,97,0.0194,True,runs\revision_v2\results\E2_raw\session1_burgers_P_s37_K100_cache0.npz,6f001c5c35949cf0efbedb90b8896192b50b016de68775edf4235dfa6a13c1f4
followup,heat,P,37,1,25,False,5000,50,stored observation to validated host action including transfer of selected forecast as in original implementation; one-time cache setup excluded,5000,4.7819,9.951346000000001,9.5638,268,0.0536,True,runs\revision_v2\results\E2_raw\session1_heat_P_s37_K25_cache0.npz,a21ec20a517482f04d43245bf6d2c1809a05c7e4e8f6eb0b5a21cac41cc590a4
followup,burgers,B4,37,1,25,True,5000,50,stored observation to validated host action including transfer of selected forecast as in original implementation; one-time cache setup excluded,5000,2.57805,5.1934770000000015,5.1561,59,0.0118,True,runs\revision_v2\results\E2_raw\session1_burgers_B4_s37_K25_cache1.npz,2473780ec34d0001cf08c0fe0e5d6b4db419d4c61d465037e5ad349c9a8a40bb
followup,heat,P,37,1,50,True,5000,50,stored observation to validated host action including transfer of selected forecast as in original implementation; one-time cache setup excluded,5000,2.8078,5.581932000000001,5.6156,39,0.0078,False,runs\revision_v2\results\E2_raw\session1_heat_P_s37_K50_cache1.npz,6a2db596a2afad53dd42941ee9168374af7ce4090f9d88a976dd5b9cb641747c
followup,heat,P,23,1,25,True,5000,50,stored observation to validated host action including transfer of selected forecast as in original implementation; one-time cache setup excluded,5000,2.7245,5.393212,5.449,27,0.0054,False,runs\revision_v2\results\E2_raw\session1_heat_P_s23_K25_cache1.npz,523c224fba5a02870e0d335d8f6b127cedc29aafbebee712c8809c5bace1be24
followup,heat,B4,23,1,200,False,5000,50,stored observation to validated host action including transfer of selected forecast as in original implementation; one-time cache setup excluded,5000,5.40975,10.615247000000004,10.8195,22,0.0044,False,runs\revision_v2\results\E2_raw\session1_heat_B4_s23_K200_cache0.npz,a93236ad6666ea712eebb652d5515496a75f53ed05fd813ee536fdef3cd20083
followup,burgers,P,11,1,25,True,5000,50,stored observation to validated host action including transfer of selected forecast as in original implementation; one-time cache setup excluded,5000,2.5253,4.984116,5.0506,28,0.0056,False,runs\revision_v2\results\E2_raw\session1_burgers_P_s11_K25_cache1.npz,eaa2a81503a4af22fcccf30a4ff2b32e3a9b5f51a860afed3ad341480e459ebf
followup,heat,P,11,1,200,True,5000,50,stored observation to validated host action including transfer of selected forecast as in original implementation; one-time cache setup excluded,5000,3.2969999999999997,6.188333000000001,6.593999999999999,6,0.0012,False,runs\revision_v2\results\E2_raw\session1_heat_P_s11_K200_cache1.npz,ec3f905bf842c102a66c900858542f31bb895efe03dfda459e879d8ed1089cb9
followup,heat,P,37,1,10,False,5000,50,stored observation to validated host action including transfer of selected forecast as in original implementation; one-time cache setup excluded,5000,4.6983,9.889187000000002,9.3966,454,0.0908,True,runs\revision_v2\results\E2_raw\session1_heat_P_s37_K10_cache0.npz,1c6ad7fed953f1796aa47ae944ae3c3eea6a0fce7c63d471ffae752fcd90805d
followup,burgers,P,11,1,50,True,5000,50,stored observation to validated host action including transfer of selected forecast as in original implementation; one-time cache setup excluded,5000,2.6023,4.784211000000001,5.2046,2,0.0004,False,runs\revision_v2\results\E2_raw\session1_burgers_P_s11_K50_cache1.npz,ebe96a14b5071d87861338d1ced7e02cde71cd03eaba0affc27de888c094d78b
followup,heat,B4,11,1,100,False,5000,50,stored observation to validated host action including transfer of selected forecast as in original implementation; one-time cache setup excluded,5000,5.0840499999999995,10.286813,10.168099999999999,110,0.022,True,runs\revision_v2\results\E2_raw\session1_heat_B4_s11_K100_cache0.npz,35c23f8f9ea22bd8acdadcda8e8b80e82d3444f2a072d7b8f98494ed116c1b5b
followup,burgers,B4,37,1,50,False,5000,50,stored observation to validated host action including transfer of selected forecast as in original implementation; one-time cache setup excluded,5000,3.27515,6.787805,6.5503,247,0.0494,True,runs\revision_v2\results\E2_raw\session1_burgers_B4_s37_K50_cache0.npz,51b77200786ecae47984c316f73c15c03ed6bfdc90aa462338b6b9b2379ce6d2
followup,heat,P,37,1,200,True,5000,50,stored observation to validated host action including transfer of selected forecast as in original implementation; one-time cache setup excluded,5000,3.27975,6.1446119999999995,6.5595,5,0.001,False,runs\revision_v2\results\E2_raw\session1_heat_P_s37_K200_cache1.npz,0dd8f5d9ddc852129a7aff352ced42490dd974366de18837775219faf7b560ac
followup,burgers,P,23,1,100,True,5000,50,stored observation to validated host action including transfer of selected forecast as in original implementation; one-time cache setup excluded,5000,2.7824,5.404409,5.5648,18,0.0036,False,runs\revision_v2\results\E2_raw\session1_burgers_P_s23_K100_cache1.npz,d238bc351a6e35361ec6501f9f83a12d78a3bca7bcac1b42736e11078728d44e
followup,burgers,P,23,1,25,True,5000,50,stored observation to validated host action including transfer of selected forecast as in original implementation; one-time cache setup excluded,5000,2.52635,5.298711000000001,5.0527,158,0.0316,True,runs\revision_v2\results\E2_raw\session1_burgers_P_s23_K25_cache1.npz,f6d387bc9eb6ad1ae0f5f521f3381d463ae1ff74e5ab8faff3fd1efe2b9f6f39
followup,heat,B4,37,1,100,False,5000,50,stored observation to validated host action including transfer of selected forecast as in original implementation; one-time cache setup excluded,5000,5.0976,10.356789000000003,10.1952,144,0.0288,True,runs\revision_v2\results\E2_raw\session1_heat_B4_s37_K100_cache0.npz,afd6b915eca6811f70a40909f61770987fca4943242aa4b36c839c2e7d200f46
followup,heat,B4,37,2,25,True,5000,50,stored observation to validated host action including transfer of selected forecast as in original implementation; one-time cache setup excluded,5000,2.75605,5.52345,5.5121,57,0.0114,True,runs\revision_v2\results\E2_raw\session2_heat_B4_s37_K25_cache1.npz,460142d9c3c55f832433c7752cf22864ce03932e8b5b340196e604b216e5e8c0
followup,burgers,P,23,2,200,False,5000,50,stored observation to validated host action including transfer of selected forecast as in original implementation; one-time cache setup excluded,5000,3.75035,7.30545,7.5007,8,0.0016,False,runs\revision_v2\results\E2_raw\session2_burgers_P_s23_K200_cache0.npz,48da77943590a18a3ea00b8a58aab39be0a8ca626f685206794afc36e5acef16
followup,heat,B4,11,2,100,True,5000,50,stored observation to validated host action including transfer of selected forecast as in original implementation; one-time cache setup excluded,5000,3.0061,5.830183000000002,6.0122,14,0.0028,False,runs\revision_v2\results\E2_raw\session2_heat_B4_s11_K100_cache1.npz,ded25302737dc949d2298de51ab83e4f5953d1f52b177e7062efd7b8cd2eeb3e
followup,burgers,B4,23,2,10,False,5000,50,stored observation to validated host action including transfer of selected forecast as in original implementation; one-time cache setup excluded,5000,3.10465,6.703026000000001,6.2093,535,0.107,True,runs\revision_v2\results\E2_raw\session2_burgers_B4_s23_K10_cache0.npz,da7c9ae1325887bb463eb0d7fe658e2e464e0f05cd528865d777f24b2ebe04bd
followup,heat,P,23,2,10,False,5000,50,stored observation to validated host action including transfer of selected forecast as in original implementation; one-time cache setup excluded,5000,4.7012,9.916302,9.4024,331,0.0662,True,runs\revision_v2\results\E2_raw\session2_heat_P_s23_K10_cache0.npz,c54a6288a49b5473cacd3613ae36cfbd8875c6b4e2c20d7737b078e4b8c8c01e
followup,heat,P,11,2,25,False,5000,50,stored observation to validated host action including transfer of selected forecast as in original implementation; one-time cache setup excluded,5000,4.80855,10.061873000000002,9.6171,501,0.1002,True,runs\revision_v2\results\E2_raw\session2_heat_P_s11_K25_cache0.npz,1d10aeb290381ad4a0cf40ce0959d3e099603413be8eae29eb5f67c2f5453099
followup,burgers,P,37,2,50,True,5000,50,stored observation to validated host action including transfer of selected forecast as in original implementation; one-time cache setup excluded,5000,2.6152,5.299111000000001,5.2304,75,0.015,True,runs\revision_v2\results\E2_raw\session2_burgers_P_s37_K50_cache1.npz,529be3926336402531ad116faba44393d697aedb22448f0a175d6efb4cc34d16
followup,heat,P,37,2,25,False,5000,50,stored observation to validated host action including transfer of selected forecast as in original implementation; one-time cache setup excluded,5000,4.80095,10.060603,9.6019,524,0.1048,True,runs\revision_v2\results\E2_raw\session2_heat_P_s37_K25_cache0.npz,7406af20de4cd45df417f6ee340529e5ef242b422ff483f2a737a6278ea26286
followup,burgers,B4,23,2,10,True,5000,50,stored observation to validated host action including transfer of selected forecast as in original implementation; one-time cache setup excluded,5000,2.48455,5.071139000000001,4.9691,123,0.0246,True,runs\revision_v2\results\E2_raw\session2_burgers_B4_s23_K10_cache1.npz,93129674197bc24dde4daa7f586423b808b7aace643538d5cb039890a8716716
followup,heat,P,37,2,200,True,5000,50,stored observation to validated host action including transfer of selected forecast as in original implementation; one-time cache setup excluded,5000,3.2769500000000003,6.103543000000001,6.5539000000000005,6,0.0012,False,runs\revision_v2\results\E2_raw\session2_heat_P_s37_K200_cache1.npz,452d798abe93a687a304abb12ae9c62f6f1bedf7ff629ca261edbb4c895cd75e
followup,heat,B4,37,2,50,True,5000,50,stored observation to validated host action including transfer of selected forecast as in original implementation; one-time cache setup excluded,5000,2.8316,5.5666660000000014,5.6632,23,0.0046,False,runs\revision_v2\results\E2_raw\session2_heat_B4_s37_K50_cache1.npz,c4a48ac504333d4bffcf9f437aed685d6c419f3bddce9a235ee00d44d830d962
followup,heat,P,23,2,50,True,5000,50,stored observation to validated host action including transfer of selected forecast as in original implementation; one-time cache setup excluded,5000,2.78285,5.385506,5.5657,5,0.001,False,runs\revision_v2\results\E2_raw\session2_heat_P_s23_K50_cache1.npz,e38904bc145d509f4df58a45567b2edd0a2779a6c1d11dbc92702d4a9797b667
followup,burgers,B4,37,2,50,True,5000,50,stored observation to validated host action including transfer of selected forecast as in original implementation; one-time cache setup excluded,5000,2.6733,5.269523,5.3466,31,0.0062,False,runs\revision_v2\results\E2_raw\session2_burgers_B4_s37_K50_cache1.npz,d335de108ce364717911b777c20daccad7bc9619b21592cfcd0ef5a54523b352
followup,burgers,B4,11,2,50,False,5000,50,stored observation to validated host action including transfer of selected forecast as in original implementation; one-time cache setup excluded,5000,3.2946999999999997,6.914968000000002,6.5893999999999995,474,0.0948,True,runs\revision_v2\results\E2_raw\session2_burgers_B4_s11_K50_cache0.npz,e481b39df60c12e4f875523f12fe6fa4284abb1a5cb43ec3d8b750fe598ccd0e
followup,burgers,B4,37,2,200,True,5000,50,stored observation to validated host action including transfer of selected forecast as in original implementation; one-time cache setup excluded,5000,3.18405,6.133447000000001,6.3681,14,0.0028,False,runs\revision_v2\results\E2_raw\session2_burgers_B4_s37_K200_cache1.npz,9b066ad54f3de31e66575269b8caecfdc64bf6188024694f0e1f831bfef9f3d5
followup,heat,P,11,2,100,True,5000,50,stored observation to validated host action including transfer of selected forecast as in original implementation; one-time cache setup excluded,5000,2.9545,5.773210000000001,5.909,16,0.0032,False,runs\revision_v2\results\E2_raw\session2_heat_P_s11_K100_cache1.npz,0f1efba708e1bd8fd4cc8d437b2eec507ca77ff94e05179f0c52cc5eff10e1df
followup,burgers,P,23,2,10,True,5000,50,stored observation to validated host action including transfer of selected forecast as in original implementation; one-time cache setup excluded,5000,2.456,5.044517000000001,4.912,195,0.039,True,runs\revision_v2\results\E2_raw\session2_burgers_P_s23_K10_cache1.npz,4e9670b5352d7d0d2a3443983b81c418a1bb92584f13395a8c1c66bb1d16c424
followup,heat,P,11,2,100,False,5000,50,stored observation to validated host action including transfer of selected forecast as in original implementation; one-time cache setup excluded,5000,5.03895,10.288222000000001,10.0779,174,0.0348,True,runs\revision_v2\results\E2_raw\session2_heat_P_s11_K100_cache0.npz,2b271365c1828e7dae3d1e5610e3cbc6f46c642b711ef67ea906ef135b8b747f
followup,heat,B4,23,2,100,False,5000,50,stored observation to validated host action including transfer of selected forecast as in original implementation; one-time cache setup excluded,5000,5.10595,10.389453000000001,10.2119,149,0.0298,True,runs\revision_v2\results\E2_raw\session2_heat_B4_s23_K100_cache0.npz,2a3ad0acc08c91ace72eec8201831ac01115f4f07655f29ac6b25b84759fb5f6
followup,heat,P,11,2,10,True,5000,50,stored observation to validated host action including transfer of selected forecast as in original implementation; one-time cache setup excluded,5000,2.6270499999999997,5.279506,5.254099999999999,67,0.0134,True,runs\revision_v2\results\E2_raw\session2_heat_P_s11_K10_cache1.npz,960ef96444609c25af2ea995b652de74be885d201d2e75cfe2643774c7c00c3e
followup,burgers,B4,37,2,100,True,5000,50,stored observation to validated host action including transfer of selected forecast as in original implementation; one-time cache setup excluded,5000,2.8481,5.6345030000000005,5.6962,25,0.005,False,runs\revision_v2\results\E2_raw\session2_burgers_B4_s37_K100_cache1.npz,9e866dfce847694614839efa5ff3f73e914a2dafa946d39b4eb9e3a4e72e6582
followup,burgers,B4,23,2,200,True,5000,50,stored observation to validated host action including transfer of selected forecast as in original implementation; one-time cache setup excluded,5000,3.17615,5.943138000000001,6.3523,5,0.001,False,runs\revision_v2\results\E2_raw\session2_burgers_B4_s23_K200_cache1.npz,f00b739dd2cac54c3d5d03d48e980e20977dc9148c84ed5760a262b2448fa705
followup,burgers,B4,23,2,25,True,5000,50,stored observation to validated host action including transfer of selected forecast as in original implementation; one-time cache setup excluded,5000,2.58645,5.183724000000001,5.1729,56,0.0112,True,runs\revision_v2\results\E2_raw\session2_burgers_B4_s23_K25_cache1.npz,e678de6e94bc982f973945096856a1623009b2d2a8b1297bf4478881021190e2
followup,burgers,B4,37,2,25,False,5000,50,stored observation to validated host action including transfer of selected forecast as in original implementation; one-time cache setup excluded,5000,3.2041500000000003,6.7956010000000004,6.4083000000000006,475,0.095,True,runs\revision_v2\results\E2_raw\session2_burgers_B4_s37_K25_cache0.npz,c894c4782e8d9d5c52a1be86a18764c0986e87e162d19c5e37c8a9f93009b247
followup,burgers,B4,37,2,200,False,5000,50,stored observation to validated host action including transfer of selected forecast as in original implementation; one-time cache setup excluded,5000,3.77485,7.3412440000000005,7.5497,17,0.0034,False,runs\revision_v2\results\E2_raw\session2_burgers_B4_s37_K200_cache0.npz,594749ea9f81aeeaef9fd52b1c60fc942e15d8f3852bd2d5578dfd1e1e59bb67
followup,heat,P,37,2,100,True,5000,50,stored observation to validated host action including transfer of selected forecast as in original implementation; one-time cache setup excluded,5000,2.94745,5.714960000000001,5.8949,12,0.0024,False,runs\revision_v2\results\E2_raw\session2_heat_P_s37_K100_cache1.npz,016f831d01ef463b9877d1e71a47380703936eaec8f3a5deebac66d95e4f5681
followup,burgers,P,37,2,10,True,5000,50,stored observation to validated host action including transfer of selected forecast as in original implementation; one-time cache setup excluded,5000,2.4434,5.036910000000001,4.8868,130,0.026,True,runs\revision_v2\results\E2_raw\session2_burgers_P_s37_K10_cache1.npz,0b35a1d1151af5607432accc63f0a9d9846b432ed89c27253d3075eb371b6294
followup,burgers,P,37,2,100,False,5000,50,stored observation to validated host action including transfer of selected forecast as in original implementation; one-time cache setup excluded,5000,3.4232,6.997021,6.8464,123,0.0246,True,runs\revision_v2\results\E2_raw\session2_burgers_P_s37_K100_cache0.npz,5b0c06d24ba726f49891f61475911df16a62d7e9154d94375d1da31292b17b9c
followup,heat,P,37,2,10,True,5000,50,stored observation to validated host action including transfer of selected forecast as in original implementation; one-time cache setup excluded,5000,2.6358,5.487415,5.2716,233,0.0466,True,runs\revision_v2\results\E2_raw\session2_heat_P_s37_K10_cache1.npz,be5b7e24ea58603521a6461e50529816820984e52c3bad09ed8d29ffebeefcf3
followup,burgers,P,37,2,200,False,5000,50,stored observation to validated host action including transfer of selected forecast as in original implementation; one-time cache setup excluded,5000,3.7436499999999997,7.318024,7.487299999999999,15,0.003,False,runs\revision_v2\results\E2_raw\session2_burgers_P_s37_K200_cache0.npz,b1ff34029e8eaf15d5b7e8654deda96dd0ce0b20682eec52fb144a4e2595fc6e
followup,burgers,P,11,2,100,False,5000,50,stored observation to validated host action including transfer of selected forecast as in original implementation; one-time cache setup excluded,5000,3.4145000000000003,6.979401,6.829000000000001,124,0.0248,True,runs\revision_v2\results\E2_raw\session2_burgers_P_s11_K100_cache0.npz,9da3b32088f51e554b3ded719a8dbf3c60ef10d40dc2db3fabb2757bcae8e60c
followup,heat,P,23,2,25,False,5000,50,stored observation to validated host action including transfer of selected forecast as in original implementation; one-time cache setup excluded,5000,4.8031500000000005,9.963724,9.606300000000001,377,0.0754,True,runs\revision_v2\results\E2_raw\session2_heat_P_s23_K25_cache0.npz,5672034621968ae0ed2171a5b4c563be750d7c1b640d6bf50483efd8db46d4e6
followup,heat,B4,23,2,25,False,5000,50,stored observation to validated host action including transfer of selected forecast as in original implementation; one-time cache setup excluded,5000,4.83395,10.043575000000002,9.6679,279,0.0558,True,runs\revision_v2\results\E2_raw\session2_heat_B4_s23_K25_cache0.npz,e6b2ca811a0272fdd3412329793d9a1834c2da788d66c27322465e5b636bea60
followup,burgers,P,23,2,25,True,5000,50,stored observation to validated host action including transfer of selected forecast as in original implementation; one-time cache setup excluded,5000,2.532,5.0490010000000005,5.064,44,0.0088,False,runs\revision_v2\results\E2_raw\session2_burgers_P_s23_K25_cache1.npz,6a2b3eb15424945f520baf18662dce20554078f21cd32fd93a8628fabf810e25
followup,burgers,P,23,2,10,False,5000,50,stored observation to validated host action including transfer of selected forecast as in original implementation; one-time cache setup excluded,5000,3.0799,6.626403000000001,6.1598,565,0.113,True,runs\revision_v2\results\E2_raw\session2_burgers_P_s23_K10_cache0.npz,e40d715db5677b479e5cfbf6092b53abb6c62c370b0b5357456f84a233bbfb1d
followup,burgers,P,37,2,100,True,5000,50,stored observation to validated host action including transfer of selected forecast as in original implementation; one-time cache setup excluded,5000,2.78205,5.278802000000001,5.5641,5,0.001,False,runs\revision_v2\results\E2_raw\session2_burgers_P_s37_K100_cache1.npz,a9accf2850bdb9b04765c1c60445f405ace9e59c2036a0de0695dcd90caf55e4
followup,heat,P,11,2,50,False,5000,50,stored observation to validated host action including transfer of selected forecast as in original implementation; one-time cache setup excluded,5000,4.90135,10.242159000000003,9.8027,458,0.0916,True,runs\revision_v2\results\E2_raw\session2_heat_P_s11_K50_cache0.npz,81b8222413d950b4d67a2790c03f97dcb76b6b3f3b5ebbc30822a317a5e63053
followup,burgers,B4,23,2,200,False,5000,50,stored observation to validated host action including transfer of selected forecast as in original implementation; one-time cache setup excluded,5000,3.7857,7.3367650000000015,7.5714,9,0.0018,False,runs\revision_v2\results\E2_raw\session2_burgers_B4_s23_K200_cache0.npz,47303b4bcfc3fed2be04f8e837e8c451b6ec67f22dbf7606a28d6b00e6ffab70
followup,heat,P,23,2,200,False,5000,50,stored observation to validated host action including transfer of selected forecast as in original implementation; one-time cache setup excluded,5000,5.3541,10.514226,10.7082,12,0.0024,False,runs\revision_v2\results\E2_raw\session2_heat_P_s23_K200_cache0.npz,5154d2bcbb3ed2fe9e2ba79da8f7791f1cf0d31266688861a535c05312cd3c7b
followup,heat,B4,23,2,200,False,5000,50,stored observation to validated host action including transfer of selected forecast as in original implementation; one-time cache setup excluded,5000,5.4244,10.859577000000002,10.8488,52,0.0104,True,runs\revision_v2\results\E2_raw\session2_heat_B4_s23_K200_cache0.npz,1a60f95d5eb1baf95d8598b93ead283874d6f0c9b1a3b82bf84e9b1504312808
followup,burgers,B4,23,2,50,True,5000,50,stored observation to validated host action including transfer of selected forecast as in original implementation; one-time cache setup excluded,5000,2.6677,5.279607,5.3354,36,0.0072,False,runs\revision_v2\results\E2_raw\session2_burgers_B4_s23_K50_cache1.npz,e655c61e0a91fa2d5bc174bfaae8ed810ecf6c48380c2e2632a3242bcc008230
followup,burgers,P,11,2,100,True,5000,50,stored observation to validated host action including transfer of selected forecast as in original implementation; one-time cache setup excluded,5000,2.7919,5.61941,5.5838,70,0.014,True,runs\revision_v2\results\E2_raw\session2_burgers_P_s11_K100_cache1.npz,54c27195fabd84acfcd8a793f8b479b3080a4c97623a831435b1438bdb7c4620
followup,heat,P,11,2,25,True,5000,50,stored observation to validated host action including transfer of selected forecast as in original implementation; one-time cache setup excluded,5000,2.7163,5.423419,5.4326,43,0.0086,False,runs\revision_v2\results\E2_raw\session2_heat_P_s11_K25_cache1.npz,5d07405d373b7a6bdb3869b1711f910ffe2e4163924951cf4036324331a0748d
followup,burgers,B4,23,2,25,False,5000,50,stored observation to validated host action including transfer of selected forecast as in original implementation; one-time cache setup excluded,5000,3.2167000000000003,6.770700000000002,6.433400000000001,311,0.0622,True,runs\revision_v2\results\E2_raw\session2_burgers_B4_s23_K25_cache0.npz,c4a329864a02d07fe2c520f7132da46f2676475b92777b96a37b66bec0775b81
followup,burgers,B4,37,2,10,False,5000,50,stored observation to validated host action including transfer of selected forecast as in original implementation; one-time cache setup excluded,5000,3.12385,6.717705,6.2477,664,0.1328,True,runs\revision_v2\results\E2_raw\session2_burgers_B4_s37_K10_cache0.npz,a767b01c8f56cf9de197e32b922259487c880037b09eadf99ed22e563f016bb9
followup,heat,B4,37,2,200,False,5000,50,stored observation to validated host action including transfer of selected forecast as in original implementation; one-time cache setup excluded,5000,5.42725,10.631307999999999,10.8545,11,0.0022,False,runs\revision_v2\results\E2_raw\session2_heat_B4_s37_K200_cache0.npz,02f079f138882a5ecd4841dd761260dc055cf057593cf40d1e15d489e0c23eb0
followup,heat,B4,11,2,100,False,5000,50,stored observation to validated host action including transfer of selected forecast as in original implementation; one-time cache setup excluded,5000,5.06825,10.458300999999999,10.1365,213,0.0426,True,runs\revision_v2\results\E2_raw\session2_heat_B4_s11_K100_cache0.npz,aa0b4b49b44eeb8460832fe023bb833bbf809a954894cfb05c2ef6613441a007
followup,burgers,P,37,2,50,False,5000,50,stored observation to validated host action including transfer of selected forecast as in original implementation; one-time cache setup excluded,5000,3.2526,6.868015000000001,6.5052,389,0.0778,True,runs\revision_v2\results\E2_raw\session2_burgers_P_s37_K50_cache0.npz,14286a7d86e0f549a4396c5a67f374f8dc7923e6d72938e8e23c294dc761b3e1
followup,burgers,P,23,2,200,True,5000,50,stored observation to validated host action including transfer of selected forecast as in original implementation; one-time cache setup excluded,5000,3.12495,5.843210000000001,6.2499,4,0.0008,False,runs\revision_v2\results\E2_raw\session2_burgers_P_s23_K200_cache1.npz,cc7771571fad0698d9546d0ce305a670be2daeeeb7aa29c5299cfcf0f901a879
followup,heat,B4,37,2,100,False,5000,50,stored observation to validated host action including transfer of selected forecast as in original implementation; one-time cache setup excluded,5000,5.10435,10.434933000000001,10.2087,198,0.0396,True,runs\revision_v2\results\E2_raw\session2_heat_B4_s37_K100_cache0.npz,4bbe50cf351d4b06c15494dffd377a4036e680a171c0111c539e3ea7028d914a
followup,heat,B4,11,2,10,False,5000,50,stored observation to validated host action including transfer of selected forecast as in original implementation; one-time cache setup excluded,5000,4.7719000000000005,10.019254,9.543800000000001,537,0.1074,True,runs\revision_v2\results\E2_raw\session2_heat_B4_s11_K10_cache0.npz,1b5c1916330741ec1d73e76a88a5de65232e57cb42d5a9f64a9624eca0cf4d2b
followup,burgers,P,37,2,25,False,5000,50,stored observation to validated host action including transfer of selected forecast as in original implementation; one-time cache setup excluded,5000,3.1634,6.585444000000001,6.3268,175,0.035,True,runs\revision_v2\results\E2_raw\session2_burgers_P_s37_K25_cache0.npz,db56a1413d3f28d6c16d4c98567653de8c676a1841e5dda6f6b921816057c961
followup,heat,B4,23,2,10,False,5000,50,stored observation to validated host action including transfer of selected forecast as in original implementation; one-time cache setup excluded,5000,4.75675,9.948059000000002,9.5135,370,0.074,True,runs\revision_v2\results\E2_raw\session2_heat_B4_s23_K10_cache0.npz,2bf1c2a4bd4d00fe39826a5a08ea53f56a6ce6e868b9da576befc2608ea2a229
followup,burgers,B4,11,2,10,False,5000,50,stored observation to validated host action including transfer of selected forecast as in original implementation; one-time cache setup excluded,5000,3.1239,6.724805,6.2478,659,0.1318,True,runs\revision_v2\results\E2_raw\session2_burgers_B4_s11_K10_cache0.npz,e965f39a3bbb48e394a3f7fa0930009dd4191746b0e32a2538fedee1d9f2b506
followup,burgers,P,23,2,100,True,5000,50,stored observation to validated host action including transfer of selected forecast as in original implementation; one-time cache setup excluded,5000,2.78155,5.105604,5.5631,1,0.0002,False,runs\revision_v2\results\E2_raw\session2_burgers_P_s23_K100_cache1.npz,7d623d21513989b44cc992811b671eabb7632635952fea96d715750a1d84e7b1
followup,heat,B4,11,2,25,True,5000,50,stored observation to validated host action including transfer of selected forecast as in original implementation; one-time cache setup excluded,5000,2.7424,5.305657000000001,5.4848,20,0.004,False,runs\revision_v2\results\E2_raw\session2_heat_B4_s11_K25_cache1.npz,f9a4b1011026563db12cb3272cc8057e88ef2a66f013885f713fd38ae471bc6c
followup,heat,P,11,2,200,True,5000,50,stored observation to validated host action including transfer of selected forecast as in original implementation; one-time cache setup excluded,5000,3.29955,6.234202000000001,6.5991,6,0.0012,False,runs\revision_v2\results\E2_raw\session2_heat_P_s11_K200_cache1.npz,e048311f51cfa4042ccba9c534aeb9044b76e3db6f2348b573e39448afe50730
followup,heat,P,23,2,200,True,5000,50,stored observation to validated host action including transfer of selected forecast as in original implementation; one-time cache setup excluded,5000,3.29915,6.216525000000001,6.5983,4,0.0008,False,runs\revision_v2\results\E2_raw\session2_heat_P_s23_K200_cache1.npz,779f58b408d88e3d15fe72d0265125c8f9f68f85ec9f87cfae2d0698e2e7e559
followup,burgers,P,11,2,10,True,5000,50,stored observation to validated host action including transfer of selected forecast as in original implementation; one-time cache setup excluded,5000,2.4454,5.178004,4.8908,254,0.0508,True,runs\revision_v2\results\E2_raw\session2_burgers_P_s11_K10_cache1.npz,2b2a073b8e980fae6919df927977529da9a225d5657a0212fc5bf648f3331e18
followup,heat,B4,37,2,10,False,5000,50,stored observation to validated host action including transfer of selected forecast as in original implementation; one-time cache setup excluded,5000,4.7322500000000005,10.307235,9.464500000000001,378,0.0756,True,runs\revision_v2\results\E2_raw\session2_heat_B4_s37_K10_cache0.npz,219da53ce2964f023dc3e876917116848fe39698d66e9e2db3772df44fe915b6
followup,burgers,B4,23,2,50,False,5000,50,stored observation to validated host action including transfer of selected forecast as in original implementation; one-time cache setup excluded,5000,3.28625,6.882054000000001,6.5725,288,0.0576,True,runs\revision_v2\results\E2_raw\session2_burgers_B4_s23_K50_cache0.npz,41fd0945955669611ed212156969d2a1b6fbdac7fffb31c0d41aed693604956e
followup,burgers,P,37,2,10,False,5000,50,stored observation to validated host action including transfer of selected forecast as in original implementation; one-time cache setup excluded,5000,3.07285,6.661115000000001,6.1457,800,0.16,True,runs\revision_v2\results\E2_raw\session2_burgers_P_s37_K10_cache0.npz,de46903223d25dba3a9700b55e9effbbcb3fc154132c23e4abf1b0658d7987fd
followup,burgers,P,37,2,200,True,5000,50,stored observation to validated host action including transfer of selected forecast as in original implementation; one-time cache setup excluded,5000,3.1156,5.549629,6.2312,0,0.0,False,runs\revision_v2\results\E2_raw\session2_burgers_P_s37_K200_cache1.npz,82aa7cf40c5820078882439470f4b1d933c0ede44d13587c26b14f80506a808d
followup,heat,B4,37,2,25,False,5000,50,stored observation to validated host action including transfer of selected forecast as in original implementation; one-time cache setup excluded,5000,4.8607,10.182626,9.7214,468,0.0936,True,runs\revision_v2\results\E2_raw\session2_heat_B4_s37_K25_cache0.npz,66c8e282ca4363db106c2e594d21d04379508e27eba431ec63e120c6dfd7dc0e
followup,heat,P,23,2,50,False,5000,50,stored observation to validated host action including transfer of selected forecast as in original implementation; one-time cache setup excluded,5000,4.87575,10.116802,9.7515,386,0.0772,True,runs\revision_v2\results\E2_raw\session2_heat_P_s23_K50_cache0.npz,bc0c23b2b2437a9932424437e53c3ae6ef1bfa88a2ca55bedb66cbb8e7a741bb
followup,heat,P,23,2,10,True,5000,50,stored observation to validated host action including transfer of selected forecast as in original implementation; one-time cache setup excluded,5000,2.6436,5.485601,5.2872,223,0.0446,True,runs\revision_v2\results\E2_raw\session2_heat_P_s23_K10_cache1.npz,a3564931c9048c0976c88824549b10cc091e13d311f06949fd1debea6d1df4a6
followup,burgers,P,23,2,50,True,5000,50,stored observation to validated host action including transfer of selected forecast as in original implementation; one-time cache setup excluded,5000,2.60335,5.398322,5.2067,146,0.0292,True,runs\revision_v2\results\E2_raw\session2_burgers_P_s23_K50_cache1.npz,111b8024ce498b3b5097e59277180abc2322ce3aa722d4192fdd2fe63080e891
followup,heat,B4,23,2,50,False,5000,50,stored observation to validated host action including transfer of selected forecast as in original implementation; one-time cache setup excluded,5000,4.91395,10.128332,9.8279,279,0.0558,True,runs\revision_v2\results\E2_raw\session2_heat_B4_s23_K50_cache0.npz,cb157719823fca00a96a2ca32c6ca76fc43dbd878935358a15b75b4d6d7a1cfd
followup,heat,P,23,2,100,False,5000,50,stored observation to validated host action including transfer of selected forecast as in original implementation; one-time cache setup excluded,5000,5.0507,10.304512,10.1014,153,0.0306,True,runs\revision_v2\results\E2_raw\session2_heat_P_s23_K100_cache0.npz,b4c74267edd11dfccd8e925e49e6ab5e6b6783e842ce337eab2248853ae69ead
followup,burgers,P,37,2,25,True,5000,50,stored observation to validated host action including transfer of selected forecast as in original implementation; one-time cache setup excluded,5000,2.5435,5.2746010000000005,5.087,162,0.0324,True,runs\revision_v2\results\E2_raw\session2_burgers_P_s37_K25_cache1.npz,bb4de67741e591acf1bff0405f86d90dceb6f639761dda3f74005200fed12e5d
followup,burgers,P,11,2,50,False,5000,50,stored observation to validated host action including transfer of selected forecast as in original implementation; one-time cache setup excluded,5000,3.2376,6.780009000000001,6.4752,228,0.0456,True,runs\revision_v2\results\E2_raw\session2_burgers_P_s11_K50_cache0.npz,5c2215d198ad2a64812458240355f1df05ab635bd92b1cdd9412b5e014a988be
followup,heat,B4,23,2,50,True,5000,50,stored observation to validated host action including transfer of selected forecast as in original implementation; one-time cache setup excluded,5000,2.8426,5.768122,5.6852,105,0.021,True,runs\revision_v2\results\E2_raw\session2_heat_B4_s23_K50_cache1.npz,87ed25158161d5e3b4bc131d8871fa41db18eadd8c491e4661679896fc22f82d
followup,burgers,P,11,2,200,False,5000,50,stored observation to validated host action including transfer of selected forecast as in original implementation; one-time cache setup excluded,5000,3.7262,7.361919,7.4524,28,0.0056,False,runs\revision_v2\results\E2_raw\session2_burgers_P_s11_K200_cache0.npz,ac6640d5787ec72bd5a8e140d9c6263842ef3ff6ed71127c53c82a6de03ab438
followup,heat,P,23,2,100,True,5000,50,stored observation to validated host action including transfer of selected forecast as in original implementation; one-time cache setup excluded,5000,2.9796,5.794707,5.9592,10,0.002,False,runs\revision_v2\results\E2_raw\session2_heat_P_s23_K100_cache1.npz,68df267718c9fb7d022eb88511dc4aa0d00bf361b087abd7e72519020101043f
followup,heat,B4,11,2,200,True,5000,50,stored observation to validated host action including transfer of selected forecast as in original implementation; one-time cache setup excluded,5000,3.75135,6.980941000000012,7.5027,22,0.0044,False,runs\revision_v2\results\E2_raw\session2_heat_B4_s11_K200_cache1.npz,4b6984c9ccc7198626617063c0db60fcd40f35d1a6890f8982b8762a6eaa3cc8
followup,heat,B4,37,2,10,True,5000,50,stored observation to validated host action including transfer of selected forecast as in original implementation; one-time cache setup excluded,5000,2.6732,5.411467000000002,5.3464,78,0.0156,True,runs\revision_v2\results\E2_raw\session2_heat_B4_s37_K10_cache1.npz,2c48cff06a214bb9fa4af19f4d62ad96bd7ae847ca6a49516d1eb9bf9f419866
followup,heat,B4,23,2,25,True,5000,50,stored observation to validated host action including transfer of selected forecast as in original implementation; one-time cache setup excluded,5000,2.7485999999999997,5.595434,5.497199999999999,96,0.0192,True,runs\revision_v2\results\E2_raw\session2_heat_B4_s23_K25_cache1.npz,48641f60d240b9ba8236e22faffd56e338e96cc302cd6d0488210302c8ebd876
followup,heat,B4,37,2,200,True,5000,50,stored observation to validated host action including transfer of selected forecast as in original implementation; one-time cache setup excluded,5000,3.3476,6.510611000000001,6.6952,19,0.0038,False,runs\revision_v2\results\E2_raw\session2_heat_B4_s37_K200_cache1.npz,5a7260dc6ffff510dca021322032af14b644a1ba95b99e6c27f534510f237dbe
followup,burgers,B4,11,2,25,False,5000,50,stored observation to validated host action including transfer of selected forecast as in original implementation; one-time cache setup excluded,5000,3.1900500000000003,6.688875000000001,6.3801000000000005,210,0.042,True,runs\revision_v2\results\E2_raw\session2_burgers_B4_s11_K25_cache0.npz,33ab2e86a3ee7177c1f6fda1076a7f519fc4874f04dbbc02f1869271d944b622
followup,heat,P,37,2,100,False,5000,50,stored observation to validated host action including transfer of selected forecast as in original implementation; one-time cache setup excluded,5000,5.04275,10.267807999999999,10.0855,138,0.0276,True,runs\revision_v2\results\E2_raw\session2_heat_P_s37_K100_cache0.npz,9bc3207438b7f997b1649ad47b01f922a14b3f2547dd82a5cf7154f86996f8bc
followup,heat,P,37,2,200,False,5000,50,stored observation to validated host action including transfer of selected forecast as in original implementation; one-time cache setup excluded,5000,5.3782499999999995,10.68133,10.756499999999999,34,0.0068,False,runs\revision_v2\results\E2_raw\session2_heat_P_s37_K200_cache0.npz,92de561ae4d1779fe35e6e4fdbc3675d9440a80377c89a5affe3deca0cbde1f3
followup,heat,B4,11,2,50,True,5000,50,stored observation to validated host action including transfer of selected forecast as in original implementation; one-time cache setup excluded,5000,2.82905,5.569536,5.6581,28,0.0056,False,runs\revision_v2\results\E2_raw\session2_heat_B4_s11_K50_cache1.npz,104f303b2ca23664cd8eb90d1be9ea5a455eb62a6fb9d828a8ec079bc1d06411
followup,heat,B4,37,2,50,False,5000,50,stored observation to validated host action including transfer of selected forecast as in original implementation; one-time cache setup excluded,5000,4.93175,10.242049000000002,9.8635,377,0.0754,True,runs\revision_v2\results\E2_raw\session2_heat_B4_s37_K50_cache0.npz,5f7df2b167519d06bf7a2cf5b8a9a46f10a0128f3f3ee49610ff1ab7914523d6
followup,heat,P,11,2,10,False,5000,50,stored observation to validated host action including transfer of selected forecast as in original implementation; one-time cache setup excluded,5000,4.7121,9.955406,9.4242,480,0.096,True,runs\revision_v2\results\E2_raw\session2_heat_P_s11_K10_cache0.npz,38e167317cf11bce41508cd797fe4927d3e0c0ac1cc92755ea54c30fd16457b4
followup,heat,P,11,2,200,False,5000,50,stored observation to validated host action including transfer of selected forecast as in original implementation; one-time cache setup excluded,5000,5.364599999999999,10.638234,10.729199999999999,28,0.0056,False,runs\revision_v2\results\E2_raw\session2_heat_P_s11_K200_cache0.npz,f94f4da784176f082e76a3e7f1f03418835928a80da0e1f00aa9626af13e2050
followup,burgers,B4,37,2,50,False,5000,50,stored observation to validated host action including transfer of selected forecast as in original implementation; one-time cache setup excluded,5000,3.2875,6.797501000000002,6.575,122,0.0244,True,runs\revision_v2\results\E2_raw\session2_burgers_B4_s37_K50_cache0.npz,c7824270b734ee67e9d01b2ed34783a443020a564415d84c05748f5364d8be05
followup,burgers,P,23,2,25,False,5000,50,stored observation to validated host action including transfer of selected forecast as in original implementation; one-time cache setup excluded,5000,3.1514,6.656605,6.3028,251,0.0502,True,runs\revision_v2\results\E2_raw\session2_burgers_P_s23_K25_cache0.npz,8be1c697379ba8605230039bc859bbd1619d796fecc6c0dba9d5613b45f5d338
followup,burgers,P,11,2,25,False,5000,50,stored observation to validated host action including transfer of selected forecast as in original implementation; one-time cache setup excluded,5000,3.1806,6.803027,6.3612,664,0.1328,True,runs\revision_v2\results\E2_raw\session2_burgers_P_s11_K25_cache0.npz,8de3954b08c03a93732863fe646918587a1a18345cdd77775095f54059f21e09
followup,burgers,B4,23,2,100,False,5000,50,stored observation to validated host action including transfer of selected forecast as in original implementation; one-time cache setup excluded,5000,3.46655,7.082628000000001,6.9331,159,0.0318,True,runs\revision_v2\results\E2_raw\session2_burgers_B4_s23_K100_cache0.npz,5f067e222fcbe855fa5a5fa1ed116c59697d41dd7b0f5774d8e74bffe59f307a
followup,heat,P,37,2,50,False,5000,50,stored observation to validated host action including transfer of selected forecast as in original implementation; one-time cache setup excluded,5000,4.8717500000000005,10.113308,9.743500000000001,312,0.0624,True,runs\revision_v2\results\E2_raw\session2_heat_P_s37_K50_cache0.npz,8035e14cf4867058aee86db106facc3d81d1dc48ce6c2c8d0f3f281a807ba999
followup,burgers,P,23,2,50,False,5000,50,stored observation to validated host action including transfer of selected forecast as in original implementation; one-time cache setup excluded,5000,3.2382,6.882313,6.4764,399,0.0798,True,runs\revision_v2\results\E2_raw\session2_burgers_P_s23_K50_cache0.npz,1170369f623c83cc29aee9c429ba59fd64249cfe27db30a0dbf3302e662c4a52
followup,heat,B4,11,2,50,False,5000,50,stored observation to validated host action including transfer of selected forecast as in original implementation; one-time cache setup excluded,5000,4.9296,10.257509,9.8592,383,0.0766,True,runs\revision_v2\results\E2_raw\session2_heat_B4_s11_K50_cache0.npz,9aa0e2f6b3f78282d79629d404805a0431fff90fb9e98530aa01d447f504f95f
followup,burgers,B4,11,2,100,True,5000,50,stored observation to validated host action including transfer of selected forecast as in original implementation; one-time cache setup excluded,5000,2.85285,5.666902,5.7057,34,0.0068,False,runs\revision_v2\results\E2_raw\session2_burgers_B4_s11_K100_cache1.npz,1f0b93e77ffed8000dfc6b027f5f4ec03f1416159b0a37e059b53c5bc73c43a7
followup,burgers,B4,11,2,10,True,5000,50,stored observation to validated host action including transfer of selected forecast as in original implementation; one-time cache setup excluded,5000,2.4872,5.023611000000001,4.9744,81,0.0162,True,runs\revision_v2\results\E2_raw\session2_burgers_B4_s11_K10_cache1.npz,728a8be52bf30f332ab992e6c0408cac7ed754b6a443aa966643189eac23c40d
followup,heat,B4,23,2,100,True,5000,50,stored observation to validated host action including transfer of selected forecast as in original implementation; one-time cache setup excluded,5000,3.0202,5.952637000000001,6.0404,28,0.0056,False,runs\revision_v2\results\E2_raw\session2_heat_B4_s23_K100_cache1.npz,cc9929d1434a1cf65db99181e80e442fb2f63a3bede2d42f3e8e2380b1277268
followup,burgers,P,11,2,50,True,5000,50,stored observation to validated host action including transfer of selected forecast as in original implementation; one-time cache setup excluded,5000,2.6155,5.043308000000001,5.231,7,0.0014,False,runs\revision_v2\results\E2_raw\session2_burgers_P_s11_K50_cache1.npz,6a03e839af89a362f65f8bf5eb5808883be7ea6dceb68317d078a12f2927256a
followup,burgers,P,23,2,100,False,5000,50,stored observation to validated host action including transfer of selected forecast as in original implementation; one-time cache setup excluded,5000,3.4012,6.8892630000000015,6.8024,105,0.021,True,runs\revision_v2\results\E2_raw\session2_burgers_P_s23_K100_cache0.npz,aca8f727fc61f5a4b712844dd4ed2c0916b0d63b1f0ec51882a6f6a307862f03
followup,burgers,P,11,2,25,True,5000,50,stored observation to validated host action including transfer of selected forecast as in original implementation; one-time cache setup excluded,5000,2.5378499999999997,5.0157240000000005,5.075699999999999,30,0.006,False,runs\revision_v2\results\E2_raw\session2_burgers_P_s11_K25_cache1.npz,d8115512db81793c40c8c7f794db270b456534e8bd745a1f322c39e646aaa80d
followup,burgers,B4,11,2,200,True,5000,50,stored observation to validated host action including transfer of selected forecast as in original implementation; one-time cache setup excluded,5000,3.1664,5.670209000000001,6.3328,1,0.0002,False,runs\revision_v2\results\E2_raw\session2_burgers_B4_s11_K200_cache1.npz,2a8c39cc2fd959449f101df8042a3ce12a4ad6c8c95fceda4bd5a92b8608018f
followup,heat,P,37,2,10,False,5000,50,stored observation to validated host action including transfer of selected forecast as in original implementation; one-time cache setup excluded,5000,4.71735,10.024707,9.4347,664,0.1328,True,runs\revision_v2\results\E2_raw\session2_heat_P_s37_K10_cache0.npz,247b0b22174c3f8cd2764a525b0dfd3f23da016d4a4800b371dbe8f4060c2925
followup,heat,B4,11,2,10,True,5000,50,stored observation to validated host action including transfer of selected forecast as in original implementation; one-time cache setup excluded,5000,2.6591,5.314203,5.3182,48,0.0096,False,runs\revision_v2\results\E2_raw\session2_heat_B4_s11_K10_cache1.npz,94d21a8d28507f11d09021975ff3e3efc3b91ce2c12de1447b726cc7c3d666a7
followup,burgers,P,11,2,10,False,5000,50,stored observation to validated host action including transfer of selected forecast as in original implementation; one-time cache setup excluded,5000,3.0915,6.622522,6.183,619,0.1238,True,runs\revision_v2\results\E2_raw\session2_burgers_P_s11_K10_cache0.npz,60ddd125af5041ea5c60e83c40658f095bb7ec060ae7a434cd31e326ac6f58bc
followup,burgers,B4,37,2,100,False,5000,50,stored observation to validated host action including transfer of selected forecast as in original implementation; one-time cache setup excluded,5000,3.4648,7.096723000000001,6.9296,129,0.0258,True,runs\revision_v2\results\E2_raw\session2_burgers_B4_s37_K100_cache0.npz,321a7f44ab925eabff744ded40721f6b8aca4aaee7ba274e609f936953fa0e31
followup,heat,B4,37,2,100,True,5000,50,stored observation to validated host action including transfer of selected forecast as in original implementation; one-time cache setup excluded,5000,3.0031499999999998,5.933921000000001,6.0062999999999995,29,0.0058,False,runs\revision_v2\results\E2_raw\session2_heat_B4_s37_K100_cache1.npz,678eba9e056c099949235aa1729221a4f1b52735990663725a190581c7551129
followup,heat,B4,23,2,200,True,5000,50,stored observation to validated host action including transfer of selected forecast as in original implementation; one-time cache setup excluded,5000,3.3682,6.56572,6.7364,25,0.005,False,runs\revision_v2\results\E2_raw\session2_heat_B4_s23_K200_cache1.npz,5b9f2cd2ca8a289ee990cfddfa3e8dcd47f4342678e6cf3c7d32d1f6514337d6
followup,heat,P,11,2,50,True,5000,50,stored observation to validated host action including transfer of selected forecast as in original implementation; one-time cache setup excluded,5000,2.8145499999999997,5.641217000000001,5.629099999999999,58,0.0116,True,runs\revision_v2\results\E2_raw\session2_heat_P_s11_K50_cache1.npz,47690cc81f7abc8b3f3138a51418a8f8d4a69a59f0844937562258cabdc14c20
followup,burgers,B4,11,2,25,True,5000,50,stored observation to validated host action including transfer of selected forecast as in original implementation; one-time cache setup excluded,5000,2.5877499999999998,5.356922000000001,5.1754999999999995,156,0.0312,True,runs\revision_v2\results\E2_raw\session2_burgers_B4_s11_K25_cache1.npz,8316d83ffaaea7ab0c69ecae9cb89f90de21520b301e0da4c2d436dcf0fa519d
followup,burgers,B4,37,2,10,True,5000,50,stored observation to validated host action including transfer of selected forecast as in original implementation; one-time cache setup excluded,5000,2.4825,5.020306,4.965,83,0.0166,True,runs\revision_v2\results\E2_raw\session2_burgers_B4_s37_K10_cache1.npz,eaa09755124bfcc382f9c82caeebc68249d90d947e7e06d8556669c033b7dea7
followup,burgers,B4,11,2,200,False,5000,50,stored observation to validated host action including transfer of selected forecast as in original implementation; one-time cache setup excluded,5000,4.2896,8.520981000000003,8.5792,48,0.0096,False,runs\revision_v2\results\E2_raw\session2_burgers_B4_s11_K200_cache0.npz,6c2b11d7838aaf632e8059129a53b21257eed7ddb945a1715b7c6feaf20d4cd4
followup,burgers,B4,11,2,100,False,5000,50,stored observation to validated host action including transfer of selected forecast as in original implementation; one-time cache setup excluded,5000,3.4487,6.985028000000001,6.8974,102,0.0204,True,runs\revision_v2\results\E2_raw\session2_burgers_B4_s11_K100_cache0.npz,f1abc4f0e3f85e3656da66701ebef157c90d8e0dc93d1dcc2cc016bddba35de7
followup,heat,P,37,2,25,True,5000,50,stored observation to validated host action including transfer of selected forecast as in original implementation; one-time cache setup excluded,5000,2.7213,5.3798,5.4426,33,0.0066,False,runs\revision_v2\results\E2_raw\session2_heat_P_s37_K25_cache1.npz,caf0d7c1fe7a1c2b30c02b3089e3b4443be0f5627130aa22f0e8b33f58b3218e
followup,heat,B4,11,2,25,False,5000,50,stored observation to validated host action including transfer of selected forecast as in original implementation; one-time cache setup excluded,5000,4.8447499999999994,10.048428000000001,9.689499999999999,230,0.046,True,runs\revision_v2\results\E2_raw\session2_heat_B4_s11_K25_cache0.npz,8293efd3c355d4fff974016295eafbb27c348bff9c06d32e6ceb125a3c7da7ae
followup,burgers,B4,11,2,50,True,5000,50,stored observation to validated host action including transfer of selected forecast as in original implementation; one-time cache setup excluded,5000,2.6544499999999998,5.2567200000000005,5.3088999999999995,28,0.0056,False,runs\revision_v2\results\E2_raw\session2_burgers_B4_s11_K50_cache1.npz,53127be55576f234920186645c9aa3461cbf4bf64489d8e71e57822d80b9773d
followup,heat,P,23,2,25,True,5000,50,stored observation to validated host action including transfer of selected forecast as in original implementation; one-time cache setup excluded,5000,2.7245999999999997,5.561407,5.449199999999999,111,0.0222,True,runs\revision_v2\results\E2_raw\session2_heat_P_s23_K25_cache1.npz,fdfd5f1fef63ba6cc85c4a47cbae9749c7515f3ff94ec1888ace9f5d74408c4f
followup,burgers,P,11,2,200,True,5000,50,stored observation to validated host action including transfer of selected forecast as in original implementation; one-time cache setup excluded,5000,3.12255,5.913313,6.2451,3,0.0006,False,runs\revision_v2\results\E2_raw\session2_burgers_P_s11_K200_cache1.npz,1ee547a56d3e4d46f70a742ded5664f1b3d772d28d567f680dfda462836b98b9
followup,heat,P,37,2,50,True,5000,50,stored observation to validated host action including transfer of selected forecast as in original implementation; one-time cache setup excluded,5000,2.7916499999999997,5.761617,5.5832999999999995,173,0.0346,True,runs\revision_v2\results\E2_raw\session2_heat_P_s37_K50_cache1.npz,784e52f71203919b69741443eb5c19d13faed85d70ced147b6cdce9e65a09898
followup,burgers,B4,37,2,25,True,5000,50,stored observation to validated host action including transfer of selected forecast as in original implementation; one-time cache setup excluded,5000,2.5905,5.19535,5.181,54,0.0108,True,runs\revision_v2\results\E2_raw\session2_burgers_B4_s37_K25_cache1.npz,20c4e42031d8eb34160b2eb5e648edf6ab13b5f256014ff9dd623d9820d20679
followup,burgers,B4,23,2,100,True,5000,50,stored observation to validated host action including transfer of selected forecast as in original implementation; one-time cache setup excluded,5000,2.8168,5.219615,5.6336,0,0.0,False,runs\revision_v2\results\E2_raw\session2_burgers_B4_s23_K100_cache1.npz,682ca0bfcd28d37a74895253311aeddfbe97b2be07f5d09a82e9c5ee5d9e5711
followup,heat,B4,11,2,200,False,5000,50,stored observation to validated host action including transfer of selected forecast as in original implementation; one-time cache setup excluded,5000,5.4276,10.688165000000001,10.8552,20,0.004,False,runs\revision_v2\results\E2_raw\session2_heat_B4_s11_K200_cache0.npz,caf09c4faf4a1a2a61ed4e137217bf5a31125401e07e39300a522c34dcf65d33
followup,heat,B4,23,2,10,True,5000,50,stored observation to validated host action including transfer of selected forecast as in original implementation; one-time cache setup excluded,5000,2.6671,5.370613,5.3342,72,0.0144,True,runs\revision_v2\results\E2_raw\session2_heat_B4_s23_K10_cache1.npz,5fe085975e010fdd8353220c40764b6c34e6a2d975e90a41b9cdd103d30d3621
followup,burgers,P,23,3,100,False,5000,50,stored observation to validated host action including transfer of selected forecast as in original implementation; one-time cache setup excluded,5000,3.4074,6.923204999999999,6.8148,102,0.0204,True,runs\revision_v2\results\E2_raw\session3_burgers_P_s23_K100_cache0.npz,95f1c9597b8f6016b571127c13bad536226cc5ab181db951deda7a21876c0a3a
followup,heat,B4,11,3,50,False,5000,50,stored observation to validated host action including transfer of selected forecast as in original implementation; one-time cache setup excluded,5000,4.93825,10.199369,9.8765,312,0.0624,True,runs\revision_v2\results\E2_raw\session3_heat_B4_s11_K50_cache0.npz,a6f67191827909ca47cce5a50ed1d0b8d725855446166c92ef8f92e2f90736d0
followup,heat,B4,11,3,200,False,5000,50,stored observation to validated host action including transfer of selected forecast as in original implementation; one-time cache setup excluded,5000,5.43435,10.682081000000002,10.8687,17,0.0034,False,runs\revision_v2\results\E2_raw\session3_heat_B4_s11_K200_cache0.npz,5fdf9d75c1ba62d99a1ac65bc85dc7bf49c3526f86e44c8ff2fdd2e2dca3e7d2
followup,heat,B4,37,3,25,False,5000,50,stored observation to validated host action including transfer of selected forecast as in original implementation; one-time cache setup excluded,5000,4.85605,10.194426,9.7121,241,0.0482,True,runs\revision_v2\results\E2_raw\session3_heat_B4_s37_K25_cache0.npz,2e4b6a5399940ae9aeb83c281149a4e89f3612173cac239a69684bbfb99bad5c
followup,heat,B4,37,3,10,True,5000,50,stored observation to validated host action including transfer of selected forecast as in original implementation; one-time cache setup excluded,5000,2.6675,5.349004,5.335,58,0.0116,True,runs\revision_v2\results\E2_raw\session3_heat_B4_s37_K10_cache1.npz,41ffc70b2aeff1c8b12f9a0c95e2b1ae4fd3c924e59485b0a1d8270c39f45dd7
followup,burgers,P,37,3,25,True,5000,50,stored observation to validated host action including transfer of selected forecast as in original implementation; one-time cache setup excluded,5000,2.5366,5.011213,5.0732,30,0.006,False,runs\revision_v2\results\E2_raw\session3_burgers_P_s37_K25_cache1.npz,cb0ed04717b0acc721ad492380e41e18adad6998650fad167819ce9e415ad06b
followup,burgers,B4,37,3,200,True,5000,50,stored observation to validated host action including transfer of selected forecast as in original implementation; one-time cache setup excluded,5000,3.1743,5.973334,6.3486,6,0.0012,False,runs\revision_v2\results\E2_raw\session3_burgers_B4_s37_K200_cache1.npz,7337ae9cfbad47481080f189a36495c7c4f20bc43d2f73d2e6f5586c78a6cb79
followup,heat,B4,37,3,200,False,5000,50,stored observation to validated host action including transfer of selected forecast as in original implementation; one-time cache setup excluded,5000,5.4389,10.732579000000001,10.8778,20,0.004,False,runs\revision_v2\results\E2_raw\session3_heat_B4_s37_K200_cache0.npz,f52db7520915c8015f82d5efa129ebcee1cdd806d154bede488692b5c6d3b4af
followup,burgers,B4,23,3,200,True,5000,50,stored observation to validated host action including transfer of selected forecast as in original implementation; one-time cache setup excluded,5000,3.1821,6.041828000000001,6.3642,4,0.0008,False,runs\revision_v2\results\E2_raw\session3_burgers_B4_s23_K200_cache1.npz,2739d24dfd1bc97ab70822af38a1f43c8a4e9f73f196627b0040e6c3c4505d93
followup,heat,B4,11,3,25,False,5000,50,stored observation to validated host action including transfer of selected forecast as in original implementation; one-time cache setup excluded,5000,4.8451,9.880126,9.6902,82,0.0164,True,runs\revision_v2\results\E2_raw\session3_heat_B4_s11_K25_cache0.npz,f5a209925cd6523e6034bfff7d37da657525e23be22e0b08368c4ceab3302074
followup,burgers,P,37,3,200,False,5000,50,stored observation to validated host action including transfer of selected forecast as in original implementation; one-time cache setup excluded,5000,3.73355,7.213423000000001,7.4671,11,0.0022,False,runs\revision_v2\results\E2_raw\session3_burgers_P_s37_K200_cache0.npz,c27a9c39633c84aa05961f1f4b316a04a57c98413f9080e945b3ee98660a115a
followup,burgers,B4,23,3,25,False,5000,50,stored observation to validated host action including transfer of selected forecast as in original implementation; one-time cache setup excluded,5000,3.2143,6.8926039999999995,6.4286,574,0.1148,True,runs\revision_v2\results\E2_raw\session3_burgers_B4_s23_K25_cache0.npz,0aa0bafdbe2095c4178d979577288cfdfe9e0fbd0545ab5c7dc399155b8cbd35
followup,burgers,P,11,3,200,False,5000,50,stored observation to validated host action including transfer of selected forecast as in original implementation; one-time cache setup excluded,5000,3.72985,7.216606,7.4597,4,0.0008,False,runs\revision_v2\results\E2_raw\session3_burgers_P_s11_K200_cache0.npz,bcaed421af6ed969f40887d5852d1a07ce6df018c0a8ec79f12a7a7bc837cbad
followup,burgers,P,37,3,200,True,5000,50,stored observation to validated host action including transfer of selected forecast as in original implementation; one-time cache setup excluded,5000,3.1369499999999997,5.967124000000001,6.273899999999999,13,0.0026,False,runs\revision_v2\results\E2_raw\session3_burgers_P_s37_K200_cache1.npz,60cb72480445ecf87ceeb27a3fc17dd1d55a995134829de1dbf4aaf7163a2278
followup,heat,P,23,3,100,False,5000,50,stored observation to validated host action including transfer of selected forecast as in original implementation; one-time cache setup excluded,5000,5.0465,10.288622000000002,10.093,157,0.0314,True,runs\revision_v2\results\E2_raw\session3_heat_P_s23_K100_cache0.npz,f71fedf896eed158d4acaac6bd01f3991fbe3c79cd46c2db665fe65e5c725c04
followup,heat,P,37,3,25,True,5000,50,stored observation to validated host action including transfer of selected forecast as in original implementation; one-time cache setup excluded,5000,2.7376,5.537039000000001,5.4752,85,0.017,True,runs\revision_v2\results\E2_raw\session3_heat_P_s37_K25_cache1.npz,8f985bf2d230a48cdfe519fb534ea877d532051f2d67d06aed79ecbd96462bc8
followup,heat,B4,23,3,50,False,5000,50,stored observation to validated host action including transfer of selected forecast as in original implementation; one-time cache setup excluded,5000,4.95535,10.223404,9.9107,363,0.0726,True,runs\revision_v2\results\E2_raw\session3_heat_B4_s23_K50_cache0.npz,7faa34f4a5047938cb2def243a4cccff22494e2b09db759e2d3c116a3b9d9c68
followup,burgers,P,11,3,100,True,5000,50,stored observation to validated host action including transfer of selected forecast as in original implementation; one-time cache setup excluded,5000,2.7956,5.312435000000001,5.5912,14,0.0028,False,runs\revision_v2\results\E2_raw\session3_burgers_P_s11_K100_cache1.npz,247e00e8dff2a5fd4206df3d9b2cf56d7390e120a981212f66ecde1480ffbbe5
followup,heat,P,37,3,200,True,5000,50,stored observation to validated host action including transfer of selected forecast as in original implementation; one-time cache setup excluded,5000,3.29645,6.090333000000001,6.5929,3,0.0006,False,runs\revision_v2\results\E2_raw\session3_heat_P_s37_K200_cache1.npz,b461c94cab7413bcd6519ce342e86a1a8fedec76aad8bf335515eb9fa7f75d36
followup,burgers,P,23,3,200,False,5000,50,stored observation to validated host action including transfer of selected forecast as in original implementation; one-time cache setup excluded,5000,3.7373,7.262426000000001,7.4746,16,0.0032,False,runs\revision_v2\results\E2_raw\session3_burgers_P_s23_K200_cache0.npz,4938c01b66c335c53383302b1426eeffafb97b1a5d4be32169a5a06764694acd
followup,heat,P,23,3,100,True,5000,50,stored observation to validated host action including transfer of selected forecast as in original implementation; one-time cache setup excluded,5000,2.9561,5.755242000000001,5.9122,12,0.0024,False,runs\revision_v2\results\E2_raw\session3_heat_P_s23_K100_cache1.npz,0436dddf3f2c02da9f746adaecfbc56125c003e0943b52fdcfa72c04354a7941
followup,heat,P,23,3,25,False,5000,50,stored observation to validated host action including transfer of selected forecast as in original implementation; one-time cache setup excluded,5000,4.7999,10.016872000000001,9.5998,430,0.086,True,runs\revision_v2\results\E2_raw\session3_heat_P_s23_K25_cache0.npz,a8054135c5f8e3004e81b23f64795744081982110684ada391d2e1374ae723db
followup,heat,P,11,3,10,True,5000,50,stored observation to validated host action including transfer of selected forecast as in original implementation; one-time cache setup excluded,5000,2.62395,5.320418000000001,5.2479,92,0.0184,True,runs\revision_v2\results\E2_raw\session3_heat_P_s11_K10_cache1.npz,488fe41097061fe6c5eb6e61a407a3943a992857653b2bb1c9faac1218d3cf23
followup,burgers,P,37,3,10,True,5000,50,stored observation to validated host action including transfer of selected forecast as in original implementation; one-time cache setup excluded,5000,2.4548,5.028552000000001,4.9096,134,0.0268,True,runs\revision_v2\results\E2_raw\session3_burgers_P_s37_K10_cache1.npz,6841d51f9fee826189691f8fe8df89254d850324b2a5e9be9c1632e8a15ee10b
followup,burgers,B4,37,3,50,False,5000,50,stored observation to validated host action including transfer of selected forecast as in original implementation; one-time cache setup excluded,5000,3.2952500000000002,6.891003,6.5905000000000005,402,0.0804,True,runs\revision_v2\results\E2_raw\session3_burgers_B4_s37_K50_cache0.npz,1cb37fe76f73f24770523770c5d46cc00fb2f1e2bfde363316abb87477696565
followup,burgers,B4,11,3,10,True,5000,50,stored observation to validated host action including transfer of selected forecast as in original implementation; one-time cache setup excluded,5000,2.48455,5.022248000000001,4.9691,84,0.0168,True,runs\revision_v2\results\E2_raw\session3_burgers_B4_s11_K10_cache1.npz,98bf85b3961d1fc44bafc2ee19fa9727c697e741aa297e5103ec30f207edbf91
followup,burgers,P,11,3,10,True,5000,50,stored observation to validated host action including transfer of selected forecast as in original implementation; one-time cache setup excluded,5000,2.4525,5.141710000000001,4.905,192,0.0384,True,runs\revision_v2\results\E2_raw\session3_burgers_P_s11_K10_cache1.npz,5613ed2bdec8e2d2f7ab92266eba210b780ab96514d4d1e8e36877a69392af22
followup,heat,P,11,3,25,False,5000,50,stored observation to validated host action including transfer of selected forecast as in original implementation; one-time cache setup excluded,5000,4.7859,9.987314,9.5718,364,0.0728,True,runs\revision_v2\results\E2_raw\session3_heat_P_s11_K25_cache0.npz,bf24614374eada41ccf55f05af49725d83a6da0b6fd53a50baa5ca77331b8f50
followup,burgers,P,11,3,100,False,5000,50,stored observation to validated host action including transfer of selected forecast as in original implementation; one-time cache setup excluded,5000,3.413,6.962634,6.826,114,0.0228,True,runs\revision_v2\results\E2_raw\session3_burgers_P_s11_K100_cache0.npz,b08e7a23564a237220ae792fb6710c10ffbd86c70702afc048dd8b2a3a33409b
followup,burgers,B4,37,3,100,True,5000,50,stored observation to validated host action including transfer of selected forecast as in original implementation; one-time cache setup excluded,5000,2.84395,5.614812,5.6879,24,0.0048,False,runs\revision_v2\results\E2_raw\session3_burgers_B4_s37_K100_cache1.npz,56316323a4a15cefbdcd4b418ef753c852c03a3a44ee18ae5d776fda2818cd21
followup,heat,B4,37,3,50,True,5000,50,stored observation to validated host action including transfer of selected forecast as in original implementation; one-time cache setup excluded,5000,2.8413500000000003,5.744708,5.6827000000000005,93,0.0186,True,runs\revision_v2\results\E2_raw\session3_heat_B4_s37_K50_cache1.npz,bf93e819389df444217a696096b17b8947c70d995d00c84f3ca3681841dec2cd
followup,heat,P,23,3,10,True,5000,50,stored observation to validated host action including transfer of selected forecast as in original implementation; one-time cache setup excluded,5000,2.6485,5.406138000000001,5.297,130,0.026,True,runs\revision_v2\results\E2_raw\session3_heat_P_s23_K10_cache1.npz,9f4467f597422a0550c50be52b63eda5f1b787c4465a03610cd8be926c055c5d
followup,burgers,B4,11,3,10,False,5000,50,stored observation to validated host action including transfer of selected forecast as in original implementation; one-time cache setup excluded,5000,3.1211,6.689301,6.2422,517,0.1034,True,runs\revision_v2\results\E2_raw\session3_burgers_B4_s11_K10_cache0.npz,058378e51beb4fe1917cbcfbacc87f2e9cfcdd5c74af4f379241a7eb5d28b023
followup,burgers,B4,11,3,25,False,5000,50,stored observation to validated host action including transfer of selected forecast as in original implementation; one-time cache setup excluded,5000,3.19665,6.685238000000001,6.3933,244,0.0488,True,runs\revision_v2\results\E2_raw\session3_burgers_B4_s11_K25_cache0.npz,9dbe471f938e5c75a1c74e3af964a3de80d86385c03047471a5010dc8dac0e92
followup,heat,B4,11,3,200,True,5000,50,stored observation to validated host action including transfer of selected forecast as in original implementation; one-time cache setup excluded,5000,3.5923499999999997,6.75975900000001,7.184699999999999,24,0.0048,False,runs\revision_v2\results\E2_raw\session3_heat_B4_s11_K200_cache1.npz,b20338eb4622a04a0301d069da5e3dc02317eb79a58ece19b9ddaaf97a94f0df
followup,burgers,P,37,3,50,False,5000,50,stored observation to validated host action including transfer of selected forecast as in original implementation; one-time cache setup excluded,5000,3.2342,6.719431000000001,6.4684,293,0.0586,True,runs\revision_v2\results\E2_raw\session3_burgers_P_s37_K50_cache0.npz,fba663dae93417d9e0e6e3918c58ac84d97d898598bfc7301a694ce82b67f75d
followup,burgers,P,23,3,25,False,5000,50,stored observation to validated host action including transfer of selected forecast as in original implementation; one-time cache setup excluded,5000,3.15175,6.641639000000001,6.3035,371,0.0742,True,runs\revision_v2\results\E2_raw\session3_burgers_P_s23_K25_cache0.npz,4cbd87543f3e7ab62ee84cb4107dcb8eea71edc5e1ca42c96de1000251e3e20e
followup,heat,P,23,3,50,False,5000,50,stored observation to validated host action including transfer of selected forecast as in original implementation; one-time cache setup excluded,5000,4.86095,10.018527,9.7219,256,0.0512,True,runs\revision_v2\results\E2_raw\session3_heat_P_s23_K50_cache0.npz,f9f18d22e318c71821e33abf48432496ddfe468acce0c69f6568238f36039db0
followup,burgers,P,11,3,50,True,5000,50,stored observation to validated host action including transfer of selected forecast as in original implementation; one-time cache setup excluded,5000,2.6189,5.3203450000000005,5.2378,75,0.015,True,runs\revision_v2\results\E2_raw\session3_burgers_P_s11_K50_cache1.npz,f5ac5374be6b6d5e2bca42a74bf1c1f46a83cc0bb15b9aeb3f470e11bc4da9c0
followup,burgers,B4,37,3,25,True,5000,50,stored observation to validated host action including transfer of selected forecast as in original implementation; one-time cache setup excluded,5000,2.6072,5.422629000000001,5.2144,242,0.0484,True,runs\revision_v2\results\E2_raw\session3_burgers_B4_s37_K25_cache1.npz,2e0aa09d04e37feade253604ef8932584d5246241b9f39bd843c00407a0c44f8
followup,burgers,B4,11,3,50,True,5000,50,stored observation to validated host action including transfer of selected forecast as in original implementation; one-time cache setup excluded,5000,2.66715,5.140854000000001,5.3343,9,0.0018,False,runs\revision_v2\results\E2_raw\session3_burgers_B4_s11_K50_cache1.npz,f410d01250fb6c3a2b4f64bed861882b58ff4619df17fd88a320a06e1da3f96d
followup,burgers,B4,23,3,200,False,5000,50,stored observation to validated host action including transfer of selected forecast as in original implementation; one-time cache setup excluded,5000,3.7915,7.417129,7.583,22,0.0044,False,runs\revision_v2\results\E2_raw\session3_burgers_B4_s23_K200_cache0.npz,dd97a8ab3b387800d17f8e2036d1b7e375725a6228190fa30112163cf8de2292
followup,burgers,B4,37,3,200,False,5000,50,stored observation to validated host action including transfer of selected forecast as in original implementation; one-time cache setup excluded,5000,3.8053,7.507868000000001,7.6106,26,0.0052,False,runs\revision_v2\results\E2_raw\session3_burgers_B4_s37_K200_cache0.npz,bf905e9f191cce3d773965ee977b4cc678e2b4b85a19ea0de5df5355165a6fc1
followup,burgers,P,11,3,200,True,5000,50,stored observation to validated host action including transfer of selected forecast as in original implementation; one-time cache setup excluded,5000,3.1309,5.986416,6.2618,8,0.0016,False,runs\revision_v2\results\E2_raw\session3_burgers_P_s11_K200_cache1.npz,bc7f3c8ad6df4a4f2cb0dc259709b81967b00c936318aa678acc369c3fba8efd
followup,heat,P,11,3,200,False,5000,50,stored observation to validated host action including transfer of selected forecast as in original implementation; one-time cache setup excluded,5000,5.3762,10.613574000000002,10.7524,20,0.004,False,runs\revision_v2\results\E2_raw\session3_heat_P_s11_K200_cache0.npz,d88252968862868680650b8081cafcffaaa1f3a0f29327ef6ea30f58f3ffff55
followup,burgers,P,11,3,50,False,5000,50,stored observation to validated host action including transfer of selected forecast as in original implementation; one-time cache setup excluded,5000,3.251,6.778004999999999,6.502,194,0.0388,True,runs\revision_v2\results\E2_raw\session3_burgers_P_s11_K50_cache0.npz,8cb950f4c00de696ce564587d125d44688d601c70a387939798498e98fe1e7b8
followup,burgers,B4,11,3,100,True,5000,50,stored observation to validated host action including transfer of selected forecast as in original implementation; one-time cache setup excluded,5000,2.82835,5.310517000000001,5.6567,2,0.0004,False,runs\revision_v2\results\E2_raw\session3_burgers_B4_s11_K100_cache1.npz,91d22546fd63b3c4b7c123b8235f07ae6e500a785503abf699340d60ee325b76
followup,burgers,P,23,3,25,True,5000,50,stored observation to validated host action including transfer of selected forecast as in original implementation; one-time cache setup excluded,5000,2.5452500000000002,5.256272000000001,5.0905000000000005,163,0.0326,True,runs\revision_v2\results\E2_raw\session3_burgers_P_s23_K25_cache1.npz,ebdb48b8611a446f815e76aeb314f959a5548c48083ad76bd906dbebd548bf14
followup,heat,P,11,3,50,False,5000,50,stored observation to validated host action including transfer of selected forecast as in original implementation; one-time cache setup excluded,5000,4.9095,10.1796,9.819,440,0.088,True,runs\revision_v2\results\E2_raw\session3_heat_P_s11_K50_cache0.npz,ad829bde2be68f7f23a1be039ab79f88cc5a06a13810b68130396e1c43efdab0
followup,heat,P,23,3,200,True,5000,50,stored observation to validated host action including transfer of selected forecast as in original implementation; one-time cache setup excluded,5000,3.29495,6.216603999999999,6.5899,8,0.0016,False,runs\revision_v2\results\E2_raw\session3_heat_P_s23_K200_cache1.npz,eb60c6fbc0fe1c2843d843a4f3108baa98aab8d762399e661dbccebb317d43c7
followup,heat,B4,23,3,50,True,5000,50,stored observation to validated host action including transfer of selected forecast as in original implementation; one-time cache setup excluded,5000,2.83085,5.536003999999999,5.6617,14,0.0028,False,runs\revision_v2\results\E2_raw\session3_heat_B4_s23_K50_cache1.npz,894451b32cd5c0af3ee26eb8bd80910ad835e6c85d8f69aa169f60bb04245fe9
followup,burgers,P,23,3,50,True,5000,50,stored observation to validated host action including transfer of selected forecast as in original implementation; one-time cache setup excluded,5000,2.6132,5.257414,5.2264,66,0.0132,True,runs\revision_v2\results\E2_raw\session3_burgers_P_s23_K50_cache1.npz,5bce21dc075e7eaf800356811eca388184453bff3aaa98934f0984ee5a312887
followup,heat,P,23,3,25,True,5000,50,stored observation to validated host action including transfer of selected forecast as in original implementation; one-time cache setup excluded,5000,2.71915,5.442003000000001,5.4383,52,0.0104,True,runs\revision_v2\results\E2_raw\session3_heat_P_s23_K25_cache1.npz,6d056482b7e7c46e694dcbcf63f27941dc4902dfe1cab200f208db1ae955e7e4
followup,heat,B4,37,3,100,False,5000,50,stored observation to validated host action including transfer of selected forecast as in original implementation; one-time cache setup excluded,5000,5.10185,10.369620000000001,10.2037,151,0.0302,True,runs\revision_v2\results\E2_raw\session3_heat_B4_s37_K100_cache0.npz,d22c62b4ad12aee20a6b4502af7709e22e3365905225d15694ceb423495c1782
followup,burgers,P,11,3,10,False,5000,50,stored observation to validated host action including transfer of selected forecast as in original implementation; one-time cache setup excluded,5000,3.0743,6.615404,6.1486,405,0.081,True,runs\revision_v2\results\E2_raw\session3_burgers_P_s11_K10_cache0.npz,c8c8ea621958c13dd264c97ed0129abaeaff6f79c7d97b9abc01f13bf80a6409
followup,burgers,B4,11,3,200,False,5000,50,stored observation to validated host action including transfer of selected forecast as in original implementation; one-time cache setup excluded,5000,3.7827,7.446232000000001,7.5654,20,0.004,False,runs\revision_v2\results\E2_raw\session3_burgers_B4_s11_K200_cache0.npz,baceed2c6a98acd8cab2bc307f7d1973e2f97257069c64e690e6d4c6d4aebab3
followup,heat,P,37,3,50,True,5000,50,stored observation to validated host action including transfer of selected forecast as in original implementation; one-time cache setup excluded,5000,2.7881,5.315411000000001,5.5762,4,0.0008,False,runs\revision_v2\results\E2_raw\session3_heat_P_s37_K50_cache1.npz,bbaf0cd216bddcd85d10dde14021bee99ad41f035c46a435ee23a76a24af2417
followup,burgers,P,23,3,50,False,5000,50,stored observation to validated host action including transfer of selected forecast as in original implementation; one-time cache setup excluded,5000,3.22975,6.655312,6.4595,119,0.0238,True,runs\revision_v2\results\E2_raw\session3_burgers_P_s23_K50_cache0.npz,a9a1674d0b4309b97dcac56a15ada22f48dfcaa5481425e4d4023831e3143e23
followup,heat,P,37,3,100,True,5000,50,stored observation to validated host action including transfer of selected forecast as in original implementation; one-time cache setup excluded,5000,2.9576,5.6870140000000005,5.9152,6,0.0012,False,runs\revision_v2\results\E2_raw\session3_heat_P_s37_K100_cache1.npz,35be78d5ae73543b831594c2a5d433386ff8033926da895faaed5a7e4a97d89e
followup,heat,B4,37,3,50,False,5000,50,stored observation to validated host action including transfer of selected forecast as in original implementation; one-time cache setup excluded,5000,4.9121500000000005,10.110700999999999,9.824300000000001,189,0.0378,True,runs\revision_v2\results\E2_raw\session3_heat_B4_s37_K50_cache0.npz,5841adb1ad31fe954512119fb53710eef607f96061a7e4d85a23aaed2f27def0
followup,burgers,P,37,3,100,True,5000,50,stored observation to validated host action including transfer of selected forecast as in original implementation; one-time cache setup excluded,5000,2.79335,5.372595000000001,5.5867,16,0.0032,False,runs\revision_v2\results\E2_raw\session3_burgers_P_s37_K100_cache1.npz,cf39d8261891a938647e8c394a1d7333ba47498cead0fbe6b5392e597c76df7d
followup,burgers,B4,11,3,100,False,5000,50,stored observation to validated host action including transfer of selected forecast as in original implementation; one-time cache setup excluded,5000,3.4634,7.087753000000001,6.9268,152,0.0304,True,runs\revision_v2\results\E2_raw\session3_burgers_B4_s11_K100_cache0.npz,afef1ebce301a1c9d7ab4bb9b7d66c50b3881fab2db02eb11d8c1072414861f0
followup,heat,P,23,3,50,True,5000,50,stored observation to validated host action including transfer of selected forecast as in original implementation; one-time cache setup excluded,5000,2.8038,5.690624000000001,5.6076,81,0.0162,True,runs\revision_v2\results\E2_raw\session3_heat_P_s23_K50_cache1.npz,b1cf0d260fbe2eaf371508fa366a066306f69457067dc4e3895840ca68f5be81
followup,burgers,B4,23,3,50,True,5000,50,stored observation to validated host action including transfer of selected forecast as in original implementation; one-time cache setup excluded,5000,2.66585,5.233515000000001,5.3317,18,0.0036,False,runs\revision_v2\results\E2_raw\session3_burgers_B4_s23_K50_cache1.npz,dac23b5481885dc9b9db2beb596ec4a578652aa9c333e4c35e55a15c6e48862c
followup,heat,B4,11,3,10,False,5000,50,stored observation to validated host action including transfer of selected forecast as in original implementation; one-time cache setup excluded,5000,4.7621,9.973414,9.5242,368,0.0736,True,runs\revision_v2\results\E2_raw\session3_heat_B4_s11_K10_cache0.npz,6ac8f09b683fb47e73e46cc80734b11647d294a84ce8f00b67eb5691d5186ebe
followup,burgers,B4,23,3,25,True,5000,50,stored observation to validated host action including transfer of selected forecast as in original implementation; one-time cache setup excluded,5000,2.5886,5.332012,5.1772,134,0.0268,True,runs\revision_v2\results\E2_raw\session3_burgers_B4_s23_K25_cache1.npz,b2998be143a145bf484600a2ce06ccf632b881431839cc717c7de5ae4b8a0755
followup,heat,B4,23,3,100,False,5000,50,stored observation to validated host action including transfer of selected forecast as in original implementation; one-time cache setup excluded,5000,5.07985,10.311472000000004,10.1597,85,0.017,True,runs\revision_v2\results\E2_raw\session3_heat_B4_s23_K100_cache0.npz,c7d441cd7711896088d6851e202de880ae1c96c001a16321267cabf17bb05770
followup,heat,B4,11,3,100,True,5000,50,stored observation to validated host action including transfer of selected forecast as in original implementation; one-time cache setup excluded,5000,2.9976,5.699107,5.9952,4,0.0008,False,runs\revision_v2\results\E2_raw\session3_heat_B4_s11_K100_cache1.npz,6412bf0b823845762b163f661d572b2ad8bf60d56bba697b473c2169258ecd73
followup,burgers,B4,23,3,100,False,5000,50,stored observation to validated host action including transfer of selected forecast as in original implementation; one-time cache setup excluded,5000,3.4499500000000003,6.943927,6.899900000000001,68,0.0136,True,runs\revision_v2\results\E2_raw\session3_burgers_B4_s23_K100_cache0.npz,37ec540bc1f2148e06e2b2a8ca10e09b2d86acf55930b413ebb2ea9b0e5c6266
followup,heat,P,11,3,200,True,5000,50,stored observation to validated host action including transfer of selected forecast as in original implementation; one-time cache setup excluded,5000,3.3315,6.672817000000002,6.663,54,0.0108,True,runs\revision_v2\results\E2_raw\session3_heat_P_s11_K200_cache1.npz,43df9bd331374349e588b5b5b85db4debfd974ed3baa3ff9311cd3a5308850b6
followup,burgers,P,11,3,25,True,5000,50,stored observation to validated host action including transfer of selected forecast as in original implementation; one-time cache setup excluded,5000,2.5317499999999997,5.57981,5.0634999999999994,251,0.0502,True,runs\revision_v2\results\E2_raw\session3_burgers_P_s11_K25_cache1.npz,412320b8d8e819643dc3c04d011ead7e608c80ef46330dbebc7333c92f387f02
followup,burgers,B4,37,3,100,False,5000,50,stored observation to validated host action including transfer of selected forecast as in original implementation; one-time cache setup excluded,5000,3.47005,7.027033000000001,6.9401,86,0.0172,True,runs\revision_v2\results\E2_raw\session3_burgers_B4_s37_K100_cache0.npz,a0400ade3c2974e3709a999a367b05045d97b9eebf48ce02546c0240a19639b0
followup,heat,P,11,3,10,False,5000,50,stored observation to validated host action including transfer of selected forecast as in original implementation; one-time cache setup excluded,5000,4.72595,10.023686000000001,9.4519,562,0.1124,True,runs\revision_v2\results\E2_raw\session3_heat_P_s11_K10_cache0.npz,27821831303ffa81c1ae7d67e8c4100f634ed10c1e4bc0803264bd50b3412bda
followup,burgers,B4,23,3,10,True,5000,50,stored observation to validated host action including transfer of selected forecast as in original implementation; one-time cache setup excluded,5000,2.4883,5.025031000000001,4.9766,64,0.0128,True,runs\revision_v2\results\E2_raw\session3_burgers_B4_s23_K10_cache1.npz,257ec9cdb7074045ed75a78a2b893dee2fa59181bfd768c41e7790261855dada
followup,heat,P,11,3,100,False,5000,50,stored observation to validated host action including transfer of selected forecast as in original implementation; one-time cache setup excluded,5000,5.0491,10.242536000000001,10.0982,128,0.0256,True,runs\revision_v2\results\E2_raw\session3_heat_P_s11_K100_cache0.npz,824f0c3cf1e3e3b70b3e822150944291598bf71dee8f6a8242703751e6c1f34a
followup,burgers,B4,23,3,50,False,5000,50,stored observation to validated host action including transfer of selected forecast as in original implementation; one-time cache setup excluded,5000,3.2748,6.864135,6.5496,210,0.042,True,runs\revision_v2\results\E2_raw\session3_burgers_B4_s23_K50_cache0.npz,bf17a990454fe97346c3951ab7b3893c4a44f146a154553e4aed6045bf1e91c9
followup,burgers,P,23,3,200,True,5000,50,stored observation to validated host action including transfer of selected forecast as in original implementation; one-time cache setup excluded,5000,3.12885,5.948848000000002,6.2577,10,0.002,False,runs\revision_v2\results\E2_raw\session3_burgers_P_s23_K200_cache1.npz,6634e8a8b68cd65d33378ec27fb9ceb97c0e2225f517302029b0e3d37eddaf89
followup,heat,P,11,3,50,True,5000,50,stored observation to validated host action including transfer of selected forecast as in original implementation; one-time cache setup excluded,5000,2.7964,5.413711000000001,5.5928,13,0.0026,False,runs\revision_v2\results\E2_raw\session3_heat_P_s11_K50_cache1.npz,e4ea98f6831184fbeb81080f4ee1556b8e53c787cc1218df94da39c3f56b0d86
followup,heat,P,37,3,200,False,5000,50,stored observation to validated host action including transfer of selected forecast as in original implementation; one-time cache setup excluded,5000,5.38455,10.723926,10.7691,42,0.0084,False,runs\revision_v2\results\E2_raw\session3_heat_P_s37_K200_cache0.npz,3f663029bcb402e588d0dc672cd8207077ad28ca7e642986ac551238daec63c3
followup,burgers,P,37,3,50,True,5000,50,stored observation to validated host action including transfer of selected forecast as in original implementation; one-time cache setup excluded,5000,2.62115,5.393315,5.2423,180,0.036,True,runs\revision_v2\results\E2_raw\session3_burgers_P_s37_K50_cache1.npz,7dc86e3d79d371aaa0a7ca704d47a7b1b463740134437d326c9373dde2a398e1
followup,burgers,P,23,3,10,True,5000,50,stored observation to validated host action including transfer of selected forecast as in original implementation; one-time cache setup excluded,5000,2.4537,5.150511000000001,4.9074,216,0.0432,True,runs\revision_v2\results\E2_raw\session3_burgers_P_s23_K10_cache1.npz,0a76cc9e285f5822aaaf8f3d68181fc62615dfb4b43e5b62722e88a9e0c34b4a
followup,heat,P,23,3,10,False,5000,50,stored observation to validated host action including transfer of selected forecast as in original implementation; one-time cache setup excluded,5000,4.7366,9.990441,9.4732,554,0.1108,True,runs\revision_v2\results\E2_raw\session3_heat_P_s23_K10_cache0.npz,74e6dfcf42a09658f9a669e5bd975fa09b80a7efafed477e1226ac7234aa3e19
followup,heat,B4,37,3,200,True,5000,50,stored observation to validated host action including transfer of selected forecast as in original implementation; one-time cache setup excluded,5000,3.3324,6.132406,6.6648,4,0.0008,False,runs\revision_v2\results\E2_raw\session3_heat_B4_s37_K200_cache1.npz,ef95d11bb45290f95bcc8427e7009d83947bad7ceee036b38cb5278837c8697e
followup,heat,B4,23,3,200,True,5000,50,stored observation to validated host action including transfer of selected forecast as in original implementation; one-time cache setup excluded,5000,3.3435,6.2578770000000015,6.687,5,0.001,False,runs\revision_v2\results\E2_raw\session3_heat_B4_s23_K200_cache1.npz,3bf0ab2fa3765dcf0635a3e1c974574e03c3d4e68066e05a470d27bd409422a2
followup,burgers,P,37,3,100,False,5000,50,stored observation to validated host action including transfer of selected forecast as in original implementation; one-time cache setup excluded,5000,3.4052499999999997,6.842862000000002,6.810499999999999,61,0.0122,True,runs\revision_v2\results\E2_raw\session3_burgers_P_s37_K100_cache0.npz,af203a1b1f8d8aa7b1f055dc066a9b244fc2cb18449b91aa7cd77a34a034fd62
followup,burgers,P,23,3,100,True,5000,50,stored observation to validated host action including transfer of selected forecast as in original implementation; one-time cache setup excluded,5000,2.7920499999999997,5.313239000000001,5.584099999999999,11,0.0022,False,runs\revision_v2\results\E2_raw\session3_burgers_P_s23_K100_cache1.npz,693ff9e6ac6a70183aec1e77448e15fa1d9c7eb21eae0cb287ef0669578fc5e5
followup,heat,P,11,3,100,True,5000,50,stored observation to validated host action including transfer of selected forecast as in original implementation; one-time cache setup excluded,5000,2.9643,5.779025000000001,5.9286,16,0.0032,False,runs\revision_v2\results\E2_raw\session3_heat_P_s11_K100_cache1.npz,e71aced429980ad750cea06be3cdbc9819ec82c23fd4f25322a1a11cf52c456e
followup,heat,P,37,3,50,False,5000,50,stored observation to validated host action including transfer of selected forecast as in original implementation; one-time cache setup excluded,5000,4.8663,10.104732,9.7326,213,0.0426,True,runs\revision_v2\results\E2_raw\session3_heat_P_s37_K50_cache0.npz,ad6749db32e060b8c987c4d417878180041e2825d2ae1ac462f0f1dd79cc095f
followup,heat,P,11,3,25,True,5000,50,stored observation to validated host action including transfer of selected forecast as in original implementation; one-time cache setup excluded,5000,2.72635,5.564103,5.4527,114,0.0228,True,runs\revision_v2\results\E2_raw\session3_heat_P_s11_K25_cache1.npz,32163993ed7ac4ebc45f5acfb2f34f94f8e20565b61312b2821373878d3245bc
followup,burgers,B4,37,3,10,True,5000,50,stored observation to validated host action including transfer of selected forecast as in original implementation; one-time cache setup excluded,5000,2.50365,5.9122980000000025,5.0073,201,0.0402,True,runs\revision_v2\results\E2_raw\session3_burgers_B4_s37_K10_cache1.npz,e75f868157ada0bc41d2a237c0763813b56ac04632dd106e2a758dc592d4f768
followup,heat,B4,23,3,200,False,5000,50,stored observation to validated host action including transfer of selected forecast as in original implementation; one-time cache setup excluded,5000,5.7672,19.651512,11.5344,997,0.1994,True,runs\revision_v2\results\E2_raw\session3_heat_B4_s23_K200_cache0.npz,412dcf22fe37b34dfe49e39929ab74820b0c4d996069f70121618aa23d20af58
followup,heat,P,37,3,100,False,5000,50,stored observation to validated host action including transfer of selected forecast as in original implementation; one-time cache setup excluded,5000,5.346550000000001,19.111543000000008,10.693100000000001,1141,0.2282,True,runs\revision_v2\results\E2_raw\session3_heat_P_s37_K100_cache0.npz,6db3a47e617069f17412729f5a48a711e1b8de7e6205cd60b296592269becb5d
followup,heat,P,23,3,200,False,5000,50,stored observation to validated host action including transfer of selected forecast as in original implementation; one-time cache setup excluded,5000,5.7057,19.54831800000001,11.4114,995,0.199,True,runs\revision_v2\results\E2_raw\session3_heat_P_s23_K200_cache0.npz,d41ca40f8a8bba2e2526f9cadae30b9ce1f7ae51ed3fcdc4a52efa769ac58013
followup,burgers,B4,37,3,25,False,5000,50,stored observation to validated host action including transfer of selected forecast as in original implementation; one-time cache setup excluded,5000,3.33575,14.489220000000008,6.6715,1020,0.204,True,runs\revision_v2\results\E2_raw\session3_burgers_B4_s37_K25_cache0.npz,faca5c2952949d4226eb6fee2694f19d1220c721c414ea421adf27c2966c6d3c
followup,heat,B4,11,3,25,True,5000,50,stored observation to validated host action including transfer of selected forecast as in original implementation; one-time cache setup excluded,5000,2.85305,13.117089000000009,5.7061,657,0.1314,True,runs\revision_v2\results\E2_raw\session3_heat_B4_s11_K25_cache1.npz,f0879b83d962bc0f32d5b234dd2256aed63bb7d93f53a3ccd8505fe680d850b4
followup,burgers,B4,11,3,25,True,5000,50,stored observation to validated host action including transfer of selected forecast as in original implementation; one-time cache setup excluded,5000,2.6852,13.220677000000004,5.3704,640,0.128,True,runs\revision_v2\results\E2_raw\session3_burgers_B4_s11_K25_cache1.npz,138e2a1ead072f3c8ade700c41bce5d108d4374ae6f54c168be632729f89f8b0
followup,heat,B4,37,3,100,True,5000,50,stored observation to validated host action including transfer of selected forecast as in original implementation; one-time cache setup excluded,5000,3.1294,13.641243000000005,6.2588,599,0.1198,True,runs\revision_v2\results\E2_raw\session3_heat_B4_s37_K100_cache1.npz,c03bb29984603d67d679a28d5fe348caffe37734fef818365f3d7919058263e5
followup,burgers,B4,37,3,10,False,5000,50,stored observation to validated host action including transfer of selected forecast as in original implementation; one-time cache setup excluded,5000,3.24995,14.555121000000018,6.4999,1049,0.2098,True,runs\revision_v2\results\E2_raw\session3_burgers_B4_s37_K10_cache0.npz,aff0e2ca11496e1019ce223785a4f90766a85d6944e7ad9e220c41d66b94fb1a
followup,heat,P,37,3,10,False,5000,50,stored observation to validated host action including transfer of selected forecast as in original implementation; one-time cache setup excluded,5000,5.0151,18.995501,10.0302,1268,0.2536,True,runs\revision_v2\results\E2_raw\session3_heat_P_s37_K10_cache0.npz,1f81f5e3911798ef1795169bbf0341f489d71aa2fa84fb1aad859f77925a7c9a
followup,heat,B4,23,3,100,True,5000,50,stored observation to validated host action including transfer of selected forecast as in original implementation; one-time cache setup excluded,5000,3.1079999999999997,13.662789000000009,6.215999999999999,581,0.1162,True,runs\revision_v2\results\E2_raw\session3_heat_B4_s23_K100_cache1.npz,52ccdc5d6b1eab42d472e77b33e75161e2b57e5711f3a1de1f087d30e43fd6ab
followup,heat,B4,11,3,50,True,5000,50,stored observation to validated host action including transfer of selected forecast as in original implementation; one-time cache setup excluded,5000,2.9349499999999997,13.406322000000003,5.8698999999999995,624,0.1248,True,runs\revision_v2\results\E2_raw\session3_heat_B4_s11_K50_cache1.npz,2afed013564e90c8d84951432c105aaaa34f98a0c86d28c7a892ee29034482fc
followup,heat,B4,23,3,10,True,5000,50,stored observation to validated host action including transfer of selected forecast as in original implementation; one-time cache setup excluded,5000,2.7657999999999996,13.121959000000004,5.531599999999999,685,0.137,True,runs\revision_v2\results\E2_raw\session3_heat_B4_s23_K10_cache1.npz,6a33460a288754028ad57109200ea6e9e8c5c55fc077e9d3c9e28720f000e4b1
followup,burgers,P,23,3,10,False,5000,50,stored observation to validated host action including transfer of selected forecast as in original implementation; one-time cache setup excluded,5000,3.2196,14.295793000000005,6.4392,1146,0.2292,True,runs\revision_v2\results\E2_raw\session3_burgers_P_s23_K10_cache0.npz,67d0f1b3c8ce3ecbf8a10c0f3059b7304eb4a17bdb04c54b5d4d774f42c211c6
followup,burgers,B4,37,3,50,True,5000,50,stored observation to validated host action including transfer of selected forecast as in original implementation; one-time cache setup excluded,5000,2.7534,13.102227000000001,5.5068,600,0.12,True,runs\revision_v2\results\E2_raw\session3_burgers_B4_s37_K50_cache1.npz,7dd80b0057bfb669826e4848258da392f1a45b220fef9896ee83e783fba56745
followup,heat,P,37,3,25,False,5000,50,stored observation to validated host action including transfer of selected forecast as in original implementation; one-time cache setup excluded,5000,5.0511,18.900072,10.1022,1126,0.2252,True,runs\revision_v2\results\E2_raw\session3_heat_P_s37_K25_cache0.npz,2a407eb7ae4bf158100838b30aff9d2669a3b33001a068a8f442c1e3116a6ca4
followup,heat,B4,11,3,10,True,5000,50,stored observation to validated host action including transfer of selected forecast as in original implementation; one-time cache setup excluded,5000,2.74435,12.843706000000003,5.4887,704,0.1408,True,runs\revision_v2\results\E2_raw\session3_heat_B4_s11_K10_cache1.npz,f78bb6db582cc4c23ec26b7d3e3120792147be2bd535f8ace80c9f3d6d237359
followup,burgers,B4,23,3,100,True,5000,50,stored observation to validated host action including transfer of selected forecast as in original implementation; one-time cache setup excluded,5000,2.93105,13.209930000000002,5.8621,584,0.1168,True,runs\revision_v2\results\E2_raw\session3_burgers_B4_s23_K100_cache1.npz,fb6b42bc9437d71851bef3f789ca0264b424a0ee1c15e42b2a9d75e3af728add
followup,heat,B4,23,3,25,False,5000,50,stored observation to validated host action including transfer of selected forecast as in original implementation; one-time cache setup excluded,5000,5.17275,19.248315,10.3455,1207,0.2414,True,runs\revision_v2\results\E2_raw\session3_heat_B4_s23_K25_cache0.npz,515a2cec92e2ef557787f81d75b8c1a8ea1def4173606f2fdfe4e8099b538d00
followup,burgers,P,37,3,10,False,5000,50,stored observation to validated host action including transfer of selected forecast as in original implementation; one-time cache setup excluded,5000,3.2048,13.920628,6.4096,1059,0.2118,True,runs\revision_v2\results\E2_raw\session3_burgers_P_s37_K10_cache0.npz,e70d14a8d4cfef8a33dfd461178eb93d1ee4c8619c68b94c05d7f20816736600
followup,heat,B4,11,3,100,False,5000,50,stored observation to validated host action including transfer of selected forecast as in original implementation; one-time cache setup excluded,5000,5.38795,19.290924000000008,10.7759,1076,0.2152,True,runs\revision_v2\results\E2_raw\session3_heat_B4_s11_K100_cache0.npz,003b8b11122829bca189ab0b6c8b09e508002506121f8a8fd0074028d6270d43
followup,burgers,P,11,3,25,False,5000,50,stored observation to validated host action including transfer of selected forecast as in original implementation; one-time cache setup excluded,5000,3.2936,14.469292000000003,6.5872,1120,0.224,True,runs\revision_v2\results\E2_raw\session3_burgers_P_s11_K25_cache0.npz,c05d0a34f4ffe013c8fbbe62c9c47023bde4fccd93b0f04a953ae6d03f3b05a7
followup,heat,B4,37,3,25,True,5000,50,stored observation to validated host action including transfer of selected forecast as in original implementation; one-time cache setup excluded,5000,2.8204,12.553522000000005,5.6408,588,0.1176,True,runs\revision_v2\results\E2_raw\session3_heat_B4_s37_K25_cache1.npz,6bb8239d9dffbd66deaa483c47a058cbe0dadf5ebbb9778abb1b7ad97a97a2cb
followup,heat,B4,37,3,10,False,5000,50,stored observation to validated host action including transfer of selected forecast as in original implementation; one-time cache setup excluded,5000,5.07435,18.816423,10.1487,1198,0.2396,True,runs\revision_v2\results\E2_raw\session3_heat_B4_s37_K10_cache0.npz,55bce5cf2f17d0fb7144bf5d4d700b9ed5a8d5f8a4e2072b7ee6de792e5a40df
followup,burgers,B4,23,3,10,False,5000,50,stored observation to validated host action including transfer of selected forecast as in original implementation; one-time cache setup excluded,5000,3.2304000000000004,14.207815000000004,6.460800000000001,1027,0.2054,True,runs\revision_v2\results\E2_raw\session3_burgers_B4_s23_K10_cache0.npz,cd58581b7a2f487dcad07aad3a72025bdf6f25dd4061bed118e06e0204fc9bd9
followup,heat,P,37,3,10,True,5000,50,stored observation to validated host action including transfer of selected forecast as in original implementation; one-time cache setup excluded,5000,2.7103,13.166814000000006,5.4206,715,0.143,True,runs\revision_v2\results\E2_raw\session3_heat_P_s37_K10_cache1.npz,a7fe67c896919d49717ced305cfb687484a72f45772d2cfa706f25cd89a03213
followup,burgers,B4,11,3,200,True,5000,50,stored observation to validated host action including transfer of selected forecast as in original implementation; one-time cache setup excluded,5000,3.2944500000000003,13.878788000000013,6.588900000000001,547,0.1094,True,runs\revision_v2\results\E2_raw\session3_burgers_B4_s11_K200_cache1.npz,d2e7497aace7c1ee50d96446a5bef162d87fee8d929db686628efe1d6229d582
followup,burgers,P,37,3,25,False,5000,50,stored observation to validated host action including transfer of selected forecast as in original implementation; one-time cache setup excluded,5000,3.28795,14.532207999999999,6.5759,1061,0.2122,True,runs\revision_v2\results\E2_raw\session3_burgers_P_s37_K25_cache0.npz,723f6506b7f237b2306aed81b87ab3f6b790d68d4494e6fb33f76d2ff085ebe7
followup,burgers,B4,11,3,50,False,5000,50,stored observation to validated host action including transfer of selected forecast as in original implementation; one-time cache setup excluded,5000,3.40655,14.448323000000013,6.8131,957,0.1914,True,runs\revision_v2\results\E2_raw\session3_burgers_B4_s11_K50_cache0.npz,34f51af23a788f6260315a3de7577727a3744e403dc9c7434a547723b328d15b
followup,heat,B4,23,3,25,True,5000,50,stored observation to validated host action including transfer of selected forecast as in original implementation; one-time cache setup excluded,5000,2.84415,13.161563000000012,5.6883,658,0.1316,True,runs\revision_v2\results\E2_raw\session3_heat_B4_s23_K25_cache1.npz,41fc776a4291b6d0549badfa5913abcd8640725b9f4f4f7425449ffa7d3fecdd
followup,heat,B4,23,3,10,False,5000,50,stored observation to validated host action including transfer of selected forecast as in original implementation; one-time cache setup excluded,5000,5.03175,18.765122,10.0635,1208,0.2416,True,runs\revision_v2\results\E2_raw\session3_heat_B4_s23_K10_cache0.npz,1f25f3f854aa5ba8154d53fadb698c5c0b7c00c56f6d9638d9188568517da3e3
