stage,pde,method,seed,condition,target_factor,update,selected_update,phase,metric,value
original,burgers,B2,11,B2_s11,1,500,3000,not_applicable,train_action_mse,0.003351057879626751
original,burgers,B2,11,B2_s11,1,500,3000,not_applicable,validation_action_mse,0.004472485667776027
original,burgers,B2,11,B2_s11,1,1000,3000,not_applicable,train_action_mse,0.0021731366869062185
original,burgers,B2,11,B2_s11,1,1000,3000,not_applicable,validation_action_mse,0.003802745522079931
original,burgers,B2,11,B2_s11,1,1500,3000,not_applicable,train_action_mse,0.0020853467285633087
original,burgers,B2,11,B2_s11,1,1500,3000,not_applicable,validation_action_mse,0.003005827414914286
original,burgers,B2,11,B2_s11,1,2000,3000,not_applicable,train_action_mse,0.0022104703821241856
original,burgers,B2,11,B2_s11,1,2000,3000,not_applicable,validation_action_mse,0.002645422500222594
original,burgers,B2,11,B2_s11,1,2500,3000,not_applicable,train_action_mse,0.001660409034229815
original,burgers,B2,11,B2_s11,1,2500,3000,not_applicable,validation_action_mse,0.0024937600026078144
original,burgers,B2,11,B2_s11,1,3000,3000,not_applicable,train_action_mse,0.001975288614630699
original,burgers,B2,11,B2_s11,1,3000,3000,not_applicable,validation_action_mse,0.0024833885602220107
original,burgers,B2,23,B2_s23,1,500,3000,not_applicable,train_action_mse,0.003249360714107752
original,burgers,B2,23,B2_s23,1,500,3000,not_applicable,validation_action_mse,0.004566488552825376
original,burgers,B2,23,B2_s23,1,1000,3000,not_applicable,train_action_mse,0.002977713942527771
original,burgers,B2,23,B2_s23,1,1000,3000,not_applicable,validation_action_mse,0.0037962575590881897
original,burgers,B2,23,B2_s23,1,1500,3000,not_applicable,train_action_mse,0.0020717887673527002
original,burgers,B2,23,B2_s23,1,1500,3000,not_applicable,validation_action_mse,0.0030443362493173254
original,burgers,B2,23,B2_s23,1,2000,3000,not_applicable,train_action_mse,0.0015136458678171039
original,burgers,B2,23,B2_s23,1,2000,3000,not_applicable,validation_action_mse,0.0026416400305606658
original,burgers,B2,23,B2_s23,1,2500,3000,not_applicable,train_action_mse,0.0016650171019136906
original,burgers,B2,23,B2_s23,1,2500,3000,not_applicable,validation_action_mse,0.0025194866962010565
original,burgers,B2,23,B2_s23,1,3000,3000,not_applicable,train_action_mse,0.0019329318311065435
original,burgers,B2,23,B2_s23,1,3000,3000,not_applicable,validation_action_mse,0.002499245888202495
original,burgers,B2,37,B2_s37,1,500,3000,not_applicable,train_action_mse,0.0033776017371565104
original,burgers,B2,37,B2_s37,1,500,3000,not_applicable,validation_action_mse,0.004617083617063145
original,burgers,B2,37,B2_s37,1,1000,3000,not_applicable,train_action_mse,0.0019213217310607433
original,burgers,B2,37,B2_s37,1,1000,3000,not_applicable,validation_action_mse,0.0037839224382878456
original,burgers,B2,37,B2_s37,1,1500,3000,not_applicable,train_action_mse,0.002048513852059841
original,burgers,B2,37,B2_s37,1,1500,3000,not_applicable,validation_action_mse,0.0030713651916016715
original,burgers,B2,37,B2_s37,1,2000,3000,not_applicable,train_action_mse,0.0018639371264725924
original,burgers,B2,37,B2_s37,1,2000,3000,not_applicable,validation_action_mse,0.0026391692233005415
original,burgers,B2,37,B2_s37,1,2500,3000,not_applicable,train_action_mse,0.001730259507894516
original,burgers,B2,37,B2_s37,1,2500,3000,not_applicable,validation_action_mse,0.0025273368302123345
original,burgers,B2,37,B2_s37,1,3000,3000,not_applicable,train_action_mse,0.001666117226704955
original,burgers,B2,37,B2_s37,1,3000,3000,not_applicable,validation_action_mse,0.002509058266696229
original,burgers,B3,11,B3_s11,1,500,1000,not_applicable,train_objective,0.06319732964038849
original,burgers,B3,11,B3_s11,1,500,1000,not_applicable,train_bc_loss,5.5007185437716544e-05
original,burgers,B3,11,B3_s11,1,500,1000,not_applicable,validation_surrogate_cost_mean,0.006280739940848434
original,burgers,B3,11,B3_s11,1,500,1000,not_applicable,validation_teacher_action_mse,0.0024801656634281244
original,burgers,B3,11,B3_s11,1,500,1000,not_applicable,selection_score,0.006528756507191247
original,burgers,B3,11,B3_s11,1,1000,1000,not_applicable,train_objective,0.0019716937094926834
original,burgers,B3,11,B3_s11,1,1000,1000,not_applicable,train_bc_loss,0.0011827896814793348
original,burgers,B3,11,B3_s11,1,1000,1000,not_applicable,validation_surrogate_cost_mean,0.006277807657170342
original,burgers,B3,11,B3_s11,1,1000,1000,not_applicable,validation_teacher_action_mse,0.0024193237113649957
original,burgers,B3,11,B3_s11,1,1000,1000,not_applicable,selection_score,0.006519740028306842
original,burgers,B3,23,B3_s23,1,500,1000,not_applicable,train_objective,0.0035853406880050898
original,burgers,B3,23,B3_s23,1,500,1000,not_applicable,train_bc_loss,0.003187876660376787
original,burgers,B3,23,B3_s23,1,500,1000,not_applicable,validation_surrogate_cost_mean,0.006302566419435607
original,burgers,B3,23,B3_s23,1,500,1000,not_applicable,validation_teacher_action_mse,0.0026366254210188345
original,burgers,B3,23,B3_s23,1,500,1000,not_applicable,selection_score,0.006566228961537491
original,burgers,B3,23,B3_s23,1,1000,1000,not_applicable,train_objective,0.009923320263624191
original,burgers,B3,23,B3_s23,1,1000,1000,not_applicable,train_bc_loss,0.003339497372508049
original,burgers,B3,23,B3_s23,1,1000,1000,not_applicable,validation_surrogate_cost_mean,0.006284693969064392
original,burgers,B3,23,B3_s23,1,1000,1000,not_applicable,validation_teacher_action_mse,0.002495175546698647
original,burgers,B3,23,B3_s23,1,1000,1000,not_applicable,selection_score,0.006534211523734257
original,burgers,B3,37,B3_s37,1,500,1000,not_applicable,train_objective,0.007852439768612385
original,burgers,B3,37,B3_s37,1,500,1000,not_applicable,train_bc_loss,0.0007751876255497336
original,burgers,B3,37,B3_s37,1,500,1000,not_applicable,validation_surrogate_cost_mean,0.006292699956247816
original,burgers,B3,37,B3_s37,1,500,1000,not_applicable,validation_teacher_action_mse,0.0025598375593745004
original,burgers,B3,37,B3_s37,1,500,1000,not_applicable,selection_score,0.006548683712185266
original,burgers,B3,37,B3_s37,1,1000,1000,not_applicable,train_objective,0.010680925101041794
original,burgers,B3,37,B3_s37,1,1000,1000,not_applicable,train_bc_loss,0.0011946693994104862
original,burgers,B3,37,B3_s37,1,1000,1000,not_applicable,validation_surrogate_cost_mean,0.006280291982875497
original,burgers,B3,37,B3_s37,1,1000,1000,not_applicable,validation_teacher_action_mse,0.0024980379495502802
original,burgers,B3,37,B3_s37,1,1000,1000,not_applicable,selection_score,0.0065300957778305245
original,burgers,B4,11,B4_s11,1,500,5000,field,train_loss,0.007257368415594101
original,burgers,B4,11,B4_s11,1,500,5000,field,train_field_loss,0.0021516531705856323
original,burgers,B4,11,B4_s11,1,500,5000,field,train_initial_field_loss,0.0007225442677736282
original,burgers,B4,11,B4_s11,1,500,5000,field,train_sensor_consistency_loss,0.00438317097723484
original,burgers,B4,11,B4_s11,1,500,5000,field,train_bc_diagnostic_loss,2.004730474507166e-15
original,burgers,B4,11,B4_s11,1,500,5000,field,train_physics_loss,0.0
original,burgers,B4,11,B4_s11,1,500,5000,field,train_balance_loss,0.0
original,burgers,B4,11,B4_s11,1,500,5000,field,train_rank_loss,0.0
original,burgers,B4,11,B4_s11,1,500,5000,field,validation_field_nrmse,0.23636634647846222
original,burgers,B4,11,B4_s11,1,500,5000,field,validation_normalized_teacher_regret_mean,0.0001240940073330421
original,burgers,B4,11,B4_s11,1,500,5000,field,validation_teacher_best_agreement,0.96875
original,burgers,B4,11,B4_s11,1,500,5000,field,selection_score,0.11824522024289763
original,burgers,B4,11,B4_s11,1,1000,5000,field,train_loss,0.011931697838008404
original,burgers,B4,11,B4_s11,1,1000,5000,field,train_field_loss,0.006125681102275848
original,burgers,B4,11,B4_s11,1,1000,5000,field,train_initial_field_loss,0.0010426670778542757
original,burgers,B4,11,B4_s11,1,1000,5000,field,train_sensor_consistency_loss,0.004763349890708923
original,burgers,B4,11,B4_s11,1,1000,5000,field,train_bc_diagnostic_loss,2.458973915328913e-15
original,burgers,B4,11,B4_s11,1,1000,5000,field,train_physics_loss,0.0
original,burgers,B4,11,B4_s11,1,1000,5000,field,train_balance_loss,0.0
original,burgers,B4,11,B4_s11,1,1000,5000,field,train_rank_loss,0.0
original,burgers,B4,11,B4_s11,1,1000,5000,field,validation_field_nrmse,0.22974109649658203
original,burgers,B4,11,B4_s11,1,1000,5000,field,validation_normalized_teacher_regret_mean,7.587496679661854e-05
original,burgers,B4,11,B4_s11,1,1000,5000,field,validation_teacher_best_agreement,0.96875
original,burgers,B4,11,B4_s11,1,1000,5000,field,selection_score,0.11490848573168932
original,burgers,B4,11,B4_s11,1,1500,5000,field,train_loss,0.007714834995567799
original,burgers,B4,11,B4_s11,1,1500,5000,field,train_field_loss,0.0025171858724206686
original,burgers,B4,11,B4_s11,1,1500,5000,field,train_initial_field_loss,0.0009140625479631126
original,burgers,B4,11,B4_s11,1,1500,5000,field,train_sensor_consistency_loss,0.004283586982637644
original,burgers,B4,11,B4_s11,1,1500,5000,field,train_bc_diagnostic_loss,1.4986147359955654e-15
original,burgers,B4,11,B4_s11,1,1500,5000,field,train_physics_loss,0.0
original,burgers,B4,11,B4_s11,1,1500,5000,field,train_balance_loss,0.0
original,burgers,B4,11,B4_s11,1,1500,5000,field,train_rank_loss,0.0
original,burgers,B4,11,B4_s11,1,1500,5000,field,validation_field_nrmse,0.19986674189567566
original,burgers,B4,11,B4_s11,1,1500,5000,field,validation_normalized_teacher_regret_mean,9.378942036164517e-05
original,burgers,B4,11,B4_s11,1,1500,5000,field,validation_teacher_best_agreement,0.953125
original,burgers,B4,11,B4_s11,1,1500,5000,field,selection_score,0.09998026565801865
original,burgers,B4,11,B4_s11,1,2000,5000,field,train_loss,0.010234584100544453
original,burgers,B4,11,B4_s11,1,2000,5000,field,train_field_loss,0.0034157366026192904
original,burgers,B4,11,B4_s11,1,2000,5000,field,train_initial_field_loss,0.001648849924094975
original,burgers,B4,11,B4_s11,1,2000,5000,field,train_sensor_consistency_loss,0.005169997923076153
original,burgers,B4,11,B4_s11,1,2000,5000,field,train_bc_diagnostic_loss,2.0092163609958247e-15
original,burgers,B4,11,B4_s11,1,2000,5000,field,train_physics_loss,0.0
original,burgers,B4,11,B4_s11,1,2000,5000,field,train_balance_loss,0.0
original,burgers,B4,11,B4_s11,1,2000,5000,field,train_rank_loss,0.0
original,burgers,B4,11,B4_s11,1,2000,5000,field,validation_field_nrmse,0.1684010624885559
original,burgers,B4,11,B4_s11,1,2000,5000,field,validation_normalized_teacher_regret_mean,7.587496679661854e-05
original,burgers,B4,11,B4_s11,1,2000,5000,field,validation_teacher_best_agreement,0.96875
original,burgers,B4,11,B4_s11,1,2000,5000,field,selection_score,0.08423846872767626
original,burgers,B4,11,B4_s11,1,2500,5000,physics_ranking,train_loss,0.0080776521936059
original,burgers,B4,11,B4_s11,1,2500,5000,physics_ranking,train_field_loss,0.0023827103432267904
original,burgers,B4,11,B4_s11,1,2500,5000,physics_ranking,train_initial_field_loss,0.0011103012366220355
original,burgers,B4,11,B4_s11,1,2500,5000,physics_ranking,train_sensor_consistency_loss,0.00457225413993001
original,burgers,B4,11,B4_s11,1,2500,5000,physics_ranking,train_bc_diagnostic_loss,3.4304698838527603e-15
original,burgers,B4,11,B4_s11,1,2500,5000,physics_ranking,train_physics_loss,2.26723677769769e-05
original,burgers,B4,11,B4_s11,1,2500,5000,physics_ranking,train_balance_loss,3.4853510300081325e-08
original,burgers,B4,11,B4_s11,1,2500,5000,physics_ranking,train_rank_loss,0.00012197814066894352
original,burgers,B4,11,B4_s11,1,2500,5000,physics_ranking,validation_field_nrmse,0.17111161351203918
original,burgers,B4,11,B4_s11,1,2500,5000,physics_ranking,validation_normalized_teacher_regret_mean,7.291322253877297e-05
original,burgers,B4,11,B4_s11,1,2500,5000,physics_ranking,validation_teacher_best_agreement,0.984375
original,burgers,B4,11,B4_s11,1,2500,5000,physics_ranking,selection_score,0.08559226336728898
original,burgers,B4,11,B4_s11,1,3000,5000,physics_ranking,train_loss,0.006846525240689516
original,burgers,B4,11,B4_s11,1,3000,5000,physics_ranking,train_field_loss,0.0014279827009886503
original,burgers,B4,11,B4_s11,1,3000,5000,physics_ranking,train_initial_field_loss,0.0008248733938671649
original,burgers,B4,11,B4_s11,1,3000,5000,physics_ranking,train_sensor_consistency_loss,0.004588643554598093
original,burgers,B4,11,B4_s11,1,3000,5000,physics_ranking,train_bc_diagnostic_loss,1.7969871738635762e-15
original,burgers,B4,11,B4_s11,1,3000,5000,physics_ranking,train_physics_loss,1.4870862287352793e-05
original,burgers,B4,11,B4_s11,1,3000,5000,physics_ranking,train_balance_loss,2.937724907781103e-08
original,burgers,B4,11,B4_s11,1,3000,5000,physics_ranking,train_rank_loss,4.876727325608954e-05
original,burgers,B4,11,B4_s11,1,3000,5000,physics_ranking,validation_field_nrmse,0.1626897007226944
original,burgers,B4,11,B4_s11,1,3000,5000,physics_ranking,validation_normalized_teacher_regret_mean,7.291322253877297e-05
original,burgers,B4,11,B4_s11,1,3000,5000,physics_ranking,validation_teacher_best_agreement,0.984375
original,burgers,B4,11,B4_s11,1,3000,5000,physics_ranking,selection_score,0.08138130697261658
original,burgers,B4,11,B4_s11,1,3500,5000,physics_ranking,train_loss,0.006936484016478062
original,burgers,B4,11,B4_s11,1,3500,5000,physics_ranking,train_field_loss,0.0013265077723190188
original,burgers,B4,11,B4_s11,1,3500,5000,physics_ranking,train_initial_field_loss,0.0009157583117485046
original,burgers,B4,11,B4_s11,1,3500,5000,physics_ranking,train_sensor_consistency_loss,0.004689359571784735
original,burgers,B4,11,B4_s11,1,3500,5000,physics_ranking,train_bc_diagnostic_loss,1.796607914861443e-15
original,burgers,B4,11,B4_s11,1,3500,5000,physics_ranking,train_physics_loss,2.04464013222605e-05
original,burgers,B4,11,B4_s11,1,3500,5000,physics_ranking,train_balance_loss,1.6924428081210863e-08
original,burgers,B4,11,B4_s11,1,3500,5000,physics_ranking,train_rank_loss,4.653938231058419e-05
original,burgers,B4,11,B4_s11,1,3500,5000,physics_ranking,validation_field_nrmse,0.15991981327533722
original,burgers,B4,11,B4_s11,1,3500,5000,physics_ranking,validation_normalized_teacher_regret_mean,0.0
original,burgers,B4,11,B4_s11,1,3500,5000,physics_ranking,validation_teacher_best_agreement,1.0
original,burgers,B4,11,B4_s11,1,3500,5000,physics_ranking,selection_score,0.07995990663766861
original,burgers,B4,11,B4_s11,1,4000,5000,physics_ranking,train_loss,0.007371186278760433
original,burgers,B4,11,B4_s11,1,4000,5000,physics_ranking,train_field_loss,0.0018421475542709231
original,burgers,B4,11,B4_s11,1,4000,5000,physics_ranking,train_initial_field_loss,0.0010050921700894833
original,burgers,B4,11,B4_s11,1,4000,5000,physics_ranking,train_sensor_consistency_loss,0.004519977606832981
original,burgers,B4,11,B4_s11,1,4000,5000,physics_ranking,train_bc_diagnostic_loss,1.4523853718003202e-15
original,burgers,B4,11,B4_s11,1,4000,5000,physics_ranking,train_physics_loss,1.741830237733666e-05
original,burgers,B4,11,B4_s11,1,4000,5000,physics_ranking,train_balance_loss,1.2572127339183226e-08
original,burgers,B4,11,B4_s11,1,4000,5000,physics_ranking,train_rank_loss,3.794640360865742e-05
original,burgers,B4,11,B4_s11,1,4000,5000,physics_ranking,validation_field_nrmse,0.15909473598003387
original,burgers,B4,11,B4_s11,1,4000,5000,physics_ranking,validation_normalized_teacher_regret_mean,2.9617442578455666e-06
original,burgers,B4,11,B4_s11,1,4000,5000,physics_ranking,validation_teacher_best_agreement,0.984375
original,burgers,B4,11,B4_s11,1,4000,5000,physics_ranking,selection_score,0.07954884886214586
original,burgers,B4,11,B4_s11,1,4500,5000,physics_ranking,train_loss,0.008037419989705086
original,burgers,B4,11,B4_s11,1,4500,5000,physics_ranking,train_field_loss,0.00225099828094244
original,burgers,B4,11,B4_s11,1,4500,5000,physics_ranking,train_initial_field_loss,0.0012604395160451531
original,burgers,B4,11,B4_s11,1,4500,5000,physics_ranking,train_sensor_consistency_loss,0.004522830247879028
original,burgers,B4,11,B4_s11,1,4500,5000,physics_ranking,train_bc_diagnostic_loss,1.1077600645727778e-15
original,burgers,B4,11,B4_s11,1,4500,5000,physics_ranking,train_physics_loss,1.5715482732048258e-05
original,burgers,B4,11,B4_s11,1,4500,5000,physics_ranking,train_balance_loss,1.1459128756996506e-08
original,burgers,B4,11,B4_s11,1,4500,5000,physics_ranking,train_rank_loss,2.9946459108032286e-05
original,burgers,B4,11,B4_s11,1,4500,5000,physics_ranking,validation_field_nrmse,0.15905924141407013
original,burgers,B4,11,B4_s11,1,4500,5000,physics_ranking,validation_normalized_teacher_regret_mean,0.0
original,burgers,B4,11,B4_s11,1,4500,5000,physics_ranking,validation_teacher_best_agreement,1.0
original,burgers,B4,11,B4_s11,1,4500,5000,physics_ranking,selection_score,0.07952962070703506
original,burgers,B4,11,B4_s11,1,5000,5000,physics_ranking,train_loss,0.007932689972221851
original,burgers,B4,11,B4_s11,1,5000,5000,physics_ranking,train_field_loss,0.002246552612632513
original,burgers,B4,11,B4_s11,1,5000,5000,physics_ranking,train_initial_field_loss,0.0012254343600943685
original,burgers,B4,11,B4_s11,1,5000,5000,physics_ranking,train_sensor_consistency_loss,0.00445703137665987
original,burgers,B4,11,B4_s11,1,5000,5000,physics_ranking,train_bc_diagnostic_loss,2.2872667843933103e-15
original,burgers,B4,11,B4_s11,1,5000,5000,physics_ranking,train_physics_loss,2.780523573164828e-05
original,burgers,B4,11,B4_s11,1,5000,5000,physics_ranking,train_balance_loss,2.7111557443504353e-08
original,burgers,B4,11,B4_s11,1,5000,5000,physics_ranking,train_rank_loss,3.394018131075427e-05
original,burgers,B4,11,B4_s11,1,5000,5000,physics_ranking,validation_field_nrmse,0.1588338017463684
original,burgers,B4,11,B4_s11,1,5000,5000,physics_ranking,validation_normalized_teacher_regret_mean,0.0
original,burgers,B4,11,B4_s11,1,5000,5000,physics_ranking,validation_teacher_best_agreement,1.0
original,burgers,B4,11,B4_s11,1,5000,5000,physics_ranking,selection_score,0.0794169008731842
original,burgers,B4,23,B4_s23,1,500,5000,field,train_loss,0.010736552067101002
original,burgers,B4,23,B4_s23,1,500,5000,field,train_field_loss,0.004478460177779198
original,burgers,B4,23,B4_s23,1,500,5000,field,train_initial_field_loss,0.0011600753059610724
original,burgers,B4,23,B4_s23,1,500,5000,field,train_sensor_consistency_loss,0.00509801646694541
original,burgers,B4,23,B4_s23,1,500,5000,field,train_bc_diagnostic_loss,1.340182305409332e-15
original,burgers,B4,23,B4_s23,1,500,5000,field,train_physics_loss,0.0
original,burgers,B4,23,B4_s23,1,500,5000,field,train_balance_loss,0.0
original,burgers,B4,23,B4_s23,1,500,5000,field,train_rank_loss,0.0
original,burgers,B4,23,B4_s23,1,500,5000,field,validation_field_nrmse,0.23547576367855072
original,burgers,B4,23,B4_s23,1,500,5000,field,validation_normalized_teacher_regret_mean,0.0001240940073330421
original,burgers,B4,23,B4_s23,1,500,5000,field,validation_teacher_best_agreement,0.96875
original,burgers,B4,23,B4_s23,1,500,5000,field,selection_score,0.11779992884294188
original,burgers,B4,23,B4_s23,1,1000,5000,field,train_loss,0.00960533507168293
original,burgers,B4,23,B4_s23,1,1000,5000,field,train_field_loss,0.0037215310148894787
original,burgers,B4,23,B4_s23,1,1000,5000,field,train_initial_field_loss,0.0009157664026133716
original,burgers,B4,23,B4_s23,1,1000,5000,field,train_sensor_consistency_loss,0.0049680378288030624
original,burgers,B4,23,B4_s23,1,1000,5000,field,train_bc_diagnostic_loss,1.3385322852280807e-15
original,burgers,B4,23,B4_s23,1,1000,5000,field,train_physics_loss,0.0
original,burgers,B4,23,B4_s23,1,1000,5000,field,train_balance_loss,0.0
original,burgers,B4,23,B4_s23,1,1000,5000,field,train_rank_loss,0.0
original,burgers,B4,23,B4_s23,1,1000,5000,field,validation_field_nrmse,0.21682660281658173
original,burgers,B4,23,B4_s23,1,1000,5000,field,validation_normalized_teacher_regret_mean,9.08276761037996e-05
original,burgers,B4,23,B4_s23,1,1000,5000,field,validation_teacher_best_agreement,0.96875
original,burgers,B4,23,B4_s23,1,1000,5000,field,selection_score,0.10845871524634276
original,burgers,B4,23,B4_s23,1,1500,5000,field,train_loss,0.008845405653119087
original,burgers,B4,23,B4_s23,1,1500,5000,field,train_field_loss,0.0030325788538903
original,burgers,B4,23,B4_s23,1,1500,5000,field,train_initial_field_loss,0.0010018610628321767
original,burgers,B4,23,B4_s23,1,1500,5000,field,train_sensor_consistency_loss,0.004810965619981289
original,burgers,B4,23,B4_s23,1,1500,5000,field,train_bc_diagnostic_loss,2.2199175006912264e-15
original,burgers,B4,23,B4_s23,1,1500,5000,field,train_physics_loss,0.0
original,burgers,B4,23,B4_s23,1,1500,5000,field,train_balance_loss,0.0
original,burgers,B4,23,B4_s23,1,1500,5000,field,train_rank_loss,0.0
original,burgers,B4,23,B4_s23,1,1500,5000,field,validation_field_nrmse,0.1835857778787613
original,burgers,B4,23,B4_s23,1,1500,5000,field,validation_normalized_teacher_regret_mean,2.08761978228722e-05
original,burgers,B4,23,B4_s23,1,1500,5000,field,validation_teacher_best_agreement,0.96875
original,burgers,B4,23,B4_s23,1,1500,5000,field,selection_score,0.09180332703829208
original,burgers,B4,23,B4_s23,1,2000,5000,field,train_loss,0.007392296101897955
original,burgers,B4,23,B4_s23,1,2000,5000,field,train_field_loss,0.0016597708454355597
original,burgers,B4,23,B4_s23,1,2000,5000,field,train_initial_field_loss,0.0009567986708134413
original,burgers,B4,23,B4_s23,1,2000,5000,field,train_sensor_consistency_loss,0.0047757262364029884
original,burgers,B4,23,B4_s23,1,2000,5000,field,train_bc_diagnostic_loss,2.1889101655910882e-15
original,burgers,B4,23,B4_s23,1,2000,5000,field,train_physics_loss,0.0
original,burgers,B4,23,B4_s23,1,2000,5000,field,train_balance_loss,0.0
original,burgers,B4,23,B4_s23,1,2000,5000,field,train_rank_loss,0.0
original,burgers,B4,23,B4_s23,1,2000,5000,field,validation_field_nrmse,0.16691455245018005
original,burgers,B4,23,B4_s23,1,2000,5000,field,validation_normalized_teacher_regret_mean,9.378942036164517e-05
original,burgers,B4,23,B4_s23,1,2000,5000,field,validation_teacher_best_agreement,0.953125
original,burgers,B4,23,B4_s23,1,2000,5000,field,selection_score,0.08350417093527085
original,burgers,B4,23,B4_s23,1,2500,5000,physics_ranking,train_loss,0.008406293578445911
original,burgers,B4,23,B4_s23,1,2500,5000,physics_ranking,train_field_loss,0.002297208411619067
original,burgers,B4,23,B4_s23,1,2500,5000,physics_ranking,train_initial_field_loss,0.0011554142693057656
original,burgers,B4,23,B4_s23,1,2500,5000,physics_ranking,train_sensor_consistency_loss,0.004946874920278788
original,burgers,B4,23,B4_s23,1,2500,5000,physics_ranking,train_bc_diagnostic_loss,1.3323464036142825e-15
original,burgers,B4,23,B4_s23,1,2500,5000,physics_ranking,train_physics_loss,2.5306590032414533e-05
original,burgers,B4,23,B4_s23,1,2500,5000,physics_ranking,train_balance_loss,2.8283313469046334e-08
original,burgers,B4,23,B4_s23,1,2500,5000,physics_ranking,train_rank_loss,6.584169750567526e-05
original,burgers,B4,23,B4_s23,1,2500,5000,physics_ranking,validation_field_nrmse,0.16510403156280518
original,burgers,B4,23,B4_s23,1,2500,5000,physics_ranking,validation_normalized_teacher_regret_mean,0.0
original,burgers,B4,23,B4_s23,1,2500,5000,physics_ranking,validation_teacher_best_agreement,1.0
original,burgers,B4,23,B4_s23,1,2500,5000,physics_ranking,selection_score,0.08255201578140259
original,burgers,B4,23,B4_s23,1,3000,5000,physics_ranking,train_loss,0.007723849266767502
original,burgers,B4,23,B4_s23,1,3000,5000,physics_ranking,train_field_loss,0.0017702478216961026
original,burgers,B4,23,B4_s23,1,3000,5000,physics_ranking,train_initial_field_loss,0.0011010683374479413
original,burgers,B4,23,B4_s23,1,3000,5000,physics_ranking,train_sensor_consistency_loss,0.004847634583711624
original,burgers,B4,23,B4_s23,1,3000,5000,physics_ranking,train_bc_diagnostic_loss,1.6184021353962685e-15
original,burgers,B4,23,B4_s23,1,3000,5000,physics_ranking,train_physics_loss,1.8824544895323925e-05
original,burgers,B4,23,B4_s23,1,3000,5000,physics_ranking,train_balance_loss,9.443103188289115e-09
original,burgers,B4,23,B4_s23,1,3000,5000,physics_ranking,train_rank_loss,4.710620851255953e-05
original,burgers,B4,23,B4_s23,1,3000,5000,physics_ranking,validation_field_nrmse,0.16180571913719177
original,burgers,B4,23,B4_s23,1,3000,5000,physics_ranking,validation_normalized_teacher_regret_mean,0.0
original,burgers,B4,23,B4_s23,1,3000,5000,physics_ranking,validation_teacher_best_agreement,1.0
original,burgers,B4,23,B4_s23,1,3000,5000,physics_ranking,selection_score,0.08090285956859589
original,burgers,B4,23,B4_s23,1,3500,5000,physics_ranking,train_loss,0.008062801323831081
original,burgers,B4,23,B4_s23,1,3500,5000,physics_ranking,train_field_loss,0.0019455174915492535
original,burgers,B4,23,B4_s23,1,3500,5000,physics_ranking,train_initial_field_loss,0.0010522028896957636
original,burgers,B4,23,B4_s23,1,3500,5000,physics_ranking,train_sensor_consistency_loss,0.00505756214261055
original,burgers,B4,23,B4_s23,1,3500,5000,physics_ranking,train_bc_diagnostic_loss,2.1078660531977968e-15
original,burgers,B4,23,B4_s23,1,3500,5000,physics_ranking,train_physics_loss,2.6336490918765776e-05
original,burgers,B4,23,B4_s23,1,3500,5000,physics_ranking,train_balance_loss,1.3820240063466827e-08
original,burgers,B4,23,B4_s23,1,3500,5000,physics_ranking,train_rank_loss,7.255416130647063e-05
original,burgers,B4,23,B4_s23,1,3500,5000,physics_ranking,validation_field_nrmse,0.16039663553237915
original,burgers,B4,23,B4_s23,1,3500,5000,physics_ranking,validation_normalized_teacher_regret_mean,0.0
original,burgers,B4,23,B4_s23,1,3500,5000,physics_ranking,validation_teacher_best_agreement,1.0
original,burgers,B4,23,B4_s23,1,3500,5000,physics_ranking,selection_score,0.08019831776618958
original,burgers,B4,23,B4_s23,1,4000,5000,physics_ranking,train_loss,0.009096578694880009
original,burgers,B4,23,B4_s23,1,4000,5000,physics_ranking,train_field_loss,0.002558333333581686
original,burgers,B4,23,B4_s23,1,4000,5000,physics_ranking,train_initial_field_loss,0.0014594815438613296
original,burgers,B4,23,B4_s23,1,4000,5000,physics_ranking,train_sensor_consistency_loss,0.005075427703559399
original,burgers,B4,23,B4_s23,1,4000,5000,physics_ranking,train_bc_diagnostic_loss,1.7537613884992947e-15
original,burgers,B4,23,B4_s23,1,4000,5000,physics_ranking,train_physics_loss,2.2999336579232477e-05
original,burgers,B4,23,B4_s23,1,4000,5000,physics_ranking,train_balance_loss,7.008329028224125e-09
original,burgers,B4,23,B4_s23,1,4000,5000,physics_ranking,train_rank_loss,3.105995710939169e-05
original,burgers,B4,23,B4_s23,1,4000,5000,physics_ranking,validation_field_nrmse,0.15937253832817078
original,burgers,B4,23,B4_s23,1,4000,5000,physics_ranking,validation_normalized_teacher_regret_mean,2.9617442578455666e-06
original,burgers,B4,23,B4_s23,1,4000,5000,physics_ranking,validation_teacher_best_agreement,0.984375
original,burgers,B4,23,B4_s23,1,4000,5000,physics_ranking,selection_score,0.07968775003621431
original,burgers,B4,23,B4_s23,1,4500,5000,physics_ranking,train_loss,0.009012795053422451
original,burgers,B4,23,B4_s23,1,4500,5000,physics_ranking,train_field_loss,0.0030787657015025616
original,burgers,B4,23,B4_s23,1,4500,5000,physics_ranking,train_initial_field_loss,0.0013439125614240766
original,burgers,B4,23,B4_s23,1,4500,5000,physics_ranking,train_sensor_consistency_loss,0.0045860870741307735
original,burgers,B4,23,B4_s23,1,4500,5000,physics_ranking,train_bc_diagnostic_loss,1.7411475856070205e-15
original,burgers,B4,23,B4_s23,1,4500,5000,physics_ranking,train_physics_loss,2.9615468520205468e-05
original,burgers,B4,23,B4_s23,1,4500,5000,physics_ranking,train_balance_loss,2.3097820545103787e-08
original,burgers,B4,23,B4_s23,1,4500,5000,physics_ranking,train_rank_loss,3.7335994420573115e-05
original,burgers,B4,23,B4_s23,1,4500,5000,physics_ranking,validation_field_nrmse,0.15934020280838013
original,burgers,B4,23,B4_s23,1,4500,5000,physics_ranking,validation_normalized_teacher_regret_mean,2.9617442578455666e-06
original,burgers,B4,23,B4_s23,1,4500,5000,physics_ranking,validation_teacher_best_agreement,0.984375
original,burgers,B4,23,B4_s23,1,4500,5000,physics_ranking,selection_score,0.07967158227631899
original,burgers,B4,23,B4_s23,1,5000,5000,physics_ranking,train_loss,0.007722133304923773
original,burgers,B4,23,B4_s23,1,5000,5000,physics_ranking,train_field_loss,0.0019463449716567993
original,burgers,B4,23,B4_s23,1,5000,5000,physics_ranking,train_initial_field_loss,0.0010666423477232456
original,burgers,B4,23,B4_s23,1,5000,5000,physics_ranking,train_sensor_consistency_loss,0.004706219770014286
original,burgers,B4,23,B4_s23,1,5000,5000,physics_ranking,train_bc_diagnostic_loss,1.6619193000944055e-15
original,burgers,B4,23,B4_s23,1,5000,5000,physics_ranking,train_physics_loss,1.7899776139529422e-05
original,burgers,B4,23,B4_s23,1,5000,5000,physics_ranking,train_balance_loss,5.631319410781543e-09
original,burgers,B4,23,B4_s23,1,5000,5000,physics_ranking,train_rank_loss,2.746845711953938e-05
original,burgers,B4,23,B4_s23,1,5000,5000,physics_ranking,validation_field_nrmse,0.1591140627861023
original,burgers,B4,23,B4_s23,1,5000,5000,physics_ranking,validation_normalized_teacher_regret_mean,2.9617442578455666e-06
original,burgers,B4,23,B4_s23,1,5000,5000,physics_ranking,validation_teacher_best_agreement,0.984375
original,burgers,B4,23,B4_s23,1,5000,5000,physics_ranking,selection_score,0.07955851226518007
original,burgers,B4,37,B4_s37,1,500,5000,field,train_loss,0.009621809236705303
original,burgers,B4,37,B4_s37,1,500,5000,field,train_field_loss,0.004124486818909645
original,burgers,B4,37,B4_s37,1,500,5000,field,train_initial_field_loss,0.0010889233089983463
original,burgers,B4,37,B4_s37,1,500,5000,field,train_sensor_consistency_loss,0.004408399108797312
original,burgers,B4,37,B4_s37,1,500,5000,field,train_bc_diagnostic_loss,2.8590716220303763e-15
original,burgers,B4,37,B4_s37,1,500,5000,field,train_physics_loss,0.0
original,burgers,B4,37,B4_s37,1,500,5000,field,train_balance_loss,0.0
original,burgers,B4,37,B4_s37,1,500,5000,field,train_rank_loss,0.0
original,burgers,B4,37,B4_s37,1,500,5000,field,validation_field_nrmse,0.23498991131782532
original,burgers,B4,37,B4_s37,1,500,5000,field,validation_normalized_teacher_regret_mean,0.0001240940073330421
original,burgers,B4,37,B4_s37,1,500,5000,field,validation_teacher_best_agreement,0.96875
original,burgers,B4,37,B4_s37,1,500,5000,field,selection_score,0.11755700266257918
original,burgers,B4,37,B4_s37,1,1000,5000,field,train_loss,0.008151085115969181
original,burgers,B4,37,B4_s37,1,1000,5000,field,train_field_loss,0.0028033421840518713
original,burgers,B4,37,B4_s37,1,1000,5000,field,train_initial_field_loss,0.0008566286996938288
original,burgers,B4,37,B4_s37,1,1000,5000,field,train_sensor_consistency_loss,0.004491114057600498
original,burgers,B4,37,B4_s37,1,1000,5000,field,train_bc_diagnostic_loss,1.1588209046991616e-15
original,burgers,B4,37,B4_s37,1,1000,5000,field,train_physics_loss,0.0
original,burgers,B4,37,B4_s37,1,1000,5000,field,train_balance_loss,0.0
original,burgers,B4,37,B4_s37,1,1000,5000,field,train_rank_loss,0.0
original,burgers,B4,37,B4_s37,1,1000,5000,field,validation_field_nrmse,0.21081283688545227
original,burgers,B4,37,B4_s37,1,1000,5000,field,validation_normalized_teacher_regret_mean,7.291322253877297e-05
original,burgers,B4,37,B4_s37,1,1000,5000,field,validation_teacher_best_agreement,0.984375
original,burgers,B4,37,B4_s37,1,1000,5000,field,selection_score,0.10544287505399552
original,burgers,B4,37,B4_s37,1,1500,5000,field,train_loss,0.008577875792980194
original,burgers,B4,37,B4_s37,1,1500,5000,field,train_field_loss,0.0025294499937444925
original,burgers,B4,37,B4_s37,1,1500,5000,field,train_initial_field_loss,0.00111868092790246
original,burgers,B4,37,B4_s37,1,1500,5000,field,train_sensor_consistency_loss,0.004929745104163885
original,burgers,B4,37,B4_s37,1,1500,5000,field,train_bc_diagnostic_loss,1.736668263623703e-15
original,burgers,B4,37,B4_s37,1,1500,5000,field,train_physics_loss,0.0
original,burgers,B4,37,B4_s37,1,1500,5000,field,train_balance_loss,0.0
original,burgers,B4,37,B4_s37,1,1500,5000,field,train_rank_loss,0.0
original,burgers,B4,37,B4_s37,1,1500,5000,field,validation_field_nrmse,0.17298902571201324
original,burgers,B4,37,B4_s37,1,1500,5000,field,validation_normalized_teacher_regret_mean,9.378942036164517e-05
original,burgers,B4,37,B4_s37,1,1500,5000,field,validation_teacher_best_agreement,0.953125
original,burgers,B4,37,B4_s37,1,1500,5000,field,selection_score,0.08654140756618744
original,burgers,B4,37,B4_s37,1,2000,5000,field,train_loss,0.008630926720798016
original,burgers,B4,37,B4_s37,1,2000,5000,field,train_field_loss,0.002686301013454795
original,burgers,B4,37,B4_s37,1,2000,5000,field,train_initial_field_loss,0.0012234445894137025
original,burgers,B4,37,B4_s37,1,2000,5000,field,train_sensor_consistency_loss,0.004721181001514196
original,burgers,B4,37,B4_s37,1,2000,5000,field,train_bc_diagnostic_loss,1.9198391384674454e-15
original,burgers,B4,37,B4_s37,1,2000,5000,field,train_physics_loss,0.0
original,burgers,B4,37,B4_s37,1,2000,5000,field,train_balance_loss,0.0
original,burgers,B4,37,B4_s37,1,2000,5000,field,train_rank_loss,0.0
original,burgers,B4,37,B4_s37,1,2000,5000,field,validation_field_nrmse,0.1688416600227356
original,burgers,B4,37,B4_s37,1,2000,5000,field,validation_normalized_teacher_regret_mean,7.587496679661854e-05
original,burgers,B4,37,B4_s37,1,2000,5000,field,validation_teacher_best_agreement,0.96875
original,burgers,B4,37,B4_s37,1,2000,5000,field,selection_score,0.08445876749476611
original,burgers,B4,37,B4_s37,1,2500,5000,physics_ranking,train_loss,0.008025342598557472
original,burgers,B4,37,B4_s37,1,2500,5000,physics_ranking,train_field_loss,0.0023407551925629377
original,burgers,B4,37,B4_s37,1,2500,5000,physics_ranking,train_initial_field_loss,0.0011015321360900998
original,burgers,B4,37,B4_s37,1,2500,5000,physics_ranking,train_sensor_consistency_loss,0.004570998251438141
original,burgers,B4,37,B4_s37,1,2500,5000,physics_ranking,train_bc_diagnostic_loss,2.3826276594193308e-15
original,burgers,B4,37,B4_s37,1,2500,5000,physics_ranking,train_physics_loss,2.117482654284686e-05
original,burgers,B4,37,B4_s37,1,2500,5000,physics_ranking,train_balance_loss,2.4821044775080736e-08
original,burgers,B4,37,B4_s37,1,2500,5000,physics_ranking,train_rank_loss,0.00011879613157361746
original,burgers,B4,37,B4_s37,1,2500,5000,physics_ranking,validation_field_nrmse,0.16416652500629425
original,burgers,B4,37,B4_s37,1,2500,5000,physics_ranking,validation_normalized_teacher_regret_mean,7.587496679661854e-05
original,burgers,B4,37,B4_s37,1,2500,5000,physics_ranking,validation_teacher_best_agreement,0.96875
original,burgers,B4,37,B4_s37,1,2500,5000,physics_ranking,selection_score,0.08212119998654543
original,burgers,B4,37,B4_s37,1,3000,5000,physics_ranking,train_loss,0.00634196400642395
original,burgers,B4,37,B4_s37,1,3000,5000,physics_ranking,train_field_loss,0.0011632321402430534
original,burgers,B4,37,B4_s37,1,3000,5000,physics_ranking,train_initial_field_loss,0.0006759044481441379
original,burgers,B4,37,B4_s37,1,3000,5000,physics_ranking,train_sensor_consistency_loss,0.004497492220252752
original,burgers,B4,37,B4_s37,1,3000,5000,physics_ranking,train_bc_diagnostic_loss,2.1387548036853193e-15
original,burgers,B4,37,B4_s37,1,3000,5000,physics_ranking,train_physics_loss,1.6930889614741318e-05
original,burgers,B4,37,B4_s37,1,3000,5000,physics_ranking,train_balance_loss,8.261681117005537e-09
original,burgers,B4,37,B4_s37,1,3000,5000,physics_ranking,train_rank_loss,5.1658047595992684e-05
original,burgers,B4,37,B4_s37,1,3000,5000,physics_ranking,validation_field_nrmse,0.16342470049858093
original,burgers,B4,37,B4_s37,1,3000,5000,physics_ranking,validation_normalized_teacher_regret_mean,7.587496679661854e-05
original,burgers,B4,37,B4_s37,1,3000,5000,physics_ranking,validation_teacher_best_agreement,0.96875
original,burgers,B4,37,B4_s37,1,3000,5000,physics_ranking,selection_score,0.08175028773268878
original,burgers,B4,37,B4_s37,1,3500,5000,physics_ranking,train_loss,0.008408253081142902
original,burgers,B4,37,B4_s37,1,3500,5000,physics_ranking,train_field_loss,0.0017217296408489347
original,burgers,B4,37,B4_s37,1,3500,5000,physics_ranking,train_initial_field_loss,0.001179612590931356
original,burgers,B4,37,B4_s37,1,3500,5000,physics_ranking,train_sensor_consistency_loss,0.005503640975803137
original,burgers,B4,37,B4_s37,1,3500,5000,physics_ranking,train_bc_diagnostic_loss,1.5223369524746061e-15
original,burgers,B4,37,B4_s37,1,3500,5000,physics_ranking,train_physics_loss,1.5556372090941295e-05
original,burgers,B4,37,B4_s37,1,3500,5000,physics_ranking,train_balance_loss,1.0141510742300852e-08
original,burgers,B4,37,B4_s37,1,3500,5000,physics_ranking,train_rank_loss,3.114733408438042e-05
original,burgers,B4,37,B4_s37,1,3500,5000,physics_ranking,validation_field_nrmse,0.1602073311805725
original,burgers,B4,37,B4_s37,1,3500,5000,physics_ranking,validation_normalized_teacher_regret_mean,0.0
original,burgers,B4,37,B4_s37,1,3500,5000,physics_ranking,validation_teacher_best_agreement,1.0
original,burgers,B4,37,B4_s37,1,3500,5000,physics_ranking,selection_score,0.08010366559028625
original,burgers,B4,37,B4_s37,1,4000,5000,physics_ranking,train_loss,0.007742599584162235
original,burgers,B4,37,B4_s37,1,4000,5000,physics_ranking,train_field_loss,0.001716590952128172
original,burgers,B4,37,B4_s37,1,4000,5000,physics_ranking,train_initial_field_loss,0.001158444327302277
original,burgers,B4,37,B4_s37,1,4000,5000,physics_ranking,train_sensor_consistency_loss,0.0048607224598526955
original,burgers,B4,37,B4_s37,1,4000,5000,physics_ranking,train_bc_diagnostic_loss,2.885817534372878e-15
original,burgers,B4,37,B4_s37,1,4000,5000,physics_ranking,train_physics_loss,2.2649644961347803e-05
original,burgers,B4,37,B4_s37,1,4000,5000,physics_ranking,train_balance_loss,1.0173851983097393e-08
original,burgers,B4,37,B4_s37,1,4000,5000,physics_ranking,train_rank_loss,6.615198799408972e-05
original,burgers,B4,37,B4_s37,1,4000,5000,physics_ranking,validation_field_nrmse,0.15957273542881012
original,burgers,B4,37,B4_s37,1,4000,5000,physics_ranking,validation_normalized_teacher_regret_mean,0.0
original,burgers,B4,37,B4_s37,1,4000,5000,physics_ranking,validation_teacher_best_agreement,1.0
original,burgers,B4,37,B4_s37,1,4000,5000,physics_ranking,selection_score,0.07978636771440506
original,burgers,B4,37,B4_s37,1,4500,5000,physics_ranking,train_loss,0.007350781001150608
original,burgers,B4,37,B4_s37,1,4500,5000,physics_ranking,train_field_loss,0.0016195336356759071
original,burgers,B4,37,B4_s37,1,4500,5000,physics_ranking,train_initial_field_loss,0.0010744225000962615
original,burgers,B4,37,B4_s37,1,4500,5000,physics_ranking,train_sensor_consistency_loss,0.004654173739254475
original,burgers,B4,37,B4_s37,1,4500,5000,physics_ranking,train_bc_diagnostic_loss,1.552850467366495e-15
original,burgers,B4,37,B4_s37,1,4500,5000,physics_ranking,train_physics_loss,1.8628375983098522e-05
original,burgers,B4,37,B4_s37,1,4500,5000,physics_ranking,train_balance_loss,5.387310153537328e-09
original,burgers,B4,37,B4_s37,1,4500,5000,physics_ranking,train_rank_loss,2.4647466489113867e-05
original,burgers,B4,37,B4_s37,1,4500,5000,physics_ranking,validation_field_nrmse,0.15928921103477478
original,burgers,B4,37,B4_s37,1,4500,5000,physics_ranking,validation_normalized_teacher_regret_mean,2.9617442578455666e-06
original,burgers,B4,37,B4_s37,1,4500,5000,physics_ranking,validation_teacher_best_agreement,0.984375
original,burgers,B4,37,B4_s37,1,4500,5000,physics_ranking,selection_score,0.07964608638951631
original,burgers,B4,37,B4_s37,1,5000,5000,physics_ranking,train_loss,0.008615802973508835
original,burgers,B4,37,B4_s37,1,5000,5000,physics_ranking,train_field_loss,0.002231182297691703
original,burgers,B4,37,B4_s37,1,5000,5000,physics_ranking,train_initial_field_loss,0.0013013213174417615
original,burgers,B4,37,B4_s37,1,5000,5000,physics_ranking,train_sensor_consistency_loss,0.005079240538179874
original,burgers,B4,37,B4_s37,1,5000,5000,physics_ranking,train_bc_diagnostic_loss,2.897625173657603e-15
original,burgers,B4,37,B4_s37,1,5000,5000,physics_ranking,train_physics_loss,2.0716883227578364e-05
original,burgers,B4,37,B4_s37,1,5000,5000,physics_ranking,train_balance_loss,5.148868886806213e-09
original,burgers,B4,37,B4_s37,1,5000,5000,physics_ranking,train_rank_loss,3.851111250696704e-05
original,burgers,B4,37,B4_s37,1,5000,5000,physics_ranking,validation_field_nrmse,0.15918245911598206
original,burgers,B4,37,B4_s37,1,5000,5000,physics_ranking,validation_normalized_teacher_regret_mean,2.9617442578455666e-06
original,burgers,B4,37,B4_s37,1,5000,5000,physics_ranking,validation_teacher_best_agreement,0.984375
original,burgers,B4,37,B4_s37,1,5000,5000,physics_ranking,selection_score,0.07959271043011995
original,burgers,B5,11,B5_s11,1,500,5000,field,train_loss,0.007259761914610863
original,burgers,B5,11,B5_s11,1,500,5000,field,train_field_loss,0.0021540464367717505
original,burgers,B5,11,B5_s11,1,500,5000,field,train_initial_field_loss,0.0007225442677736282
original,burgers,B5,11,B5_s11,1,500,5000,field,train_sensor_consistency_loss,0.00438317097723484
original,burgers,B5,11,B5_s11,1,500,5000,field,train_bc_diagnostic_loss,2.075881242076527e-15
original,burgers,B5,11,B5_s11,1,500,5000,field,train_physics_loss,0.0
original,burgers,B5,11,B5_s11,1,500,5000,field,train_balance_loss,0.0
original,burgers,B5,11,B5_s11,1,500,5000,field,train_rank_loss,0.0
original,burgers,B5,11,B5_s11,1,500,5000,field,validation_field_nrmse,0.2358330935239792
original,burgers,B5,11,B5_s11,1,500,5000,field,validation_normalized_teacher_regret_mean,0.0001240940073330421
original,burgers,B5,11,B5_s11,1,500,5000,field,validation_teacher_best_agreement,0.96875
original,burgers,B5,11,B5_s11,1,500,5000,field,selection_score,0.11797859376565611
original,burgers,B5,11,B5_s11,1,1000,5000,field,train_loss,0.01210790779441595
original,burgers,B5,11,B5_s11,1,1000,5000,field,train_field_loss,0.006301891058683395
original,burgers,B5,11,B5_s11,1,1000,5000,field,train_initial_field_loss,0.0010426670778542757
original,burgers,B5,11,B5_s11,1,1000,5000,field,train_sensor_consistency_loss,0.004763349890708923
original,burgers,B5,11,B5_s11,1,1000,5000,field,train_bc_diagnostic_loss,2.074461614856929e-15
original,burgers,B5,11,B5_s11,1,1000,5000,field,train_physics_loss,0.0
original,burgers,B5,11,B5_s11,1,1000,5000,field,train_balance_loss,0.0
original,burgers,B5,11,B5_s11,1,1000,5000,field,train_rank_loss,0.0
original,burgers,B5,11,B5_s11,1,1000,5000,field,validation_field_nrmse,0.23246482014656067
original,burgers,B5,11,B5_s11,1,1000,5000,field,validation_normalized_teacher_regret_mean,7.291322253877297e-05
original,burgers,B5,11,B5_s11,1,1000,5000,field,validation_teacher_best_agreement,0.984375
original,burgers,B5,11,B5_s11,1,1000,5000,field,selection_score,0.11626886668454972
original,burgers,B5,11,B5_s11,1,1500,5000,field,train_loss,0.007489050272852182
original,burgers,B5,11,B5_s11,1,1500,5000,field,train_field_loss,0.0022914009168744087
original,burgers,B5,11,B5_s11,1,1500,5000,field,train_initial_field_loss,0.0009140625479631126
original,burgers,B5,11,B5_s11,1,1500,5000,field,train_sensor_consistency_loss,0.004283586982637644
original,burgers,B5,11,B5_s11,1,1500,5000,field,train_bc_diagnostic_loss,1.891865028351425e-15
original,burgers,B5,11,B5_s11,1,1500,5000,field,train_physics_loss,0.0
original,burgers,B5,11,B5_s11,1,1500,5000,field,train_balance_loss,0.0
original,burgers,B5,11,B5_s11,1,1500,5000,field,train_rank_loss,0.0
original,burgers,B5,11,B5_s11,1,1500,5000,field,validation_field_nrmse,0.17549023032188416
original,burgers,B5,11,B5_s11,1,1500,5000,field,validation_normalized_teacher_regret_mean,7.587496679661854e-05
original,burgers,B5,11,B5_s11,1,1500,5000,field,validation_teacher_best_agreement,0.96875
original,burgers,B5,11,B5_s11,1,1500,5000,field,selection_score,0.08778305264434039
original,burgers,B5,11,B5_s11,1,2000,5000,field,train_loss,0.010280500166118145
original,burgers,B5,11,B5_s11,1,2000,5000,field,train_field_loss,0.0034616526681929827
original,burgers,B5,11,B5_s11,1,2000,5000,field,train_initial_field_loss,0.001648849924094975
original,burgers,B5,11,B5_s11,1,2000,5000,field,train_sensor_consistency_loss,0.005169997923076153
original,burgers,B5,11,B5_s11,1,2000,5000,field,train_bc_diagnostic_loss,1.6890921170423234e-15
original,burgers,B5,11,B5_s11,1,2000,5000,field,train_physics_loss,0.0
original,burgers,B5,11,B5_s11,1,2000,5000,field,train_balance_loss,0.0
original,burgers,B5,11,B5_s11,1,2000,5000,field,train_rank_loss,0.0
original,burgers,B5,11,B5_s11,1,2000,5000,field,validation_field_nrmse,0.16715307533740997
original,burgers,B5,11,B5_s11,1,2000,5000,field,validation_normalized_teacher_regret_mean,7.587496679661854e-05
original,burgers,B5,11,B5_s11,1,2000,5000,field,validation_teacher_best_agreement,0.96875
original,burgers,B5,11,B5_s11,1,2000,5000,field,selection_score,0.0836144751521033
original,burgers,B5,11,B5_s11,1,2500,5000,physics_ranking,train_loss,0.008119948208332062
original,burgers,B5,11,B5_s11,1,2500,5000,physics_ranking,train_field_loss,0.0024235553573817015
original,burgers,B5,11,B5_s11,1,2500,5000,physics_ranking,train_initial_field_loss,0.0011103012366220355
original,burgers,B5,11,B5_s11,1,2500,5000,physics_ranking,train_sensor_consistency_loss,0.00457225413993001
original,burgers,B5,11,B5_s11,1,2500,5000,physics_ranking,train_bc_diagnostic_loss,2.7331821972776532e-15
original,burgers,B5,11,B5_s11,1,2500,5000,physics_ranking,train_physics_loss,2.2582817109650932e-05
original,burgers,B5,11,B5_s11,1,2500,5000,physics_ranking,train_balance_loss,1.1328984861336266e-08
original,burgers,B5,11,B5_s11,1,2500,5000,physics_ranking,train_rank_loss,0.00013837849837727845
original,burgers,B5,11,B5_s11,1,2500,5000,physics_ranking,validation_field_nrmse,0.1652059257030487
original,burgers,B5,11,B5_s11,1,2500,5000,physics_ranking,validation_normalized_teacher_regret_mean,2.9617442578455666e-06
original,burgers,B5,11,B5_s11,1,2500,5000,physics_ranking,validation_teacher_best_agreement,0.984375
original,burgers,B5,11,B5_s11,1,2500,5000,physics_ranking,selection_score,0.08260444372365328
original,burgers,B5,11,B5_s11,1,3000,5000,physics_ranking,train_loss,0.00687033124268055
original,burgers,B5,11,B5_s11,1,3000,5000,physics_ranking,train_field_loss,0.0014509864849969745
original,burgers,B5,11,B5_s11,1,3000,5000,physics_ranking,train_initial_field_loss,0.0008248733938671649
original,burgers,B5,11,B5_s11,1,3000,5000,physics_ranking,train_sensor_consistency_loss,0.004588643554598093
original,burgers,B5,11,B5_s11,1,3000,5000,physics_ranking,train_bc_diagnostic_loss,1.4809151355297395e-15
original,burgers,B5,11,B5_s11,1,3000,5000,physics_ranking,train_physics_loss,1.5006136891315691e-05
original,burgers,B5,11,B5_s11,1,3000,5000,physics_ranking,train_balance_loss,2.2125169252262822e-08
original,burgers,B5,11,B5_s11,1,3000,5000,physics_ranking,train_rank_loss,5.8279139921069145e-05
original,burgers,B5,11,B5_s11,1,3000,5000,physics_ranking,validation_field_nrmse,0.16118808090686798
original,burgers,B5,11,B5_s11,1,3000,5000,physics_ranking,validation_normalized_teacher_regret_mean,7.587496679661854e-05
original,burgers,B5,11,B5_s11,1,3000,5000,physics_ranking,validation_teacher_best_agreement,0.96875
original,burgers,B5,11,B5_s11,1,3000,5000,physics_ranking,selection_score,0.0806319779368323
original,burgers,B5,11,B5_s11,1,3500,5000,physics_ranking,train_loss,0.006900514476001263
original,burgers,B5,11,B5_s11,1,3500,5000,physics_ranking,train_field_loss,0.0012883846648037434
original,burgers,B5,11,B5_s11,1,3500,5000,physics_ranking,train_initial_field_loss,0.0009157583117485046
original,burgers,B5,11,B5_s11,1,3500,5000,physics_ranking,train_sensor_consistency_loss,0.004689359571784735
original,burgers,B5,11,B5_s11,1,3500,5000,physics_ranking,train_bc_diagnostic_loss,2.2985587923713942e-15
original,burgers,B5,11,B5_s11,1,3500,5000,physics_ranking,train_physics_loss,2.0071587641723454e-05
original,burgers,B5,11,B5_s11,1,3500,5000,physics_ranking,train_balance_loss,1.4649109481013056e-08
original,burgers,B5,11,B5_s11,1,3500,5000,physics_ranking,train_rank_loss,7.011771231191233e-05
original,burgers,B5,11,B5_s11,1,3500,5000,physics_ranking,validation_field_nrmse,0.15952405333518982
original,burgers,B5,11,B5_s11,1,3500,5000,physics_ranking,validation_normalized_teacher_regret_mean,2.9617442578455666e-06
original,burgers,B5,11,B5_s11,1,3500,5000,physics_ranking,validation_teacher_best_agreement,0.984375
original,burgers,B5,11,B5_s11,1,3500,5000,physics_ranking,selection_score,0.07976350753972383
original,burgers,B5,11,B5_s11,1,4000,5000,physics_ranking,train_loss,0.007440704852342606
original,burgers,B5,11,B5_s11,1,4000,5000,physics_ranking,train_field_loss,0.0019118275959044695
original,burgers,B5,11,B5_s11,1,4000,5000,physics_ranking,train_initial_field_loss,0.0010050921700894833
original,burgers,B5,11,B5_s11,1,4000,5000,physics_ranking,train_sensor_consistency_loss,0.004519977606832981
original,burgers,B5,11,B5_s11,1,4000,5000,physics_ranking,train_bc_diagnostic_loss,1.454106542749141e-15
original,burgers,B5,11,B5_s11,1,4000,5000,physics_ranking,train_physics_loss,1.767180765455123e-05
original,burgers,B5,11,B5_s11,1,4000,5000,physics_ranking,train_balance_loss,8.318797206641193e-09
original,burgers,B5,11,B5_s11,1,4000,5000,physics_ranking,train_rank_loss,3.8074038457125425e-05
original,burgers,B5,11,B5_s11,1,4000,5000,physics_ranking,validation_field_nrmse,0.15851891040802002
original,burgers,B5,11,B5_s11,1,4000,5000,physics_ranking,validation_normalized_teacher_regret_mean,2.9617442578455666e-06
original,burgers,B5,11,B5_s11,1,4000,5000,physics_ranking,validation_teacher_best_agreement,0.984375
original,burgers,B5,11,B5_s11,1,4000,5000,physics_ranking,selection_score,0.07926093607613893
original,burgers,B5,11,B5_s11,1,4500,5000,physics_ranking,train_loss,0.008023040369153023
original,burgers,B5,11,B5_s11,1,4500,5000,physics_ranking,train_field_loss,0.002236349508166313
original,burgers,B5,11,B5_s11,1,4500,5000,physics_ranking,train_initial_field_loss,0.0012604395160451531
original,burgers,B5,11,B5_s11,1,4500,5000,physics_ranking,train_sensor_consistency_loss,0.004522830247879028
original,burgers,B5,11,B5_s11,1,4500,5000,physics_ranking,train_bc_diagnostic_loss,1.3042816609729058e-15
original,burgers,B5,11,B5_s11,1,4500,5000,physics_ranking,train_physics_loss,1.5322631952585652e-05
original,burgers,B5,11,B5_s11,1,4500,5000,physics_ranking,train_balance_loss,9.731441430460563e-09
original,burgers,B5,11,B5_s11,1,4500,5000,physics_ranking,train_rank_loss,3.42164421454072e-05
original,burgers,B5,11,B5_s11,1,4500,5000,physics_ranking,validation_field_nrmse,0.15845614671707153
original,burgers,B5,11,B5_s11,1,4500,5000,physics_ranking,validation_normalized_teacher_regret_mean,2.9617442578455666e-06
original,burgers,B5,11,B5_s11,1,4500,5000,physics_ranking,validation_teacher_best_agreement,0.984375
original,burgers,B5,11,B5_s11,1,4500,5000,physics_ranking,selection_score,0.07922955423066469
original,burgers,B5,11,B5_s11,1,5000,5000,physics_ranking,train_loss,0.0079604247584939
original,burgers,B5,11,B5_s11,1,5000,5000,physics_ranking,train_field_loss,0.002273367717862129
original,burgers,B5,11,B5_s11,1,5000,5000,physics_ranking,train_initial_field_loss,0.0012254343600943685
original,burgers,B5,11,B5_s11,1,5000,5000,physics_ranking,train_sensor_consistency_loss,0.00445703137665987
original,burgers,B5,11,B5_s11,1,5000,5000,physics_ranking,train_bc_diagnostic_loss,1.9123547553455064e-15
original,burgers,B5,11,B5_s11,1,5000,5000,physics_ranking,train_physics_loss,2.7989251975668594e-05
original,burgers,B5,11,B5_s11,1,5000,5000,physics_ranking,train_balance_loss,1.5680507559068246e-08
original,burgers,B5,11,B5_s11,1,5000,5000,physics_ranking,train_rank_loss,4.5912573114037514e-05
original,burgers,B5,11,B5_s11,1,5000,5000,physics_ranking,validation_field_nrmse,0.15825648605823517
original,burgers,B5,11,B5_s11,1,5000,5000,physics_ranking,validation_normalized_teacher_regret_mean,2.9617442578455666e-06
original,burgers,B5,11,B5_s11,1,5000,5000,physics_ranking,validation_teacher_best_agreement,0.984375
original,burgers,B5,11,B5_s11,1,5000,5000,physics_ranking,selection_score,0.07912972390124651
original,burgers,B5,23,B5_s23,1,500,5000,field,train_loss,0.01078441645950079
original,burgers,B5,23,B5_s23,1,500,5000,field,train_field_loss,0.004526324570178986
original,burgers,B5,23,B5_s23,1,500,5000,field,train_initial_field_loss,0.0011600753059610724
original,burgers,B5,23,B5_s23,1,500,5000,field,train_sensor_consistency_loss,0.00509801646694541
original,burgers,B5,23,B5_s23,1,500,5000,field,train_bc_diagnostic_loss,1.136694498292748e-15
original,burgers,B5,23,B5_s23,1,500,5000,field,train_physics_loss,0.0
original,burgers,B5,23,B5_s23,1,500,5000,field,train_balance_loss,0.0
original,burgers,B5,23,B5_s23,1,500,5000,field,train_rank_loss,0.0
original,burgers,B5,23,B5_s23,1,500,5000,field,validation_field_nrmse,0.23617589473724365
original,burgers,B5,23,B5_s23,1,500,5000,field,validation_normalized_teacher_regret_mean,0.0001240940073330421
original,burgers,B5,23,B5_s23,1,500,5000,field,validation_teacher_best_agreement,0.96875
original,burgers,B5,23,B5_s23,1,500,5000,field,selection_score,0.11814999437228835
original,burgers,B5,23,B5_s23,1,1000,5000,field,train_loss,0.009977363049983978
original,burgers,B5,23,B5_s23,1,1000,5000,field,train_field_loss,0.004093559458851814
original,burgers,B5,23,B5_s23,1,1000,5000,field,train_initial_field_loss,0.0009157664026133716
original,burgers,B5,23,B5_s23,1,1000,5000,field,train_sensor_consistency_loss,0.0049680378288030624
original,burgers,B5,23,B5_s23,1,1000,5000,field,train_bc_diagnostic_loss,1.3636688349707993e-15
original,burgers,B5,23,B5_s23,1,1000,5000,field,train_physics_loss,0.0
original,burgers,B5,23,B5_s23,1,1000,5000,field,train_balance_loss,0.0
original,burgers,B5,23,B5_s23,1,1000,5000,field,train_rank_loss,0.0
original,burgers,B5,23,B5_s23,1,1000,5000,field,validation_field_nrmse,0.22984758019447327
original,burgers,B5,23,B5_s23,1,1000,5000,field,validation_normalized_teacher_regret_mean,7.291322253877297e-05
original,burgers,B5,23,B5_s23,1,1000,5000,field,validation_teacher_best_agreement,0.984375
original,burgers,B5,23,B5_s23,1,1000,5000,field,selection_score,0.11496024670850602
original,burgers,B5,23,B5_s23,1,1500,5000,field,train_loss,0.009669274091720581
original,burgers,B5,23,B5_s23,1,1500,5000,field,train_field_loss,0.00385644705966115
original,burgers,B5,23,B5_s23,1,1500,5000,field,train_initial_field_loss,0.0010018610628321767
original,burgers,B5,23,B5_s23,1,1500,5000,field,train_sensor_consistency_loss,0.004810965619981289
original,burgers,B5,23,B5_s23,1,1500,5000,field,train_bc_diagnostic_loss,2.223773194667128e-15
original,burgers,B5,23,B5_s23,1,1500,5000,field,train_physics_loss,0.0
original,burgers,B5,23,B5_s23,1,1500,5000,field,train_balance_loss,0.0
original,burgers,B5,23,B5_s23,1,1500,5000,field,train_rank_loss,0.0
original,burgers,B5,23,B5_s23,1,1500,5000,field,validation_field_nrmse,0.20131607353687286
original,burgers,B5,23,B5_s23,1,1500,5000,field,validation_normalized_teacher_regret_mean,7.587496679661854e-05
original,burgers,B5,23,B5_s23,1,1500,5000,field,validation_teacher_best_agreement,0.96875
original,burgers,B5,23,B5_s23,1,1500,5000,field,selection_score,0.10069597425183474
original,burgers,B5,23,B5_s23,1,2000,5000,field,train_loss,0.0075170500203967094
original,burgers,B5,23,B5_s23,1,2000,5000,field,train_field_loss,0.001784524996764958
original,burgers,B5,23,B5_s23,1,2000,5000,field,train_initial_field_loss,0.0009567986708134413
original,burgers,B5,23,B5_s23,1,2000,5000,field,train_sensor_consistency_loss,0.0047757262364029884
original,burgers,B5,23,B5_s23,1,2000,5000,field,train_bc_diagnostic_loss,1.9638628288680404e-15
original,burgers,B5,23,B5_s23,1,2000,5000,field,train_physics_loss,0.0
original,burgers,B5,23,B5_s23,1,2000,5000,field,train_balance_loss,0.0
original,burgers,B5,23,B5_s23,1,2000,5000,field,train_rank_loss,0.0
original,burgers,B5,23,B5_s23,1,2000,5000,field,validation_field_nrmse,0.17012806236743927
original,burgers,B5,23,B5_s23,1,2000,5000,field,validation_normalized_teacher_regret_mean,7.587496679661854e-05
original,burgers,B5,23,B5_s23,1,2000,5000,field,validation_teacher_best_agreement,0.96875
original,burgers,B5,23,B5_s23,1,2000,5000,field,selection_score,0.08510196866711794
original,burgers,B5,23,B5_s23,1,2500,5000,physics_ranking,train_loss,0.008484870195388794
original,burgers,B5,23,B5_s23,1,2500,5000,physics_ranking,train_field_loss,0.002374415984377265
original,burgers,B5,23,B5_s23,1,2500,5000,physics_ranking,train_initial_field_loss,0.0011554142693057656
original,burgers,B5,23,B5_s23,1,2500,5000,physics_ranking,train_sensor_consistency_loss,0.004946874920278788
original,burgers,B5,23,B5_s23,1,2500,5000,physics_ranking,train_bc_diagnostic_loss,1.6939820382468225e-15
original,burgers,B5,23,B5_s23,1,2500,5000,physics_ranking,train_physics_loss,2.5117409677477553e-05
original,burgers,B5,23,B5_s23,1,2500,5000,physics_ranking,train_balance_loss,1.7964000065262553e-08
original,burgers,B5,23,B5_s23,1,2500,5000,physics_ranking,train_rank_loss,8.164595055859536e-05
original,burgers,B5,23,B5_s23,1,2500,5000,physics_ranking,validation_field_nrmse,0.16586919128894806
original,burgers,B5,23,B5_s23,1,2500,5000,physics_ranking,validation_normalized_teacher_regret_mean,7.587496679661854e-05
original,burgers,B5,23,B5_s23,1,2500,5000,physics_ranking,validation_teacher_best_agreement,0.96875
original,burgers,B5,23,B5_s23,1,2500,5000,physics_ranking,selection_score,0.08297253312787234
original,burgers,B5,23,B5_s23,1,3000,5000,physics_ranking,train_loss,0.007722556125372648
original,burgers,B5,23,B5_s23,1,3000,5000,physics_ranking,train_field_loss,0.0017688240623101592
original,burgers,B5,23,B5_s23,1,3000,5000,physics_ranking,train_initial_field_loss,0.0011010683374479413
original,burgers,B5,23,B5_s23,1,3000,5000,physics_ranking,train_sensor_consistency_loss,0.004847634583711624
original,burgers,B5,23,B5_s23,1,3000,5000,physics_ranking,train_bc_diagnostic_loss,1.7331623942550174e-15
original,burgers,B5,23,B5_s23,1,3000,5000,physics_ranking,train_physics_loss,1.8696819097385742e-05
original,burgers,B5,23,B5_s23,1,3000,5000,physics_ranking,train_balance_loss,1.1902203667091271e-08
original,burgers,B5,23,B5_s23,1,3000,5000,physics_ranking,train_rank_loss,5.0290385843254626e-05
original,burgers,B5,23,B5_s23,1,3000,5000,physics_ranking,validation_field_nrmse,0.16269199550151825
original,burgers,B5,23,B5_s23,1,3000,5000,physics_ranking,validation_normalized_teacher_regret_mean,7.291322253877297e-05
original,burgers,B5,23,B5_s23,1,3000,5000,physics_ranking,validation_teacher_best_agreement,0.984375
original,burgers,B5,23,B5_s23,1,3000,5000,physics_ranking,selection_score,0.08138245436202851
original,burgers,B5,23,B5_s23,1,3500,5000,physics_ranking,train_loss,0.008011328056454659
original,burgers,B5,23,B5_s23,1,3500,5000,physics_ranking,train_field_loss,0.0018920045113191009
original,burgers,B5,23,B5_s23,1,3500,5000,physics_ranking,train_initial_field_loss,0.0010522028896957636
original,burgers,B5,23,B5_s23,1,3500,5000,physics_ranking,train_sensor_consistency_loss,0.00505756214261055
original,burgers,B5,23,B5_s23,1,3500,5000,physics_ranking,train_bc_diagnostic_loss,1.771535527864479e-15
original,burgers,B5,23,B5_s23,1,3500,5000,physics_ranking,train_physics_loss,2.5949204427888617e-05
original,burgers,B5,23,B5_s23,1,3500,5000,physics_ranking,train_balance_loss,6.42824016239274e-09
original,burgers,B5,23,B5_s23,1,3500,5000,physics_ranking,train_rank_loss,9.559228783473372e-05
original,burgers,B5,23,B5_s23,1,3500,5000,physics_ranking,validation_field_nrmse,0.16101089119911194
original,burgers,B5,23,B5_s23,1,3500,5000,physics_ranking,validation_normalized_teacher_regret_mean,0.0
original,burgers,B5,23,B5_s23,1,3500,5000,physics_ranking,validation_teacher_best_agreement,1.0
original,burgers,B5,23,B5_s23,1,3500,5000,physics_ranking,selection_score,0.08050544559955597
original,burgers,B5,23,B5_s23,1,4000,5000,physics_ranking,train_loss,0.009071744047105312
original,burgers,B5,23,B5_s23,1,4000,5000,physics_ranking,train_field_loss,0.002533166902139783
original,burgers,B5,23,B5_s23,1,4000,5000,physics_ranking,train_initial_field_loss,0.0014594815438613296
original,burgers,B5,23,B5_s23,1,4000,5000,physics_ranking,train_sensor_consistency_loss,0.005075427703559399
original,burgers,B5,23,B5_s23,1,4000,5000,physics_ranking,train_bc_diagnostic_loss,1.6612613672526257e-15
original,burgers,B5,23,B5_s23,1,4000,5000,physics_ranking,train_physics_loss,2.2653073756373487e-05
original,burgers,B5,23,B5_s23,1,4000,5000,physics_ranking,train_balance_loss,9.727673777604195e-09
original,burgers,B5,23,B5_s23,1,4000,5000,physics_ranking,train_rank_loss,3.667424607556313e-05
original,burgers,B5,23,B5_s23,1,4000,5000,physics_ranking,validation_field_nrmse,0.16015873849391937
original,burgers,B5,23,B5_s23,1,4000,5000,physics_ranking,validation_normalized_teacher_regret_mean,7.587496679661854e-05
original,burgers,B5,23,B5_s23,1,4000,5000,physics_ranking,validation_teacher_best_agreement,0.96875
original,burgers,B5,23,B5_s23,1,4000,5000,physics_ranking,selection_score,0.080117306730358
original,burgers,B5,23,B5_s23,1,4500,5000,physics_ranking,train_loss,0.008992270566523075
original,burgers,B5,23,B5_s23,1,4500,5000,physics_ranking,train_field_loss,0.003058534814044833
original,burgers,B5,23,B5_s23,1,4500,5000,physics_ranking,train_initial_field_loss,0.0013439125614240766
original,burgers,B5,23,B5_s23,1,4500,5000,physics_ranking,train_sensor_consistency_loss,0.0045860870741307735
original,burgers,B5,23,B5_s23,1,4500,5000,physics_ranking,train_bc_diagnostic_loss,1.968262529754316e-15
original,burgers,B5,23,B5_s23,1,4500,5000,physics_ranking,train_physics_loss,2.961690006486606e-05
original,burgers,B5,23,B5_s23,1,4500,5000,physics_ranking,train_balance_loss,6.615626713113443e-09
original,burgers,B5,23,B5_s23,1,4500,5000,physics_ranking,train_rank_loss,3.736410872079432e-05
original,burgers,B5,23,B5_s23,1,4500,5000,physics_ranking,validation_field_nrmse,0.1600370556116104
original,burgers,B5,23,B5_s23,1,4500,5000,physics_ranking,validation_normalized_teacher_regret_mean,2.9617442578455666e-06
original,burgers,B5,23,B5_s23,1,4500,5000,physics_ranking,validation_teacher_best_agreement,0.984375
original,burgers,B5,23,B5_s23,1,4500,5000,physics_ranking,selection_score,0.08002000867793413
original,burgers,B5,23,B5_s23,1,5000,5000,physics_ranking,train_loss,0.007721148431301117
original,burgers,B5,23,B5_s23,1,5000,5000,physics_ranking,train_field_loss,0.0019456021254882216
original,burgers,B5,23,B5_s23,1,5000,5000,physics_ranking,train_initial_field_loss,0.0010666423477232456
original,burgers,B5,23,B5_s23,1,5000,5000,physics_ranking,train_sensor_consistency_loss,0.004706219770014286
original,burgers,B5,23,B5_s23,1,5000,5000,physics_ranking,train_bc_diagnostic_loss,1.4739762416258323e-15
original,burgers,B5,23,B5_s23,1,5000,5000,physics_ranking,train_physics_loss,1.8024151358986273e-05
original,burgers,B5,23,B5_s23,1,5000,5000,physics_ranking,train_balance_loss,1.116160319725168e-08
original,burgers,B5,23,B5_s23,1,5000,5000,physics_ranking,train_rank_loss,2.684080391190946e-05
original,burgers,B5,23,B5_s23,1,5000,5000,physics_ranking,validation_field_nrmse,0.15979818999767303
original,burgers,B5,23,B5_s23,1,5000,5000,physics_ranking,validation_normalized_teacher_regret_mean,2.9617442578455666e-06
original,burgers,B5,23,B5_s23,1,5000,5000,physics_ranking,validation_teacher_best_agreement,0.984375
original,burgers,B5,23,B5_s23,1,5000,5000,physics_ranking,selection_score,0.07990057587096544
original,burgers,B5,37,B5_s37,1,500,5000,field,train_loss,0.00973031297326088
original,burgers,B5,37,B5_s37,1,500,5000,field,train_field_loss,0.004232990089803934
original,burgers,B5,37,B5_s37,1,500,5000,field,train_initial_field_loss,0.0010889233089983463
original,burgers,B5,37,B5_s37,1,500,5000,field,train_sensor_consistency_loss,0.004408399108797312
original,burgers,B5,37,B5_s37,1,500,5000,field,train_bc_diagnostic_loss,2.789045714214969e-15
original,burgers,B5,37,B5_s37,1,500,5000,field,train_physics_loss,0.0
original,burgers,B5,37,B5_s37,1,500,5000,field,train_balance_loss,0.0
original,burgers,B5,37,B5_s37,1,500,5000,field,train_rank_loss,0.0
original,burgers,B5,37,B5_s37,1,500,5000,field,validation_field_nrmse,0.2363576591014862
original,burgers,B5,37,B5_s37,1,500,5000,field,validation_normalized_teacher_regret_mean,0.0001240940073330421
original,burgers,B5,37,B5_s37,1,500,5000,field,validation_teacher_best_agreement,0.96875
original,burgers,B5,37,B5_s37,1,500,5000,field,selection_score,0.11824087655440962
original,burgers,B5,37,B5_s37,1,1000,5000,field,train_loss,0.008614549413323402
original,burgers,B5,37,B5_s37,1,1000,5000,field,train_field_loss,0.0032668067142367363
original,burgers,B5,37,B5_s37,1,1000,5000,field,train_initial_field_loss,0.0008566286996938288
original,burgers,B5,37,B5_s37,1,1000,5000,field,train_sensor_consistency_loss,0.004491114057600498
original,burgers,B5,37,B5_s37,1,1000,5000,field,train_bc_diagnostic_loss,1.283798922000639e-15
original,burgers,B5,37,B5_s37,1,1000,5000,field,train_physics_loss,0.0
original,burgers,B5,37,B5_s37,1,1000,5000,field,train_balance_loss,0.0
original,burgers,B5,37,B5_s37,1,1000,5000,field,train_rank_loss,0.0
original,burgers,B5,37,B5_s37,1,1000,5000,field,validation_field_nrmse,0.23197802901268005
original,burgers,B5,37,B5_s37,1,1000,5000,field,validation_normalized_teacher_regret_mean,7.291322253877297e-05
original,burgers,B5,37,B5_s37,1,1000,5000,field,validation_teacher_best_agreement,0.984375
original,burgers,B5,37,B5_s37,1,1000,5000,field,selection_score,0.11602547111760941
original,burgers,B5,37,B5_s37,1,1500,5000,field,train_loss,0.009806990623474121
original,burgers,B5,37,B5_s37,1,1500,5000,field,train_field_loss,0.003758564591407776
original,burgers,B5,37,B5_s37,1,1500,5000,field,train_initial_field_loss,0.00111868092790246
original,burgers,B5,37,B5_s37,1,1500,5000,field,train_sensor_consistency_loss,0.004929745104163885
original,burgers,B5,37,B5_s37,1,1500,5000,field,train_bc_diagnostic_loss,1.4694437683250745e-15
original,burgers,B5,37,B5_s37,1,1500,5000,field,train_physics_loss,0.0
original,burgers,B5,37,B5_s37,1,1500,5000,field,train_balance_loss,0.0
original,burgers,B5,37,B5_s37,1,1500,5000,field,train_rank_loss,0.0
original,burgers,B5,37,B5_s37,1,1500,5000,field,validation_field_nrmse,0.19930805265903473
original,burgers,B5,37,B5_s37,1,1500,5000,field,validation_normalized_teacher_regret_mean,7.587496679661854e-05
original,burgers,B5,37,B5_s37,1,1500,5000,field,validation_teacher_best_agreement,0.96875
original,burgers,B5,37,B5_s37,1,1500,5000,field,selection_score,0.09969196381291567
original,burgers,B5,37,B5_s37,1,2000,5000,field,train_loss,0.008816254325211048
original,burgers,B5,37,B5_s37,1,2000,5000,field,train_field_loss,0.0028716286178678274
original,burgers,B5,37,B5_s37,1,2000,5000,field,train_initial_field_loss,0.0012234445894137025
original,burgers,B5,37,B5_s37,1,2000,5000,field,train_sensor_consistency_loss,0.004721181001514196
original,burgers,B5,37,B5_s37,1,2000,5000,field,train_bc_diagnostic_loss,2.169401302749927e-15
original,burgers,B5,37,B5_s37,1,2000,5000,field,train_physics_loss,0.0
original,burgers,B5,37,B5_s37,1,2000,5000,field,train_balance_loss,0.0
original,burgers,B5,37,B5_s37,1,2000,5000,field,train_rank_loss,0.0
original,burgers,B5,37,B5_s37,1,2000,5000,field,validation_field_nrmse,0.17190741002559662
original,burgers,B5,37,B5_s37,1,2000,5000,field,validation_normalized_teacher_regret_mean,7.587496679661854e-05
original,burgers,B5,37,B5_s37,1,2000,5000,field,validation_teacher_best_agreement,0.96875
original,burgers,B5,37,B5_s37,1,2000,5000,field,selection_score,0.08599164249619662
original,burgers,B5,37,B5_s37,1,2500,5000,physics_ranking,train_loss,0.008165967650711536
original,burgers,B5,37,B5_s37,1,2500,5000,physics_ranking,train_field_loss,0.0024808342568576336
original,burgers,B5,37,B5_s37,1,2500,5000,physics_ranking,train_initial_field_loss,0.0011015321360900998
original,burgers,B5,37,B5_s37,1,2500,5000,physics_ranking,train_sensor_consistency_loss,0.004570998251438141
original,burgers,B5,37,B5_s37,1,2500,5000,physics_ranking,train_bc_diagnostic_loss,2.4968771574108853e-15
original,burgers,B5,37,B5_s37,1,2500,5000,physics_ranking,train_physics_loss,2.1098985598655418e-05
original,burgers,B5,37,B5_s37,1,2500,5000,physics_ranking,train_balance_loss,1.8000065438172896e-08
original,burgers,B5,37,B5_s37,1,2500,5000,physics_ranking,train_rank_loss,0.00012603701907210052
original,burgers,B5,37,B5_s37,1,2500,5000,physics_ranking,validation_field_nrmse,0.1678878664970398
original,burgers,B5,37,B5_s37,1,2500,5000,physics_ranking,validation_normalized_teacher_regret_mean,7.291322253877297e-05
original,burgers,B5,37,B5_s37,1,2500,5000,physics_ranking,validation_teacher_best_agreement,0.984375
original,burgers,B5,37,B5_s37,1,2500,5000,physics_ranking,selection_score,0.08398038985978928
original,burgers,B5,37,B5_s37,1,3000,5000,physics_ranking,train_loss,0.006397662218660116
original,burgers,B5,37,B5_s37,1,3000,5000,physics_ranking,train_field_loss,0.001216847449541092
original,burgers,B5,37,B5_s37,1,3000,5000,physics_ranking,train_initial_field_loss,0.0006759044481441379
original,burgers,B5,37,B5_s37,1,3000,5000,physics_ranking,train_sensor_consistency_loss,0.004497492220252752
original,burgers,B5,37,B5_s37,1,3000,5000,physics_ranking,train_bc_diagnostic_loss,2.3068061404205725e-15
original,burgers,B5,37,B5_s37,1,3000,5000,physics_ranking,train_physics_loss,1.708545460132882e-05
original,burgers,B5,37,B5_s37,1,3000,5000,physics_ranking,train_balance_loss,1.2130815463251565e-08
original,burgers,B5,37,B5_s37,1,3000,5000,physics_ranking,train_rank_loss,7.418019231408834e-05
original,burgers,B5,37,B5_s37,1,3000,5000,physics_ranking,validation_field_nrmse,0.16650502383708954
original,burgers,B5,37,B5_s37,1,3000,5000,physics_ranking,validation_normalized_teacher_regret_mean,7.291322253877297e-05
original,burgers,B5,37,B5_s37,1,3000,5000,physics_ranking,validation_teacher_best_agreement,0.984375
original,burgers,B5,37,B5_s37,1,3000,5000,physics_ranking,selection_score,0.08328896852981416
original,burgers,B5,37,B5_s37,1,3500,5000,physics_ranking,train_loss,0.008492514491081238
original,burgers,B5,37,B5_s37,1,3500,5000,physics_ranking,train_field_loss,0.0018051379593089223
original,burgers,B5,37,B5_s37,1,3500,5000,physics_ranking,train_initial_field_loss,0.001179612590931356
original,burgers,B5,37,B5_s37,1,3500,5000,physics_ranking,train_sensor_consistency_loss,0.005503640975803137
original,burgers,B5,37,B5_s37,1,3500,5000,physics_ranking,train_bc_diagnostic_loss,1.5191792136472421e-15
original,burgers,B5,37,B5_s37,1,3500,5000,physics_ranking,train_physics_loss,1.570116546645295e-05
original,burgers,B5,37,B5_s37,1,3500,5000,physics_ranking,train_balance_loss,1.2476937705230284e-08
original,burgers,B5,37,B5_s37,1,3500,5000,physics_ranking,train_rank_loss,4.1231600334867835e-05
original,burgers,B5,37,B5_s37,1,3500,5000,physics_ranking,validation_field_nrmse,0.16333483159542084
original,burgers,B5,37,B5_s37,1,3500,5000,physics_ranking,validation_normalized_teacher_regret_mean,7.291322253877297e-05
original,burgers,B5,37,B5_s37,1,3500,5000,physics_ranking,validation_teacher_best_agreement,0.984375
original,burgers,B5,37,B5_s37,1,3500,5000,physics_ranking,selection_score,0.0817038724089798
original,burgers,B5,37,B5_s37,1,4000,5000,physics_ranking,train_loss,0.00784741248935461
original,burgers,B5,37,B5_s37,1,4000,5000,physics_ranking,train_field_loss,0.0018220372730866075
original,burgers,B5,37,B5_s37,1,4000,5000,physics_ranking,train_initial_field_loss,0.001158444327302277
original,burgers,B5,37,B5_s37,1,4000,5000,physics_ranking,train_sensor_consistency_loss,0.0048607224598526955
original,burgers,B5,37,B5_s37,1,4000,5000,physics_ranking,train_bc_diagnostic_loss,3.1374202010252955e-15
original,burgers,B5,37,B5_s37,1,4000,5000,physics_ranking,train_physics_loss,2.2720847482560202e-05
original,burgers,B5,37,B5_s37,1,4000,5000,physics_ranking,train_balance_loss,1.1823789947129626e-08
original,burgers,B5,37,B5_s37,1,4000,5000,physics_ranking,train_rank_loss,6.208092963788658e-05
original,burgers,B5,37,B5_s37,1,4000,5000,physics_ranking,validation_field_nrmse,0.16228896379470825
original,burgers,B5,37,B5_s37,1,4000,5000,physics_ranking,validation_normalized_teacher_regret_mean,7.291322253877297e-05
original,burgers,B5,37,B5_s37,1,4000,5000,physics_ranking,validation_teacher_best_agreement,0.984375
original,burgers,B5,37,B5_s37,1,4000,5000,physics_ranking,selection_score,0.08118093850862351
original,burgers,B5,37,B5_s37,1,4500,5000,physics_ranking,train_loss,0.007447366137057543
original,burgers,B5,37,B5_s37,1,4500,5000,physics_ranking,train_field_loss,0.001716633210889995
original,burgers,B5,37,B5_s37,1,4500,5000,physics_ranking,train_initial_field_loss,0.0010744225000962615
original,burgers,B5,37,B5_s37,1,4500,5000,physics_ranking,train_sensor_consistency_loss,0.004654173739254475
original,burgers,B5,37,B5_s37,1,4500,5000,physics_ranking,train_bc_diagnostic_loss,1.536599293240474e-15
original,burgers,B5,37,B5_s37,1,4500,5000,physics_ranking,train_physics_loss,1.8697330233408138e-05
original,burgers,B5,37,B5_s37,1,4500,5000,physics_ranking,train_balance_loss,9.52409617838157e-09
original,burgers,B5,37,B5_s37,1,4500,5000,physics_ranking,train_rank_loss,2.1364132408052683e-05
original,burgers,B5,37,B5_s37,1,4500,5000,physics_ranking,validation_field_nrmse,0.16195887327194214
original,burgers,B5,37,B5_s37,1,4500,5000,physics_ranking,validation_normalized_teacher_regret_mean,7.587496679661854e-05
original,burgers,B5,37,B5_s37,1,4500,5000,physics_ranking,validation_teacher_best_agreement,0.96875
original,burgers,B5,37,B5_s37,1,4500,5000,physics_ranking,selection_score,0.08101737411936938
original,burgers,B5,37,B5_s37,1,5000,5000,physics_ranking,train_loss,0.008793828077614307
original,burgers,B5,37,B5_s37,1,5000,5000,physics_ranking,train_field_loss,0.0024083340540528297
original,burgers,B5,37,B5_s37,1,5000,5000,physics_ranking,train_initial_field_loss,0.0013013213174417615
original,burgers,B5,37,B5_s37,1,5000,5000,physics_ranking,train_sensor_consistency_loss,0.005079240538179874
original,burgers,B5,37,B5_s37,1,5000,5000,physics_ranking,train_bc_diagnostic_loss,3.860545780623448e-15
original,burgers,B5,37,B5_s37,1,5000,5000,physics_ranking,train_physics_loss,2.0779480109922588e-05
original,burgers,B5,37,B5_s37,1,5000,5000,physics_ranking,train_balance_loss,7.833901527476428e-09
original,burgers,B5,37,B5_s37,1,5000,5000,physics_ranking,train_rank_loss,4.9324378778692335e-05
original,burgers,B5,37,B5_s37,1,5000,5000,physics_ranking,validation_field_nrmse,0.1618250012397766
original,burgers,B5,37,B5_s37,1,5000,5000,physics_ranking,validation_normalized_teacher_regret_mean,7.587496679661854e-05
original,burgers,B5,37,B5_s37,1,5000,5000,physics_ranking,validation_teacher_best_agreement,0.96875
original,burgers,B5,37,B5_s37,1,5000,5000,physics_ranking,selection_score,0.08095043810328661
original,burgers,P-no-rank,11,P-no-rank_s11,1,500,5000,field,train_loss,0.007259761914610863
original,burgers,P-no-rank,11,P-no-rank_s11,1,500,5000,field,train_field_loss,0.0021540464367717505
original,burgers,P-no-rank,11,P-no-rank_s11,1,500,5000,field,train_initial_field_loss,0.0007225442677736282
original,burgers,P-no-rank,11,P-no-rank_s11,1,500,5000,field,train_sensor_consistency_loss,0.00438317097723484
original,burgers,P-no-rank,11,P-no-rank_s11,1,500,5000,field,train_bc_diagnostic_loss,2.075881242076527e-15
original,burgers,P-no-rank,11,P-no-rank_s11,1,500,5000,field,train_physics_loss,0.0
original,burgers,P-no-rank,11,P-no-rank_s11,1,500,5000,field,train_balance_loss,0.0
original,burgers,P-no-rank,11,P-no-rank_s11,1,500,5000,field,train_rank_loss,0.0
original,burgers,P-no-rank,11,P-no-rank_s11,1,500,5000,field,validation_field_nrmse,0.2358330935239792
original,burgers,P-no-rank,11,P-no-rank_s11,1,500,5000,field,validation_normalized_teacher_regret_mean,0.0001240940073330421
original,burgers,P-no-rank,11,P-no-rank_s11,1,500,5000,field,validation_teacher_best_agreement,0.96875
original,burgers,P-no-rank,11,P-no-rank_s11,1,500,5000,field,selection_score,0.11797859376565611
original,burgers,P-no-rank,11,P-no-rank_s11,1,1000,5000,field,train_loss,0.01210790779441595
original,burgers,P-no-rank,11,P-no-rank_s11,1,1000,5000,field,train_field_loss,0.006301891058683395
original,burgers,P-no-rank,11,P-no-rank_s11,1,1000,5000,field,train_initial_field_loss,0.0010426670778542757
original,burgers,P-no-rank,11,P-no-rank_s11,1,1000,5000,field,train_sensor_consistency_loss,0.004763349890708923
original,burgers,P-no-rank,11,P-no-rank_s11,1,1000,5000,field,train_bc_diagnostic_loss,2.074461614856929e-15
original,burgers,P-no-rank,11,P-no-rank_s11,1,1000,5000,field,train_physics_loss,0.0
original,burgers,P-no-rank,11,P-no-rank_s11,1,1000,5000,field,train_balance_loss,0.0
original,burgers,P-no-rank,11,P-no-rank_s11,1,1000,5000,field,train_rank_loss,0.0
original,burgers,P-no-rank,11,P-no-rank_s11,1,1000,5000,field,validation_field_nrmse,0.23246482014656067
original,burgers,P-no-rank,11,P-no-rank_s11,1,1000,5000,field,validation_normalized_teacher_regret_mean,7.291322253877297e-05
original,burgers,P-no-rank,11,P-no-rank_s11,1,1000,5000,field,validation_teacher_best_agreement,0.984375
original,burgers,P-no-rank,11,P-no-rank_s11,1,1000,5000,field,selection_score,0.11626886668454972
original,burgers,P-no-rank,11,P-no-rank_s11,1,1500,5000,field,train_loss,0.007489050272852182
original,burgers,P-no-rank,11,P-no-rank_s11,1,1500,5000,field,train_field_loss,0.0022914009168744087
original,burgers,P-no-rank,11,P-no-rank_s11,1,1500,5000,field,train_initial_field_loss,0.0009140625479631126
original,burgers,P-no-rank,11,P-no-rank_s11,1,1500,5000,field,train_sensor_consistency_loss,0.004283586982637644
original,burgers,P-no-rank,11,P-no-rank_s11,1,1500,5000,field,train_bc_diagnostic_loss,1.891865028351425e-15
original,burgers,P-no-rank,11,P-no-rank_s11,1,1500,5000,field,train_physics_loss,0.0
original,burgers,P-no-rank,11,P-no-rank_s11,1,1500,5000,field,train_balance_loss,0.0
original,burgers,P-no-rank,11,P-no-rank_s11,1,1500,5000,field,train_rank_loss,0.0
original,burgers,P-no-rank,11,P-no-rank_s11,1,1500,5000,field,validation_field_nrmse,0.17549023032188416
original,burgers,P-no-rank,11,P-no-rank_s11,1,1500,5000,field,validation_normalized_teacher_regret_mean,7.587496679661854e-05
original,burgers,P-no-rank,11,P-no-rank_s11,1,1500,5000,field,validation_teacher_best_agreement,0.96875
original,burgers,P-no-rank,11,P-no-rank_s11,1,1500,5000,field,selection_score,0.08778305264434039
original,burgers,P-no-rank,11,P-no-rank_s11,1,2000,5000,field,train_loss,0.010280500166118145
original,burgers,P-no-rank,11,P-no-rank_s11,1,2000,5000,field,train_field_loss,0.0034616526681929827
original,burgers,P-no-rank,11,P-no-rank_s11,1,2000,5000,field,train_initial_field_loss,0.001648849924094975
original,burgers,P-no-rank,11,P-no-rank_s11,1,2000,5000,field,train_sensor_consistency_loss,0.005169997923076153
original,burgers,P-no-rank,11,P-no-rank_s11,1,2000,5000,field,train_bc_diagnostic_loss,1.6890921170423234e-15
original,burgers,P-no-rank,11,P-no-rank_s11,1,2000,5000,field,train_physics_loss,0.0
original,burgers,P-no-rank,11,P-no-rank_s11,1,2000,5000,field,train_balance_loss,0.0
original,burgers,P-no-rank,11,P-no-rank_s11,1,2000,5000,field,train_rank_loss,0.0
original,burgers,P-no-rank,11,P-no-rank_s11,1,2000,5000,field,validation_field_nrmse,0.16715307533740997
original,burgers,P-no-rank,11,P-no-rank_s11,1,2000,5000,field,validation_normalized_teacher_regret_mean,7.587496679661854e-05
original,burgers,P-no-rank,11,P-no-rank_s11,1,2000,5000,field,validation_teacher_best_agreement,0.96875
original,burgers,P-no-rank,11,P-no-rank_s11,1,2000,5000,field,selection_score,0.0836144751521033
original,burgers,P-no-rank,11,P-no-rank_s11,1,2500,5000,physics_ranking,train_loss,0.00810465682297945
original,burgers,P-no-rank,11,P-no-rank_s11,1,2500,5000,physics_ranking,train_field_loss,0.0024219127371907234
original,burgers,P-no-rank,11,P-no-rank_s11,1,2500,5000,physics_ranking,train_initial_field_loss,0.0011103012366220355
original,burgers,P-no-rank,11,P-no-rank_s11,1,2500,5000,physics_ranking,train_sensor_consistency_loss,0.00457225413993001
original,burgers,P-no-rank,11,P-no-rank_s11,1,2500,5000,physics_ranking,train_bc_diagnostic_loss,3.3994413729289408e-15
original,burgers,P-no-rank,11,P-no-rank_s11,1,2500,5000,physics_ranking,train_physics_loss,2.2663381969323382e-05
original,burgers,P-no-rank,11,P-no-rank_s11,1,2500,5000,physics_ranking,train_balance_loss,1.2421377704185943e-08
original,burgers,P-no-rank,11,P-no-rank_s11,1,2500,5000,physics_ranking,train_rank_loss,0.00025094213197007775
original,burgers,P-no-rank,11,P-no-rank_s11,1,2500,5000,physics_ranking,validation_field_nrmse,0.16487903892993927
original,burgers,P-no-rank,11,P-no-rank_s11,1,2500,5000,physics_ranking,validation_normalized_teacher_regret_mean,7.587496679661854e-05
original,burgers,P-no-rank,11,P-no-rank_s11,1,2500,5000,physics_ranking,validation_teacher_best_agreement,0.96875
original,burgers,P-no-rank,11,P-no-rank_s11,1,2500,5000,physics_ranking,selection_score,0.08247745694836794
original,burgers,P-no-rank,11,P-no-rank_s11,1,3000,5000,physics_ranking,train_loss,0.006871222984045744
original,burgers,P-no-rank,11,P-no-rank_s11,1,3000,5000,physics_ranking,train_field_loss,0.0014575556851923466
original,burgers,P-no-rank,11,P-no-rank_s11,1,3000,5000,physics_ranking,train_initial_field_loss,0.0008248733938671649
original,burgers,P-no-rank,11,P-no-rank_s11,1,3000,5000,physics_ranking,train_sensor_consistency_loss,0.004588643554598093
original,burgers,P-no-rank,11,P-no-rank_s11,1,3000,5000,physics_ranking,train_bc_diagnostic_loss,1.5985239661901046e-15
original,burgers,P-no-rank,11,P-no-rank_s11,1,3000,5000,physics_ranking,train_physics_loss,1.5001612155174371e-05
original,burgers,P-no-rank,11,P-no-rank_s11,1,3000,5000,physics_ranking,train_balance_loss,2.1134663796829045e-08
original,burgers,P-no-rank,11,P-no-rank_s11,1,3000,5000,physics_ranking,train_rank_loss,0.00013754836982116103
original,burgers,P-no-rank,11,P-no-rank_s11,1,3000,5000,physics_ranking,validation_field_nrmse,0.16137738525867462
original,burgers,P-no-rank,11,P-no-rank_s11,1,3000,5000,physics_ranking,validation_normalized_teacher_regret_mean,7.587496679661854e-05
original,burgers,P-no-rank,11,P-no-rank_s11,1,3000,5000,physics_ranking,validation_teacher_best_agreement,0.96875
original,burgers,P-no-rank,11,P-no-rank_s11,1,3000,5000,physics_ranking,selection_score,0.08072663011273562
original,burgers,P-no-rank,11,P-no-rank_s11,1,3500,5000,physics_ranking,train_loss,0.006900325883179903
original,burgers,P-no-rank,11,P-no-rank_s11,1,3500,5000,physics_ranking,train_field_loss,0.001295007299631834
original,burgers,P-no-rank,11,P-no-rank_s11,1,3500,5000,physics_ranking,train_initial_field_loss,0.0009157583117485046
original,burgers,P-no-rank,11,P-no-rank_s11,1,3500,5000,physics_ranking,train_sensor_consistency_loss,0.004689359571784735
original,burgers,P-no-rank,11,P-no-rank_s11,1,3500,5000,physics_ranking,train_bc_diagnostic_loss,1.7550262204477822e-15
original,burgers,P-no-rank,11,P-no-rank_s11,1,3500,5000,physics_ranking,train_physics_loss,2.0064027921762317e-05
original,burgers,P-no-rank,11,P-no-rank_s11,1,3500,5000,physics_ranking,train_balance_loss,1.4116665170149645e-08
original,burgers,P-no-rank,11,P-no-rank_s11,1,3500,5000,physics_ranking,train_rank_loss,0.0003020868171006441
original,burgers,P-no-rank,11,P-no-rank_s11,1,3500,5000,physics_ranking,validation_field_nrmse,0.1596999168395996
original,burgers,P-no-rank,11,P-no-rank_s11,1,3500,5000,physics_ranking,validation_normalized_teacher_regret_mean,2.9617442578455666e-06
original,burgers,P-no-rank,11,P-no-rank_s11,1,3500,5000,physics_ranking,validation_teacher_best_agreement,0.984375
original,burgers,P-no-rank,11,P-no-rank_s11,1,3500,5000,physics_ranking,selection_score,0.07985143929192873
original,burgers,P-no-rank,11,P-no-rank_s11,1,4000,5000,physics_ranking,train_loss,0.00743495998904109
original,burgers,P-no-rank,11,P-no-rank_s11,1,4000,5000,physics_ranking,train_field_loss,0.0019097132608294487
original,burgers,P-no-rank,11,P-no-rank_s11,1,4000,5000,physics_ranking,train_initial_field_loss,0.0010050921700894833
original,burgers,P-no-rank,11,P-no-rank_s11,1,4000,5000,physics_ranking,train_sensor_consistency_loss,0.004519977606832981
original,burgers,P-no-rank,11,P-no-rank_s11,1,4000,5000,physics_ranking,train_bc_diagnostic_loss,1.3636493532130124e-15
original,burgers,P-no-rank,11,P-no-rank_s11,1,4000,5000,physics_ranking,train_physics_loss,1.768663787515834e-05
original,burgers,P-no-rank,11,P-no-rank_s11,1,4000,5000,physics_ranking,train_balance_loss,8.491847225400306e-09
original,burgers,P-no-rank,11,P-no-rank_s11,1,4000,5000,physics_ranking,train_rank_loss,7.791980169713497e-05
original,burgers,P-no-rank,11,P-no-rank_s11,1,4000,5000,physics_ranking,validation_field_nrmse,0.15875563025474548
original,burgers,P-no-rank,11,P-no-rank_s11,1,4000,5000,physics_ranking,validation_normalized_teacher_regret_mean,2.9617442578455666e-06
original,burgers,P-no-rank,11,P-no-rank_s11,1,4000,5000,physics_ranking,validation_teacher_best_agreement,0.984375
original,burgers,P-no-rank,11,P-no-rank_s11,1,4000,5000,physics_ranking,selection_score,0.07937929599950166
original,burgers,P-no-rank,11,P-no-rank_s11,1,4500,5000,physics_ranking,train_loss,0.00802100170403719
original,burgers,P-no-rank,11,P-no-rank_s11,1,4500,5000,physics_ranking,train_field_loss,0.002237578621134162
original,burgers,P-no-rank,11,P-no-rank_s11,1,4500,5000,physics_ranking,train_initial_field_loss,0.0012604395160451531
original,burgers,P-no-rank,11,P-no-rank_s11,1,4500,5000,physics_ranking,train_sensor_consistency_loss,0.004522830247879028
original,burgers,P-no-rank,11,P-no-rank_s11,1,4500,5000,physics_ranking,train_bc_diagnostic_loss,1.1359728262216873e-15
original,burgers,P-no-rank,11,P-no-rank_s11,1,4500,5000,physics_ranking,train_physics_loss,1.53278888319619e-05
original,burgers,P-no-rank,11,P-no-rank_s11,1,4500,5000,physics_ranking,train_balance_loss,9.571611059300267e-09
original,burgers,P-no-rank,11,P-no-rank_s11,1,4500,5000,physics_ranking,train_rank_loss,8.301163325086236e-05
original,burgers,P-no-rank,11,P-no-rank_s11,1,4500,5000,physics_ranking,validation_field_nrmse,0.1586465984582901
original,burgers,P-no-rank,11,P-no-rank_s11,1,4500,5000,physics_ranking,validation_normalized_teacher_regret_mean,2.9617442578455666e-06
original,burgers,P-no-rank,11,P-no-rank_s11,1,4500,5000,physics_ranking,validation_teacher_best_agreement,0.984375
original,burgers,P-no-rank,11,P-no-rank_s11,1,4500,5000,physics_ranking,selection_score,0.07932478010127397
original,burgers,P-no-rank,11,P-no-rank_s11,1,5000,5000,physics_ranking,train_loss,0.007958104833960533
original,burgers,P-no-rank,11,P-no-rank_s11,1,5000,5000,physics_ranking,train_field_loss,0.002275360282510519
original,burgers,P-no-rank,11,P-no-rank_s11,1,5000,5000,physics_ranking,train_initial_field_loss,0.0012254343600943685
original,burgers,P-no-rank,11,P-no-rank_s11,1,5000,5000,physics_ranking,train_sensor_consistency_loss,0.00445703137665987
original,burgers,P-no-rank,11,P-no-rank_s11,1,5000,5000,physics_ranking,train_bc_diagnostic_loss,2.7400804336000922e-15
original,burgers,P-no-rank,11,P-no-rank_s11,1,5000,5000,physics_ranking,train_physics_loss,2.796878106892109e-05
original,burgers,P-no-rank,11,P-no-rank_s11,1,5000,5000,physics_ranking,train_balance_loss,1.5409302278612813e-08
original,burgers,P-no-rank,11,P-no-rank_s11,1,5000,5000,physics_ranking,train_rank_loss,0.00013988290447741747
original,burgers,P-no-rank,11,P-no-rank_s11,1,5000,5000,physics_ranking,validation_field_nrmse,0.15845930576324463
original,burgers,P-no-rank,11,P-no-rank_s11,1,5000,5000,physics_ranking,validation_normalized_teacher_regret_mean,2.9617442578455666e-06
original,burgers,P-no-rank,11,P-no-rank_s11,1,5000,5000,physics_ranking,validation_teacher_best_agreement,0.984375
original,burgers,P-no-rank,11,P-no-rank_s11,1,5000,5000,physics_ranking,selection_score,0.07923113375375124
original,burgers,P-no-rank,23,P-no-rank_s23,1,500,5000,field,train_loss,0.01078441645950079
original,burgers,P-no-rank,23,P-no-rank_s23,1,500,5000,field,train_field_loss,0.004526324570178986
original,burgers,P-no-rank,23,P-no-rank_s23,1,500,5000,field,train_initial_field_loss,0.0011600753059610724
original,burgers,P-no-rank,23,P-no-rank_s23,1,500,5000,field,train_sensor_consistency_loss,0.00509801646694541
original,burgers,P-no-rank,23,P-no-rank_s23,1,500,5000,field,train_bc_diagnostic_loss,1.136694498292748e-15
original,burgers,P-no-rank,23,P-no-rank_s23,1,500,5000,field,train_physics_loss,0.0
original,burgers,P-no-rank,23,P-no-rank_s23,1,500,5000,field,train_balance_loss,0.0
original,burgers,P-no-rank,23,P-no-rank_s23,1,500,5000,field,train_rank_loss,0.0
original,burgers,P-no-rank,23,P-no-rank_s23,1,500,5000,field,validation_field_nrmse,0.23617589473724365
original,burgers,P-no-rank,23,P-no-rank_s23,1,500,5000,field,validation_normalized_teacher_regret_mean,0.0001240940073330421
original,burgers,P-no-rank,23,P-no-rank_s23,1,500,5000,field,validation_teacher_best_agreement,0.96875
original,burgers,P-no-rank,23,P-no-rank_s23,1,500,5000,field,selection_score,0.11814999437228835
original,burgers,P-no-rank,23,P-no-rank_s23,1,1000,5000,field,train_loss,0.009977363049983978
original,burgers,P-no-rank,23,P-no-rank_s23,1,1000,5000,field,train_field_loss,0.004093559458851814
original,burgers,P-no-rank,23,P-no-rank_s23,1,1000,5000,field,train_initial_field_loss,0.0009157664026133716
original,burgers,P-no-rank,23,P-no-rank_s23,1,1000,5000,field,train_sensor_consistency_loss,0.0049680378288030624
original,burgers,P-no-rank,23,P-no-rank_s23,1,1000,5000,field,train_bc_diagnostic_loss,1.3636688349707993e-15
original,burgers,P-no-rank,23,P-no-rank_s23,1,1000,5000,field,train_physics_loss,0.0
original,burgers,P-no-rank,23,P-no-rank_s23,1,1000,5000,field,train_balance_loss,0.0
original,burgers,P-no-rank,23,P-no-rank_s23,1,1000,5000,field,train_rank_loss,0.0
original,burgers,P-no-rank,23,P-no-rank_s23,1,1000,5000,field,validation_field_nrmse,0.22984758019447327
original,burgers,P-no-rank,23,P-no-rank_s23,1,1000,5000,field,validation_normalized_teacher_regret_mean,7.291322253877297e-05
original,burgers,P-no-rank,23,P-no-rank_s23,1,1000,5000,field,validation_teacher_best_agreement,0.984375
original,burgers,P-no-rank,23,P-no-rank_s23,1,1000,5000,field,selection_score,0.11496024670850602
original,burgers,P-no-rank,23,P-no-rank_s23,1,1500,5000,field,train_loss,0.009669274091720581
original,burgers,P-no-rank,23,P-no-rank_s23,1,1500,5000,field,train_field_loss,0.00385644705966115
original,burgers,P-no-rank,23,P-no-rank_s23,1,1500,5000,field,train_initial_field_loss,0.0010018610628321767
original,burgers,P-no-rank,23,P-no-rank_s23,1,1500,5000,field,train_sensor_consistency_loss,0.004810965619981289
original,burgers,P-no-rank,23,P-no-rank_s23,1,1500,5000,field,train_bc_diagnostic_loss,2.223773194667128e-15
original,burgers,P-no-rank,23,P-no-rank_s23,1,1500,5000,field,train_physics_loss,0.0
original,burgers,P-no-rank,23,P-no-rank_s23,1,1500,5000,field,train_balance_loss,0.0
original,burgers,P-no-rank,23,P-no-rank_s23,1,1500,5000,field,train_rank_loss,0.0
original,burgers,P-no-rank,23,P-no-rank_s23,1,1500,5000,field,validation_field_nrmse,0.20131607353687286
original,burgers,P-no-rank,23,P-no-rank_s23,1,1500,5000,field,validation_normalized_teacher_regret_mean,7.587496679661854e-05
original,burgers,P-no-rank,23,P-no-rank_s23,1,1500,5000,field,validation_teacher_best_agreement,0.96875
original,burgers,P-no-rank,23,P-no-rank_s23,1,1500,5000,field,selection_score,0.10069597425183474
original,burgers,P-no-rank,23,P-no-rank_s23,1,2000,5000,field,train_loss,0.0075170500203967094
original,burgers,P-no-rank,23,P-no-rank_s23,1,2000,5000,field,train_field_loss,0.001784524996764958
original,burgers,P-no-rank,23,P-no-rank_s23,1,2000,5000,field,train_initial_field_loss,0.0009567986708134413
original,burgers,P-no-rank,23,P-no-rank_s23,1,2000,5000,field,train_sensor_consistency_loss,0.0047757262364029884
original,burgers,P-no-rank,23,P-no-rank_s23,1,2000,5000,field,train_bc_diagnostic_loss,1.9638628288680404e-15
original,burgers,P-no-rank,23,P-no-rank_s23,1,2000,5000,field,train_physics_loss,0.0
original,burgers,P-no-rank,23,P-no-rank_s23,1,2000,5000,field,train_balance_loss,0.0
original,burgers,P-no-rank,23,P-no-rank_s23,1,2000,5000,field,train_rank_loss,0.0
original,burgers,P-no-rank,23,P-no-rank_s23,1,2000,5000,field,validation_field_nrmse,0.17012806236743927
original,burgers,P-no-rank,23,P-no-rank_s23,1,2000,5000,field,validation_normalized_teacher_regret_mean,7.587496679661854e-05
original,burgers,P-no-rank,23,P-no-rank_s23,1,2000,5000,field,validation_teacher_best_agreement,0.96875
original,burgers,P-no-rank,23,P-no-rank_s23,1,2000,5000,field,selection_score,0.08510196866711794
original,burgers,P-no-rank,23,P-no-rank_s23,1,2500,5000,physics_ranking,train_loss,0.008495008572936058
original,burgers,P-no-rank,23,P-no-rank_s23,1,2500,5000,physics_ranking,train_field_loss,0.002392510185018182
original,burgers,P-no-rank,23,P-no-rank_s23,1,2500,5000,physics_ranking,train_initial_field_loss,0.0011554142693057656
original,burgers,P-no-rank,23,P-no-rank_s23,1,2500,5000,physics_ranking,train_sensor_consistency_loss,0.004946874920278788
original,burgers,P-no-rank,23,P-no-rank_s23,1,2500,5000,physics_ranking,train_bc_diagnostic_loss,1.332055024280427e-15
original,burgers,P-no-rank,23,P-no-rank_s23,1,2500,5000,physics_ranking,train_physics_loss,2.510388003429398e-05
original,burgers,P-no-rank,23,P-no-rank_s23,1,2500,5000,physics_ranking,train_balance_loss,1.8124385547935162e-08
original,burgers,P-no-rank,23,P-no-rank_s23,1,2500,5000,physics_ranking,train_rank_loss,0.0001218407996930182
original,burgers,P-no-rank,23,P-no-rank_s23,1,2500,5000,physics_ranking,validation_field_nrmse,0.16606025397777557
original,burgers,P-no-rank,23,P-no-rank_s23,1,2500,5000,physics_ranking,validation_normalized_teacher_regret_mean,7.587496679661854e-05
original,burgers,P-no-rank,23,P-no-rank_s23,1,2500,5000,physics_ranking,validation_teacher_best_agreement,0.96875
original,burgers,P-no-rank,23,P-no-rank_s23,1,2500,5000,physics_ranking,selection_score,0.0830680644722861
original,burgers,P-no-rank,23,P-no-rank_s23,1,3000,5000,physics_ranking,train_loss,0.00773206353187561
original,burgers,P-no-rank,23,P-no-rank_s23,1,3000,5000,physics_ranking,train_field_loss,0.001783173531293869
original,burgers,P-no-rank,23,P-no-rank_s23,1,3000,5000,physics_ranking,train_initial_field_loss,0.0011010683374479413
original,burgers,P-no-rank,23,P-no-rank_s23,1,3000,5000,physics_ranking,train_sensor_consistency_loss,0.004847634583711624
original,burgers,P-no-rank,23,P-no-rank_s23,1,3000,5000,physics_ranking,train_bc_diagnostic_loss,1.5120452904072296e-15
original,burgers,P-no-rank,23,P-no-rank_s23,1,3000,5000,physics_ranking,train_physics_loss,1.870697087724693e-05
original,burgers,P-no-rank,23,P-no-rank_s23,1,3000,5000,physics_ranking,train_balance_loss,1.1567864888206714e-08
original,burgers,P-no-rank,23,P-no-rank_s23,1,3000,5000,physics_ranking,train_rank_loss,0.00011931687186006457
original,burgers,P-no-rank,23,P-no-rank_s23,1,3000,5000,physics_ranking,validation_field_nrmse,0.16293735802173615
original,burgers,P-no-rank,23,P-no-rank_s23,1,3000,5000,physics_ranking,validation_normalized_teacher_regret_mean,7.587496679661854e-05
original,burgers,P-no-rank,23,P-no-rank_s23,1,3000,5000,physics_ranking,validation_teacher_best_agreement,0.96875
original,burgers,P-no-rank,23,P-no-rank_s23,1,3000,5000,physics_ranking,selection_score,0.08150661649426638
original,burgers,P-no-rank,23,P-no-rank_s23,1,3500,5000,physics_ranking,train_loss,0.007999774999916553
original,burgers,P-no-rank,23,P-no-rank_s23,1,3500,5000,physics_ranking,train_field_loss,0.0018897505942732096
original,burgers,P-no-rank,23,P-no-rank_s23,1,3500,5000,physics_ranking,train_initial_field_loss,0.0010522028896957636
original,burgers,P-no-rank,23,P-no-rank_s23,1,3500,5000,physics_ranking,train_sensor_consistency_loss,0.00505756214261055
original,burgers,P-no-rank,23,P-no-rank_s23,1,3500,5000,physics_ranking,train_bc_diagnostic_loss,1.8545312041682444e-15
original,burgers,P-no-rank,23,P-no-rank_s23,1,3500,5000,physics_ranking,train_physics_loss,2.593224598967936e-05
original,burgers,P-no-rank,23,P-no-rank_s23,1,3500,5000,physics_ranking,train_balance_loss,6.642041583404534e-09
original,burgers,P-no-rank,23,P-no-rank_s23,1,3500,5000,physics_ranking,train_rank_loss,0.0001784747000783682
original,burgers,P-no-rank,23,P-no-rank_s23,1,3500,5000,physics_ranking,validation_field_nrmse,0.16106867790222168
original,burgers,P-no-rank,23,P-no-rank_s23,1,3500,5000,physics_ranking,validation_normalized_teacher_regret_mean,7.587496679661854e-05
original,burgers,P-no-rank,23,P-no-rank_s23,1,3500,5000,physics_ranking,validation_teacher_best_agreement,0.96875
original,burgers,P-no-rank,23,P-no-rank_s23,1,3500,5000,physics_ranking,selection_score,0.08057227643450915
original,burgers,P-no-rank,23,P-no-rank_s23,1,4000,5000,physics_ranking,train_loss,0.009064456447958946
original,burgers,P-no-rank,23,P-no-rank_s23,1,4000,5000,physics_ranking,train_field_loss,0.002529320539906621
original,burgers,P-no-rank,23,P-no-rank_s23,1,4000,5000,physics_ranking,train_initial_field_loss,0.0014594815438613296
original,burgers,P-no-rank,23,P-no-rank_s23,1,4000,5000,physics_ranking,train_sensor_consistency_loss,0.005075427703559399
original,burgers,P-no-rank,23,P-no-rank_s23,1,4000,5000,physics_ranking,train_bc_diagnostic_loss,1.4434197398118702e-15
original,burgers,P-no-rank,23,P-no-rank_s23,1,4000,5000,physics_ranking,train_physics_loss,2.264563227072358e-05
original,burgers,P-no-rank,23,P-no-rank_s23,1,4000,5000,physics_ranking,train_balance_loss,9.953081026026211e-09
original,burgers,P-no-rank,23,P-no-rank_s23,1,4000,5000,physics_ranking,train_rank_loss,7.836884469725192e-05
original,burgers,P-no-rank,23,P-no-rank_s23,1,4000,5000,physics_ranking,validation_field_nrmse,0.16033554077148438
original,burgers,P-no-rank,23,P-no-rank_s23,1,4000,5000,physics_ranking,validation_normalized_teacher_regret_mean,7.587496679661854e-05
original,burgers,P-no-rank,23,P-no-rank_s23,1,4000,5000,physics_ranking,validation_teacher_best_agreement,0.96875
original,burgers,P-no-rank,23,P-no-rank_s23,1,4000,5000,physics_ranking,selection_score,0.0802057078691405
original,burgers,P-no-rank,23,P-no-rank_s23,1,4500,5000,physics_ranking,train_loss,0.0089914221316576
original,burgers,P-no-rank,23,P-no-rank_s23,1,4500,5000,physics_ranking,train_field_loss,0.003061125986278057
original,burgers,P-no-rank,23,P-no-rank_s23,1,4500,5000,physics_ranking,train_initial_field_loss,0.0013439125614240766
original,burgers,P-no-rank,23,P-no-rank_s23,1,4500,5000,physics_ranking,train_sensor_consistency_loss,0.0045860870741307735
original,burgers,P-no-rank,23,P-no-rank_s23,1,4500,5000,physics_ranking,train_bc_diagnostic_loss,1.7847850289836676e-15
original,burgers,P-no-rank,23,P-no-rank_s23,1,4500,5000,physics_ranking,train_physics_loss,2.9600543712149374e-05
original,burgers,P-no-rank,23,P-no-rank_s23,1,4500,5000,physics_ranking,train_balance_loss,6.692036258471035e-09
original,burgers,P-no-rank,23,P-no-rank_s23,1,4500,5000,physics_ranking,train_rank_loss,8.478882955387235e-05
original,burgers,P-no-rank,23,P-no-rank_s23,1,4500,5000,physics_ranking,validation_field_nrmse,0.160173237323761
original,burgers,P-no-rank,23,P-no-rank_s23,1,4500,5000,physics_ranking,validation_normalized_teacher_regret_mean,7.587496679661854e-05
original,burgers,P-no-rank,23,P-no-rank_s23,1,4500,5000,physics_ranking,validation_teacher_best_agreement,0.96875
original,burgers,P-no-rank,23,P-no-rank_s23,1,4500,5000,physics_ranking,selection_score,0.0801245561452788
original,burgers,P-no-rank,23,P-no-rank_s23,1,5000,5000,physics_ranking,train_loss,0.007723021786659956
original,burgers,P-no-rank,23,P-no-rank_s23,1,5000,5000,physics_ranking,train_field_loss,0.0019499794580042362
original,burgers,P-no-rank,23,P-no-rank_s23,1,5000,5000,physics_ranking,train_initial_field_loss,0.0010666423477232456
original,burgers,P-no-rank,23,P-no-rank_s23,1,5000,5000,physics_ranking,train_sensor_consistency_loss,0.004706219770014286
original,burgers,P-no-rank,23,P-no-rank_s23,1,5000,5000,physics_ranking,train_bc_diagnostic_loss,1.5694741242310711e-15
original,burgers,P-no-rank,23,P-no-rank_s23,1,5000,5000,physics_ranking,train_physics_loss,1.8017955881077796e-05
original,burgers,P-no-rank,23,P-no-rank_s23,1,5000,5000,physics_ranking,train_balance_loss,1.106795011196482e-08
original,burgers,P-no-rank,23,P-no-rank_s23,1,5000,5000,physics_ranking,train_rank_loss,6.256101187318563e-05
original,burgers,P-no-rank,23,P-no-rank_s23,1,5000,5000,physics_ranking,validation_field_nrmse,0.15994179248809814
original,burgers,P-no-rank,23,P-no-rank_s23,1,5000,5000,physics_ranking,validation_normalized_teacher_regret_mean,7.587496679661854e-05
original,burgers,P-no-rank,23,P-no-rank_s23,1,5000,5000,physics_ranking,validation_teacher_best_agreement,0.96875
original,burgers,P-no-rank,23,P-no-rank_s23,1,5000,5000,physics_ranking,selection_score,0.08000883372744738
original,burgers,P-no-rank,37,P-no-rank_s37,1,500,5000,field,train_loss,0.00973031297326088
original,burgers,P-no-rank,37,P-no-rank_s37,1,500,5000,field,train_field_loss,0.004232990089803934
original,burgers,P-no-rank,37,P-no-rank_s37,1,500,5000,field,train_initial_field_loss,0.0010889233089983463
original,burgers,P-no-rank,37,P-no-rank_s37,1,500,5000,field,train_sensor_consistency_loss,0.004408399108797312
original,burgers,P-no-rank,37,P-no-rank_s37,1,500,5000,field,train_bc_diagnostic_loss,2.789045714214969e-15
original,burgers,P-no-rank,37,P-no-rank_s37,1,500,5000,field,train_physics_loss,0.0
original,burgers,P-no-rank,37,P-no-rank_s37,1,500,5000,field,train_balance_loss,0.0
original,burgers,P-no-rank,37,P-no-rank_s37,1,500,5000,field,train_rank_loss,0.0
original,burgers,P-no-rank,37,P-no-rank_s37,1,500,5000,field,validation_field_nrmse,0.2363576591014862
original,burgers,P-no-rank,37,P-no-rank_s37,1,500,5000,field,validation_normalized_teacher_regret_mean,0.0001240940073330421
original,burgers,P-no-rank,37,P-no-rank_s37,1,500,5000,field,validation_teacher_best_agreement,0.96875
original,burgers,P-no-rank,37,P-no-rank_s37,1,500,5000,field,selection_score,0.11824087655440962
original,burgers,P-no-rank,37,P-no-rank_s37,1,1000,5000,field,train_loss,0.008614549413323402
original,burgers,P-no-rank,37,P-no-rank_s37,1,1000,5000,field,train_field_loss,0.0032668067142367363
original,burgers,P-no-rank,37,P-no-rank_s37,1,1000,5000,field,train_initial_field_loss,0.0008566286996938288
original,burgers,P-no-rank,37,P-no-rank_s37,1,1000,5000,field,train_sensor_consistency_loss,0.004491114057600498
original,burgers,P-no-rank,37,P-no-rank_s37,1,1000,5000,field,train_bc_diagnostic_loss,1.283798922000639e-15
original,burgers,P-no-rank,37,P-no-rank_s37,1,1000,5000,field,train_physics_loss,0.0
original,burgers,P-no-rank,37,P-no-rank_s37,1,1000,5000,field,train_balance_loss,0.0
original,burgers,P-no-rank,37,P-no-rank_s37,1,1000,5000,field,train_rank_loss,0.0
original,burgers,P-no-rank,37,P-no-rank_s37,1,1000,5000,field,validation_field_nrmse,0.23197802901268005
original,burgers,P-no-rank,37,P-no-rank_s37,1,1000,5000,field,validation_normalized_teacher_regret_mean,7.291322253877297e-05
original,burgers,P-no-rank,37,P-no-rank_s37,1,1000,5000,field,validation_teacher_best_agreement,0.984375
original,burgers,P-no-rank,37,P-no-rank_s37,1,1000,5000,field,selection_score,0.11602547111760941
original,burgers,P-no-rank,37,P-no-rank_s37,1,1500,5000,field,train_loss,0.009806990623474121
original,burgers,P-no-rank,37,P-no-rank_s37,1,1500,5000,field,train_field_loss,0.003758564591407776
original,burgers,P-no-rank,37,P-no-rank_s37,1,1500,5000,field,train_initial_field_loss,0.00111868092790246
original,burgers,P-no-rank,37,P-no-rank_s37,1,1500,5000,field,train_sensor_consistency_loss,0.004929745104163885
original,burgers,P-no-rank,37,P-no-rank_s37,1,1500,5000,field,train_bc_diagnostic_loss,1.4694437683250745e-15
original,burgers,P-no-rank,37,P-no-rank_s37,1,1500,5000,field,train_physics_loss,0.0
original,burgers,P-no-rank,37,P-no-rank_s37,1,1500,5000,field,train_balance_loss,0.0
original,burgers,P-no-rank,37,P-no-rank_s37,1,1500,5000,field,train_rank_loss,0.0
original,burgers,P-no-rank,37,P-no-rank_s37,1,1500,5000,field,validation_field_nrmse,0.19930805265903473
original,burgers,P-no-rank,37,P-no-rank_s37,1,1500,5000,field,validation_normalized_teacher_regret_mean,7.587496679661854e-05
original,burgers,P-no-rank,37,P-no-rank_s37,1,1500,5000,field,validation_teacher_best_agreement,0.96875
original,burgers,P-no-rank,37,P-no-rank_s37,1,1500,5000,field,selection_score,0.09969196381291567
original,burgers,P-no-rank,37,P-no-rank_s37,1,2000,5000,field,train_loss,0.008816254325211048
original,burgers,P-no-rank,37,P-no-rank_s37,1,2000,5000,field,train_field_loss,0.0028716286178678274
original,burgers,P-no-rank,37,P-no-rank_s37,1,2000,5000,field,train_initial_field_loss,0.0012234445894137025
original,burgers,P-no-rank,37,P-no-rank_s37,1,2000,5000,field,train_sensor_consistency_loss,0.004721181001514196
original,burgers,P-no-rank,37,P-no-rank_s37,1,2000,5000,field,train_bc_diagnostic_loss,2.169401302749927e-15
original,burgers,P-no-rank,37,P-no-rank_s37,1,2000,5000,field,train_physics_loss,0.0
original,burgers,P-no-rank,37,P-no-rank_s37,1,2000,5000,field,train_balance_loss,0.0
original,burgers,P-no-rank,37,P-no-rank_s37,1,2000,5000,field,train_rank_loss,0.0
original,burgers,P-no-rank,37,P-no-rank_s37,1,2000,5000,field,validation_field_nrmse,0.17190741002559662
original,burgers,P-no-rank,37,P-no-rank_s37,1,2000,5000,field,validation_normalized_teacher_regret_mean,7.587496679661854e-05
original,burgers,P-no-rank,37,P-no-rank_s37,1,2000,5000,field,validation_teacher_best_agreement,0.96875
original,burgers,P-no-rank,37,P-no-rank_s37,1,2000,5000,field,selection_score,0.08599164249619662
original,burgers,P-no-rank,37,P-no-rank_s37,1,2500,5000,physics_ranking,train_loss,0.008152531459927559
original,burgers,P-no-rank,37,P-no-rank_s37,1,2500,5000,physics_ranking,train_field_loss,0.002479824936017394
original,burgers,P-no-rank,37,P-no-rank_s37,1,2500,5000,physics_ranking,train_initial_field_loss,0.0011015321360900998
original,burgers,P-no-rank,37,P-no-rank_s37,1,2500,5000,physics_ranking,train_sensor_consistency_loss,0.004570998251438141
original,burgers,P-no-rank,37,P-no-rank_s37,1,2500,5000,physics_ranking,train_bc_diagnostic_loss,2.507421023538307e-15
original,burgers,P-no-rank,37,P-no-rank_s37,1,2500,5000,physics_ranking,train_physics_loss,2.1096449927426875e-05
original,burgers,P-no-rank,37,P-no-rank_s37,1,2500,5000,physics_ranking,train_balance_loss,1.8085549058355355e-08
original,burgers,P-no-rank,37,P-no-rank_s37,1,2500,5000,physics_ranking,train_rank_loss,0.0002664514759089798
original,burgers,P-no-rank,37,P-no-rank_s37,1,2500,5000,physics_ranking,validation_field_nrmse,0.16787849366664886
original,burgers,P-no-rank,37,P-no-rank_s37,1,2500,5000,physics_ranking,validation_normalized_teacher_regret_mean,7.291322253877297e-05
original,burgers,P-no-rank,37,P-no-rank_s37,1,2500,5000,physics_ranking,validation_teacher_best_agreement,0.984375
original,burgers,P-no-rank,37,P-no-rank_s37,1,2500,5000,physics_ranking,selection_score,0.08397570344459382
original,burgers,P-no-rank,37,P-no-rank_s37,1,3000,5000,physics_ranking,train_loss,0.006397901568561792
original,burgers,P-no-rank,37,P-no-rank_s37,1,3000,5000,physics_ranking,train_field_loss,0.001224333536811173
original,burgers,P-no-rank,37,P-no-rank_s37,1,3000,5000,physics_ranking,train_initial_field_loss,0.0006759044481441379
original,burgers,P-no-rank,37,P-no-rank_s37,1,3000,5000,physics_ranking,train_sensor_consistency_loss,0.004497492220252752
original,burgers,P-no-rank,37,P-no-rank_s37,1,3000,5000,physics_ranking,train_bc_diagnostic_loss,2.2916002049514633e-15
original,burgers,P-no-rank,37,P-no-rank_s37,1,3000,5000,physics_ranking,train_physics_loss,1.710495780571364e-05
original,burgers,P-no-rank,37,P-no-rank_s37,1,3000,5000,physics_ranking,train_balance_loss,1.2348621680757788e-08
original,burgers,P-no-rank,37,P-no-rank_s37,1,3000,5000,physics_ranking,train_rank_loss,0.00020960508845746517
original,burgers,P-no-rank,37,P-no-rank_s37,1,3000,5000,physics_ranking,validation_field_nrmse,0.16684986650943756
original,burgers,P-no-rank,37,P-no-rank_s37,1,3000,5000,physics_ranking,validation_normalized_teacher_regret_mean,7.587496679661854e-05
original,burgers,P-no-rank,37,P-no-rank_s37,1,3000,5000,physics_ranking,validation_teacher_best_agreement,0.96875
original,burgers,P-no-rank,37,P-no-rank_s37,1,3000,5000,physics_ranking,selection_score,0.08346287073811709
original,burgers,P-no-rank,37,P-no-rank_s37,1,3500,5000,physics_ranking,train_loss,0.008492185734212399
original,burgers,P-no-rank,37,P-no-rank_s37,1,3500,5000,physics_ranking,train_field_loss,0.0018087747739627957
original,burgers,P-no-rank,37,P-no-rank_s37,1,3500,5000,physics_ranking,train_initial_field_loss,0.001179612590931356
original,burgers,P-no-rank,37,P-no-rank_s37,1,3500,5000,physics_ranking,train_sensor_consistency_loss,0.005503640975803137
original,burgers,P-no-rank,37,P-no-rank_s37,1,3500,5000,physics_ranking,train_bc_diagnostic_loss,1.4546556318571985e-15
original,burgers,P-no-rank,37,P-no-rank_s37,1,3500,5000,physics_ranking,train_physics_loss,1.571700158820022e-05
original,burgers,P-no-rank,37,P-no-rank_s37,1,3500,5000,physics_ranking,train_balance_loss,1.2217852507490079e-08
original,burgers,P-no-rank,37,P-no-rank_s37,1,3500,5000,physics_ranking,train_rank_loss,7.907449617050588e-05
original,burgers,P-no-rank,37,P-no-rank_s37,1,3500,5000,physics_ranking,validation_field_nrmse,0.16340890526771545
original,burgers,P-no-rank,37,P-no-rank_s37,1,3500,5000,physics_ranking,validation_normalized_teacher_regret_mean,7.587496679661854e-05
original,burgers,P-no-rank,37,P-no-rank_s37,1,3500,5000,physics_ranking,validation_teacher_best_agreement,0.96875
original,burgers,P-no-rank,37,P-no-rank_s37,1,3500,5000,physics_ranking,selection_score,0.08174239011725604
original,burgers,P-no-rank,37,P-no-rank_s37,1,4000,5000,physics_ranking,train_loss,0.007839183323085308
original,burgers,P-no-rank,37,P-no-rank_s37,1,4000,5000,physics_ranking,train_field_loss,0.0018197890603914857
original,burgers,P-no-rank,37,P-no-rank_s37,1,4000,5000,physics_ranking,train_initial_field_loss,0.001158444327302277
original,burgers,P-no-rank,37,P-no-rank_s37,1,4000,5000,physics_ranking,train_sensor_consistency_loss,0.0048607224598526955
original,burgers,P-no-rank,37,P-no-rank_s37,1,4000,5000,physics_ranking,train_bc_diagnostic_loss,2.723671711345882e-15
original,burgers,P-no-rank,37,P-no-rank_s37,1,4000,5000,physics_ranking,train_physics_loss,2.271843004564289e-05
original,burgers,P-no-rank,37,P-no-rank_s37,1,4000,5000,physics_ranking,train_balance_loss,1.1794541343590481e-08
original,burgers,P-no-rank,37,P-no-rank_s37,1,4000,5000,physics_ranking,train_rank_loss,0.00016838873852975667
original,burgers,P-no-rank,37,P-no-rank_s37,1,4000,5000,physics_ranking,validation_field_nrmse,0.16243264079093933
original,burgers,P-no-rank,37,P-no-rank_s37,1,4000,5000,physics_ranking,validation_normalized_teacher_regret_mean,7.587496679661854e-05
original,burgers,P-no-rank,37,P-no-rank_s37,1,4000,5000,physics_ranking,validation_teacher_best_agreement,0.96875
original,burgers,P-no-rank,37,P-no-rank_s37,1,4000,5000,physics_ranking,selection_score,0.08125425787886797
original,burgers,P-no-rank,37,P-no-rank_s37,1,4500,5000,physics_ranking,train_loss,0.0074476320296525955
original,burgers,P-no-rank,37,P-no-rank_s37,1,4500,5000,physics_ranking,train_field_loss,0.0017188485944643617
original,burgers,P-no-rank,37,P-no-rank_s37,1,4500,5000,physics_ranking,train_initial_field_loss,0.0010744225000962615
original,burgers,P-no-rank,37,P-no-rank_s37,1,4500,5000,physics_ranking,train_sensor_consistency_loss,0.004654173739254475
original,burgers,P-no-rank,37,P-no-rank_s37,1,4500,5000,physics_ranking,train_bc_diagnostic_loss,1.6129610075013437e-15
original,burgers,P-no-rank,37,P-no-rank_s37,1,4500,5000,physics_ranking,train_physics_loss,1.8710958102019504e-05
original,burgers,P-no-rank,37,P-no-rank_s37,1,4500,5000,physics_ranking,train_balance_loss,1.0103876846301318e-08
original,burgers,P-no-rank,37,P-no-rank_s37,1,4500,5000,physics_ranking,train_rank_loss,4.901908687315881e-05
original,burgers,P-no-rank,37,P-no-rank_s37,1,4500,5000,physics_ranking,validation_field_nrmse,0.16210125386714935
original,burgers,P-no-rank,37,P-no-rank_s37,1,4500,5000,physics_ranking,validation_normalized_teacher_regret_mean,7.587496679661854e-05
original,burgers,P-no-rank,37,P-no-rank_s37,1,4500,5000,physics_ranking,validation_teacher_best_agreement,0.96875
original,burgers,P-no-rank,37,P-no-rank_s37,1,4500,5000,physics_ranking,selection_score,0.08108856441697299
original,burgers,P-no-rank,37,P-no-rank_s37,1,5000,5000,physics_ranking,train_loss,0.008785547688603401
original,burgers,P-no-rank,37,P-no-rank_s37,1,5000,5000,physics_ranking,train_field_loss,0.002404778031632304
original,burgers,P-no-rank,37,P-no-rank_s37,1,5000,5000,physics_ranking,train_initial_field_loss,0.0013013213174417615
original,burgers,P-no-rank,37,P-no-rank_s37,1,5000,5000,physics_ranking,train_sensor_consistency_loss,0.005079240538179874
original,burgers,P-no-rank,37,P-no-rank_s37,1,5000,5000,physics_ranking,train_bc_diagnostic_loss,3.638572326465986e-15
original,burgers,P-no-rank,37,P-no-rank_s37,1,5000,5000,physics_ranking,train_physics_loss,2.0794041120097972e-05
original,burgers,P-no-rank,37,P-no-rank_s37,1,5000,5000,physics_ranking,train_balance_loss,8.656969363585176e-09
original,burgers,P-no-rank,37,P-no-rank_s37,1,5000,5000,physics_ranking,train_rank_loss,0.00013695280358660966
original,burgers,P-no-rank,37,P-no-rank_s37,1,5000,5000,physics_ranking,validation_field_nrmse,0.1619691103696823
original,burgers,P-no-rank,37,P-no-rank_s37,1,5000,5000,physics_ranking,validation_normalized_teacher_regret_mean,7.587496679661854e-05
original,burgers,P-no-rank,37,P-no-rank_s37,1,5000,5000,physics_ranking,validation_teacher_best_agreement,0.96875
original,burgers,P-no-rank,37,P-no-rank_s37,1,5000,5000,physics_ranking,selection_score,0.08102249266823947
original,burgers,P,11,P_s11,1,500,5000,field,train_loss,0.007259761914610863
original,burgers,P,11,P_s11,1,500,5000,field,train_field_loss,0.0021540464367717505
original,burgers,P,11,P_s11,1,500,5000,field,train_initial_field_loss,0.0007225442677736282
original,burgers,P,11,P_s11,1,500,5000,field,train_sensor_consistency_loss,0.00438317097723484
original,burgers,P,11,P_s11,1,500,5000,field,train_bc_diagnostic_loss,2.075881242076527e-15
original,burgers,P,11,P_s11,1,500,5000,field,train_physics_loss,0.0
original,burgers,P,11,P_s11,1,500,5000,field,train_balance_loss,0.0
original,burgers,P,11,P_s11,1,500,5000,field,train_rank_loss,0.0
original,burgers,P,11,P_s11,1,500,5000,field,validation_field_nrmse,0.2358330935239792
original,burgers,P,11,P_s11,1,500,5000,field,validation_normalized_teacher_regret_mean,0.0001240940073330421
original,burgers,P,11,P_s11,1,500,5000,field,validation_teacher_best_agreement,0.96875
original,burgers,P,11,P_s11,1,500,5000,field,selection_score,0.11797859376565611
original,burgers,P,11,P_s11,1,1000,5000,field,train_loss,0.01210790779441595
original,burgers,P,11,P_s11,1,1000,5000,field,train_field_loss,0.006301891058683395
original,burgers,P,11,P_s11,1,1000,5000,field,train_initial_field_loss,0.0010426670778542757
original,burgers,P,11,P_s11,1,1000,5000,field,train_sensor_consistency_loss,0.004763349890708923
original,burgers,P,11,P_s11,1,1000,5000,field,train_bc_diagnostic_loss,2.074461614856929e-15
original,burgers,P,11,P_s11,1,1000,5000,field,train_physics_loss,0.0
original,burgers,P,11,P_s11,1,1000,5000,field,train_balance_loss,0.0
original,burgers,P,11,P_s11,1,1000,5000,field,train_rank_loss,0.0
original,burgers,P,11,P_s11,1,1000,5000,field,validation_field_nrmse,0.23246482014656067
original,burgers,P,11,P_s11,1,1000,5000,field,validation_normalized_teacher_regret_mean,7.291322253877297e-05
original,burgers,P,11,P_s11,1,1000,5000,field,validation_teacher_best_agreement,0.984375
original,burgers,P,11,P_s11,1,1000,5000,field,selection_score,0.11626886668454972
original,burgers,P,11,P_s11,1,1500,5000,field,train_loss,0.007489050272852182
original,burgers,P,11,P_s11,1,1500,5000,field,train_field_loss,0.0022914009168744087
original,burgers,P,11,P_s11,1,1500,5000,field,train_initial_field_loss,0.0009140625479631126
original,burgers,P,11,P_s11,1,1500,5000,field,train_sensor_consistency_loss,0.004283586982637644
original,burgers,P,11,P_s11,1,1500,5000,field,train_bc_diagnostic_loss,1.891865028351425e-15
original,burgers,P,11,P_s11,1,1500,5000,field,train_physics_loss,0.0
original,burgers,P,11,P_s11,1,1500,5000,field,train_balance_loss,0.0
original,burgers,P,11,P_s11,1,1500,5000,field,train_rank_loss,0.0
original,burgers,P,11,P_s11,1,1500,5000,field,validation_field_nrmse,0.17549023032188416
original,burgers,P,11,P_s11,1,1500,5000,field,validation_normalized_teacher_regret_mean,7.587496679661854e-05
original,burgers,P,11,P_s11,1,1500,5000,field,validation_teacher_best_agreement,0.96875
original,burgers,P,11,P_s11,1,1500,5000,field,selection_score,0.08778305264434039
original,burgers,P,11,P_s11,1,2000,5000,field,train_loss,0.010280500166118145
original,burgers,P,11,P_s11,1,2000,5000,field,train_field_loss,0.0034616526681929827
original,burgers,P,11,P_s11,1,2000,5000,field,train_initial_field_loss,0.001648849924094975
original,burgers,P,11,P_s11,1,2000,5000,field,train_sensor_consistency_loss,0.005169997923076153
original,burgers,P,11,P_s11,1,2000,5000,field,train_bc_diagnostic_loss,1.6890921170423234e-15
original,burgers,P,11,P_s11,1,2000,5000,field,train_physics_loss,0.0
original,burgers,P,11,P_s11,1,2000,5000,field,train_balance_loss,0.0
original,burgers,P,11,P_s11,1,2000,5000,field,train_rank_loss,0.0
original,burgers,P,11,P_s11,1,2000,5000,field,validation_field_nrmse,0.16715307533740997
original,burgers,P,11,P_s11,1,2000,5000,field,validation_normalized_teacher_regret_mean,7.587496679661854e-05
original,burgers,P,11,P_s11,1,2000,5000,field,validation_teacher_best_agreement,0.96875
original,burgers,P,11,P_s11,1,2000,5000,field,selection_score,0.0836144751521033
original,burgers,P,11,P_s11,1,2500,5000,physics_ranking,train_loss,0.008120136335492134
original,burgers,P,11,P_s11,1,2500,5000,physics_ranking,train_field_loss,0.002423554426059127
original,burgers,P,11,P_s11,1,2500,5000,physics_ranking,train_initial_field_loss,0.0011103012366220355
original,burgers,P,11,P_s11,1,2500,5000,physics_ranking,train_sensor_consistency_loss,0.00457225413993001
original,burgers,P,11,P_s11,1,2500,5000,physics_ranking,train_bc_diagnostic_loss,3.4336886090523266e-15
original,burgers,P,11,P_s11,1,2500,5000,physics_ranking,train_physics_loss,2.2582802557735704e-05
original,burgers,P,11,P_s11,1,2500,5000,physics_ranking,train_balance_loss,1.1327757398760241e-08
original,burgers,P,11,P_s11,1,2500,5000,physics_ranking,train_rank_loss,0.00013838897575624287
original,burgers,P,11,P_s11,1,2500,5000,physics_ranking,validation_field_nrmse,0.16520589590072632
original,burgers,P,11,P_s11,1,2500,5000,physics_ranking,validation_normalized_teacher_regret_mean,2.9617442578455666e-06
original,burgers,P,11,P_s11,1,2500,5000,physics_ranking,validation_teacher_best_agreement,0.984375
original,burgers,P,11,P_s11,1,2500,5000,physics_ranking,selection_score,0.08260442882249208
original,burgers,P,11,P_s11,1,3000,5000,physics_ranking,train_loss,0.0068704793229699135
original,burgers,P,11,P_s11,1,3000,5000,physics_ranking,train_field_loss,0.0014509842731058598
original,burgers,P,11,P_s11,1,3000,5000,physics_ranking,train_initial_field_loss,0.0008248733938671649
original,burgers,P,11,P_s11,1,3000,5000,physics_ranking,train_sensor_consistency_loss,0.004588643554598093
original,burgers,P,11,P_s11,1,3000,5000,physics_ranking,train_bc_diagnostic_loss,1.458146889907544e-15
original,burgers,P,11,P_s11,1,3000,5000,physics_ranking,train_physics_loss,1.5006116882432252e-05
original,burgers,P,11,P_s11,1,3000,5000,physics_ranking,train_balance_loss,2.211694294373956e-08
original,burgers,P,11,P_s11,1,3000,5000,physics_ranking,train_rank_loss,5.8278601500205696e-05
original,burgers,P,11,P_s11,1,3000,5000,physics_ranking,validation_field_nrmse,0.1611880511045456
original,burgers,P,11,P_s11,1,3000,5000,physics_ranking,validation_normalized_teacher_regret_mean,7.587496679661854e-05
original,burgers,P,11,P_s11,1,3000,5000,physics_ranking,validation_teacher_best_agreement,0.96875
original,burgers,P,11,P_s11,1,3000,5000,physics_ranking,selection_score,0.0806319630356711
original,burgers,P,11,P_s11,1,3500,5000,physics_ranking,train_loss,0.0069007109850645065
original,burgers,P,11,P_s11,1,3500,5000,physics_ranking,train_field_loss,0.0012883807066828012
original,burgers,P,11,P_s11,1,3500,5000,physics_ranking,train_initial_field_loss,0.0009157583117485046
original,burgers,P,11,P_s11,1,3500,5000,physics_ranking,train_sensor_consistency_loss,0.004689359571784735
original,burgers,P,11,P_s11,1,3500,5000,physics_ranking,train_bc_diagnostic_loss,1.7045388216266897e-15
original,burgers,P,11,P_s11,1,3500,5000,physics_ranking,train_physics_loss,2.0071562175871804e-05
original,burgers,P,11,P_s11,1,3500,5000,physics_ranking,train_balance_loss,1.4644021106846594e-08
original,burgers,P,11,P_s11,1,3500,5000,physics_ranking,train_rank_loss,7.011394336586818e-05
original,burgers,P,11,P_s11,1,3500,5000,physics_ranking,validation_field_nrmse,0.15952402353286743
original,burgers,P,11,P_s11,1,3500,5000,physics_ranking,validation_normalized_teacher_regret_mean,2.9617442578455666e-06
original,burgers,P,11,P_s11,1,3500,5000,physics_ranking,validation_teacher_best_agreement,0.984375
original,burgers,P,11,P_s11,1,3500,5000,physics_ranking,selection_score,0.07976349263856264
original,burgers,P,11,P_s11,1,4000,5000,physics_ranking,train_loss,0.007440881337970495
original,burgers,P,11,P_s11,1,4000,5000,physics_ranking,train_field_loss,0.0019118266645818949
original,burgers,P,11,P_s11,1,4000,5000,physics_ranking,train_initial_field_loss,0.0010050921700894833
original,burgers,P,11,P_s11,1,4000,5000,physics_ranking,train_sensor_consistency_loss,0.004519977606832981
original,burgers,P,11,P_s11,1,4000,5000,physics_ranking,train_bc_diagnostic_loss,1.2990588558201357e-15
original,burgers,P,11,P_s11,1,4000,5000,physics_ranking,train_physics_loss,1.7671800378593616e-05
original,burgers,P,11,P_s11,1,4000,5000,physics_ranking,train_balance_loss,8.314995803004877e-09
original,burgers,P,11,P_s11,1,4000,5000,physics_ranking,train_rank_loss,3.8079131627455354e-05
original,burgers,P,11,P_s11,1,4000,5000,physics_ranking,validation_field_nrmse,0.15851888060569763
original,burgers,P,11,P_s11,1,4000,5000,physics_ranking,validation_normalized_teacher_regret_mean,2.9617442578455666e-06
original,burgers,P,11,P_s11,1,4000,5000,physics_ranking,validation_teacher_best_agreement,0.984375
original,burgers,P,11,P_s11,1,4000,5000,physics_ranking,selection_score,0.07926092117497774
original,burgers,P,11,P_s11,1,4500,5000,physics_ranking,train_loss,0.00802319310605526
original,burgers,P,11,P_s11,1,4500,5000,physics_ranking,train_field_loss,0.0022363471798598766
original,burgers,P,11,P_s11,1,4500,5000,physics_ranking,train_initial_field_loss,0.0012604395160451531
original,burgers,P,11,P_s11,1,4500,5000,physics_ranking,train_sensor_consistency_loss,0.004522830247879028
original,burgers,P,11,P_s11,1,4500,5000,physics_ranking,train_bc_diagnostic_loss,1.2734632142200053e-15
original,burgers,P,11,P_s11,1,4500,5000,physics_ranking,train_physics_loss,1.532263013359625e-05
original,burgers,P,11,P_s11,1,4500,5000,physics_ranking,train_balance_loss,9.726572436363767e-09
original,burgers,P,11,P_s11,1,4500,5000,physics_ranking,train_rank_loss,3.422892768867314e-05
original,burgers,P,11,P_s11,1,4500,5000,physics_ranking,validation_field_nrmse,0.15845611691474915
original,burgers,P,11,P_s11,1,4500,5000,physics_ranking,validation_normalized_teacher_regret_mean,2.9617442578455666e-06
original,burgers,P,11,P_s11,1,4500,5000,physics_ranking,validation_teacher_best_agreement,0.984375
original,burgers,P,11,P_s11,1,4500,5000,physics_ranking,selection_score,0.0792295393295035
original,burgers,P,11,P_s11,1,5000,5000,physics_ranking,train_loss,0.00796070322394371
original,burgers,P,11,P_s11,1,5000,5000,physics_ranking,train_field_loss,0.002273364458233118
original,burgers,P,11,P_s11,1,5000,5000,physics_ranking,train_initial_field_loss,0.0012254343600943685
original,burgers,P,11,P_s11,1,5000,5000,physics_ranking,train_sensor_consistency_loss,0.00445703137665987
original,burgers,P,11,P_s11,1,5000,5000,physics_ranking,train_bc_diagnostic_loss,3.1903368903391134e-15
original,burgers,P,11,P_s11,1,5000,5000,physics_ranking,train_physics_loss,2.7989191949018277e-05
original,burgers,P,11,P_s11,1,5000,5000,physics_ranking,train_balance_loss,1.5676183906521146e-08
original,burgers,P,11,P_s11,1,5000,5000,physics_ranking,train_rank_loss,4.591921606333926e-05
original,burgers,P,11,P_s11,1,5000,5000,physics_ranking,validation_field_nrmse,0.1582564264535904
original,burgers,P,11,P_s11,1,5000,5000,physics_ranking,validation_normalized_teacher_regret_mean,2.9617442578455666e-06
original,burgers,P,11,P_s11,1,5000,5000,physics_ranking,validation_teacher_best_agreement,0.984375
original,burgers,P,11,P_s11,1,5000,5000,physics_ranking,selection_score,0.07912969409892412
original,burgers,P,23,P_s23,1,500,5000,field,train_loss,0.01078441645950079
original,burgers,P,23,P_s23,1,500,5000,field,train_field_loss,0.004526324570178986
original,burgers,P,23,P_s23,1,500,5000,field,train_initial_field_loss,0.0011600753059610724
original,burgers,P,23,P_s23,1,500,5000,field,train_sensor_consistency_loss,0.00509801646694541
original,burgers,P,23,P_s23,1,500,5000,field,train_bc_diagnostic_loss,1.136694498292748e-15
original,burgers,P,23,P_s23,1,500,5000,field,train_physics_loss,0.0
original,burgers,P,23,P_s23,1,500,5000,field,train_balance_loss,0.0
original,burgers,P,23,P_s23,1,500,5000,field,train_rank_loss,0.0
original,burgers,P,23,P_s23,1,500,5000,field,validation_field_nrmse,0.23617589473724365
original,burgers,P,23,P_s23,1,500,5000,field,validation_normalized_teacher_regret_mean,0.0001240940073330421
original,burgers,P,23,P_s23,1,500,5000,field,validation_teacher_best_agreement,0.96875
original,burgers,P,23,P_s23,1,500,5000,field,selection_score,0.11814999437228835
original,burgers,P,23,P_s23,1,1000,5000,field,train_loss,0.009977363049983978
original,burgers,P,23,P_s23,1,1000,5000,field,train_field_loss,0.004093559458851814
original,burgers,P,23,P_s23,1,1000,5000,field,train_initial_field_loss,0.0009157664026133716
original,burgers,P,23,P_s23,1,1000,5000,field,train_sensor_consistency_loss,0.0049680378288030624
original,burgers,P,23,P_s23,1,1000,5000,field,train_bc_diagnostic_loss,1.3636688349707993e-15
original,burgers,P,23,P_s23,1,1000,5000,field,train_physics_loss,0.0
original,burgers,P,23,P_s23,1,1000,5000,field,train_balance_loss,0.0
original,burgers,P,23,P_s23,1,1000,5000,field,train_rank_loss,0.0
original,burgers,P,23,P_s23,1,1000,5000,field,validation_field_nrmse,0.22984758019447327
original,burgers,P,23,P_s23,1,1000,5000,field,validation_normalized_teacher_regret_mean,7.291322253877297e-05
original,burgers,P,23,P_s23,1,1000,5000,field,validation_teacher_best_agreement,0.984375
original,burgers,P,23,P_s23,1,1000,5000,field,selection_score,0.11496024670850602
original,burgers,P,23,P_s23,1,1500,5000,field,train_loss,0.009669274091720581
original,burgers,P,23,P_s23,1,1500,5000,field,train_field_loss,0.00385644705966115
original,burgers,P,23,P_s23,1,1500,5000,field,train_initial_field_loss,0.0010018610628321767
original,burgers,P,23,P_s23,1,1500,5000,field,train_sensor_consistency_loss,0.004810965619981289
original,burgers,P,23,P_s23,1,1500,5000,field,train_bc_diagnostic_loss,2.223773194667128e-15
original,burgers,P,23,P_s23,1,1500,5000,field,train_physics_loss,0.0
original,burgers,P,23,P_s23,1,1500,5000,field,train_balance_loss,0.0
original,burgers,P,23,P_s23,1,1500,5000,field,train_rank_loss,0.0
original,burgers,P,23,P_s23,1,1500,5000,field,validation_field_nrmse,0.20131607353687286
original,burgers,P,23,P_s23,1,1500,5000,field,validation_normalized_teacher_regret_mean,7.587496679661854e-05
original,burgers,P,23,P_s23,1,1500,5000,field,validation_teacher_best_agreement,0.96875
original,burgers,P,23,P_s23,1,1500,5000,field,selection_score,0.10069597425183474
original,burgers,P,23,P_s23,1,2000,5000,field,train_loss,0.0075170500203967094
original,burgers,P,23,P_s23,1,2000,5000,field,train_field_loss,0.001784524996764958
original,burgers,P,23,P_s23,1,2000,5000,field,train_initial_field_loss,0.0009567986708134413
original,burgers,P,23,P_s23,1,2000,5000,field,train_sensor_consistency_loss,0.0047757262364029884
original,burgers,P,23,P_s23,1,2000,5000,field,train_bc_diagnostic_loss,1.9638628288680404e-15
original,burgers,P,23,P_s23,1,2000,5000,field,train_physics_loss,0.0
original,burgers,P,23,P_s23,1,2000,5000,field,train_balance_loss,0.0
original,burgers,P,23,P_s23,1,2000,5000,field,train_rank_loss,0.0
original,burgers,P,23,P_s23,1,2000,5000,field,validation_field_nrmse,0.17012806236743927
original,burgers,P,23,P_s23,1,2000,5000,field,validation_normalized_teacher_regret_mean,7.587496679661854e-05
original,burgers,P,23,P_s23,1,2000,5000,field,validation_teacher_best_agreement,0.96875
original,burgers,P,23,P_s23,1,2000,5000,field,selection_score,0.08510196866711794
original,burgers,P,23,P_s23,1,2500,5000,physics_ranking,train_loss,0.008485079742968082
original,burgers,P,23,P_s23,1,2500,5000,physics_ranking,train_field_loss,0.002374415984377265
original,burgers,P,23,P_s23,1,2500,5000,physics_ranking,train_initial_field_loss,0.0011554142693057656
original,burgers,P,23,P_s23,1,2500,5000,physics_ranking,train_sensor_consistency_loss,0.004946874920278788
original,burgers,P,23,P_s23,1,2500,5000,physics_ranking,train_bc_diagnostic_loss,1.43926821957914e-15
original,burgers,P,23,P_s23,1,2500,5000,physics_ranking,train_physics_loss,2.5117424229392782e-05
original,burgers,P,23,P_s23,1,2500,5000,physics_ranking,train_balance_loss,1.7959601805728198e-08
original,burgers,P,23,P_s23,1,2500,5000,physics_ranking,train_rank_loss,8.165287727024406e-05
original,burgers,P,23,P_s23,1,2500,5000,physics_ranking,validation_field_nrmse,0.16586919128894806
original,burgers,P,23,P_s23,1,2500,5000,physics_ranking,validation_normalized_teacher_regret_mean,7.587496679661854e-05
original,burgers,P,23,P_s23,1,2500,5000,physics_ranking,validation_teacher_best_agreement,0.96875
original,burgers,P,23,P_s23,1,2500,5000,physics_ranking,selection_score,0.08297253312787234
original,burgers,P,23,P_s23,1,3000,5000,physics_ranking,train_loss,0.007722743786871433
original,burgers,P,23,P_s23,1,3000,5000,physics_ranking,train_field_loss,0.0017688224324956536
original,burgers,P,23,P_s23,1,3000,5000,physics_ranking,train_initial_field_loss,0.0011010683374479413
original,burgers,P,23,P_s23,1,3000,5000,physics_ranking,train_sensor_consistency_loss,0.004847634583711624
original,burgers,P,23,P_s23,1,3000,5000,physics_ranking,train_bc_diagnostic_loss,1.5592758475461294e-15
original,burgers,P,23,P_s23,1,3000,5000,physics_ranking,train_physics_loss,1.8696817278396338e-05
original,burgers,P,23,P_s23,1,3000,5000,physics_ranking,train_balance_loss,1.190072485002247e-08
original,burgers,P,23,P_s23,1,3000,5000,physics_ranking,train_rank_loss,5.0312504754401743e-05
original,burgers,P,23,P_s23,1,3000,5000,physics_ranking,validation_field_nrmse,0.16269196569919586
original,burgers,P,23,P_s23,1,3000,5000,physics_ranking,validation_normalized_teacher_regret_mean,7.291322253877297e-05
original,burgers,P,23,P_s23,1,3000,5000,physics_ranking,validation_teacher_best_agreement,0.984375
original,burgers,P,23,P_s23,1,3000,5000,physics_ranking,selection_score,0.08138243946086732
original,burgers,P,23,P_s23,1,3500,5000,physics_ranking,train_loss,0.008011585101485252
original,burgers,P,23,P_s23,1,3500,5000,physics_ranking,train_field_loss,0.0018919999711215496
original,burgers,P,23,P_s23,1,3500,5000,physics_ranking,train_initial_field_loss,0.0010522028896957636
original,burgers,P,23,P_s23,1,3500,5000,physics_ranking,train_sensor_consistency_loss,0.00505756214261055
original,burgers,P,23,P_s23,1,3500,5000,physics_ranking,train_bc_diagnostic_loss,1.7838818801036577e-15
original,burgers,P,23,P_s23,1,3500,5000,physics_ranking,train_physics_loss,2.5949162591132335e-05
original,burgers,P,23,P_s23,1,3500,5000,physics_ranking,train_balance_loss,6.4261977961166394e-09
original,burgers,P,23,P_s23,1,3500,5000,physics_ranking,train_rank_loss,9.5600844360888e-05
original,burgers,P,23,P_s23,1,3500,5000,physics_ranking,validation_field_nrmse,0.16101084649562836
original,burgers,P,23,P_s23,1,3500,5000,physics_ranking,validation_normalized_teacher_regret_mean,0.0
original,burgers,P,23,P_s23,1,3500,5000,physics_ranking,validation_teacher_best_agreement,1.0
original,burgers,P,23,P_s23,1,3500,5000,physics_ranking,selection_score,0.08050542324781418
original,burgers,P,23,P_s23,1,4000,5000,physics_ranking,train_loss,0.00907196756452322
original,burgers,P,23,P_s23,1,4000,5000,physics_ranking,train_field_loss,0.0025331638753414154
original,burgers,P,23,P_s23,1,4000,5000,physics_ranking,train_initial_field_loss,0.0014594815438613296
original,burgers,P,23,P_s23,1,4000,5000,physics_ranking,train_sensor_consistency_loss,0.005075427703559399
original,burgers,P,23,P_s23,1,4000,5000,physics_ranking,train_bc_diagnostic_loss,1.8350894686881532e-15
original,burgers,P,23,P_s23,1,4000,5000,physics_ranking,train_physics_loss,2.265306466142647e-05
original,burgers,P,23,P_s23,1,4000,5000,physics_ranking,train_balance_loss,9.725316552078311e-09
original,burgers,P,23,P_s23,1,4000,5000,physics_ranking,train_rank_loss,3.667580313049257e-05
original,burgers,P,23,P_s23,1,4000,5000,physics_ranking,validation_field_nrmse,0.1601586639881134
original,burgers,P,23,P_s23,1,4000,5000,physics_ranking,validation_normalized_teacher_regret_mean,7.587496679661854e-05
original,burgers,P,23,P_s23,1,4000,5000,physics_ranking,validation_teacher_best_agreement,0.96875
original,burgers,P,23,P_s23,1,4000,5000,physics_ranking,selection_score,0.08011726947745501
original,burgers,P,23,P_s23,1,4500,5000,physics_ranking,train_loss,0.00899256207048893
original,burgers,P,23,P_s23,1,4500,5000,physics_ranking,train_field_loss,0.0030585320200771093
original,burgers,P,23,P_s23,1,4500,5000,physics_ranking,train_initial_field_loss,0.0013439125614240766
original,burgers,P,23,P_s23,1,4500,5000,physics_ranking,train_sensor_consistency_loss,0.0045860870741307735
original,burgers,P,23,P_s23,1,4500,5000,physics_ranking,train_bc_diagnostic_loss,1.876048593885582e-15
original,burgers,P,23,P_s23,1,4500,5000,physics_ranking,train_physics_loss,2.9616878236993216e-05
original,burgers,P,23,P_s23,1,4500,5000,physics_ranking,train_balance_loss,6.614425895890008e-09
original,burgers,P,23,P_s23,1,4500,5000,physics_ranking,train_rank_loss,3.73500952264294e-05
original,burgers,P,23,P_s23,1,4500,5000,physics_ranking,validation_field_nrmse,0.16003701090812683
original,burgers,P,23,P_s23,1,4500,5000,physics_ranking,validation_normalized_teacher_regret_mean,2.9617442578455666e-06
original,burgers,P,23,P_s23,1,4500,5000,physics_ranking,validation_teacher_best_agreement,0.984375
original,burgers,P,23,P_s23,1,4500,5000,physics_ranking,selection_score,0.08001998632619234
original,burgers,P,23,P_s23,1,5000,5000,physics_ranking,train_loss,0.007721327245235443
original,burgers,P,23,P_s23,1,5000,5000,physics_ranking,train_field_loss,0.0019456015434116125
original,burgers,P,23,P_s23,1,5000,5000,physics_ranking,train_initial_field_loss,0.0010666423477232456
original,burgers,P,23,P_s23,1,5000,5000,physics_ranking,train_sensor_consistency_loss,0.004706219770014286
original,burgers,P,23,P_s23,1,5000,5000,physics_ranking,train_bc_diagnostic_loss,1.734296571371391e-15
original,burgers,P,23,P_s23,1,5000,5000,physics_ranking,train_physics_loss,1.802414408302866e-05
original,burgers,P,23,P_s23,1,5000,5000,physics_ranking,train_balance_loss,1.1159273505256806e-08
original,burgers,P,23,P_s23,1,5000,5000,physics_ranking,train_rank_loss,2.6836758479475975e-05
original,burgers,P,23,P_s23,1,5000,5000,physics_ranking,validation_field_nrmse,0.15979814529418945
original,burgers,P,23,P_s23,1,5000,5000,physics_ranking,validation_normalized_teacher_regret_mean,2.9617442578455666e-06
original,burgers,P,23,P_s23,1,5000,5000,physics_ranking,validation_teacher_best_agreement,0.984375
original,burgers,P,23,P_s23,1,5000,5000,physics_ranking,selection_score,0.07990055351922365
original,burgers,P,37,P_s37,1,500,5000,field,train_loss,0.00973031297326088
original,burgers,P,37,P_s37,1,500,5000,field,train_field_loss,0.004232990089803934
original,burgers,P,37,P_s37,1,500,5000,field,train_initial_field_loss,0.0010889233089983463
original,burgers,P,37,P_s37,1,500,5000,field,train_sensor_consistency_loss,0.004408399108797312
original,burgers,P,37,P_s37,1,500,5000,field,train_bc_diagnostic_loss,2.789045714214969e-15
original,burgers,P,37,P_s37,1,500,5000,field,train_physics_loss,0.0
original,burgers,P,37,P_s37,1,500,5000,field,train_balance_loss,0.0
original,burgers,P,37,P_s37,1,500,5000,field,train_rank_loss,0.0
original,burgers,P,37,P_s37,1,500,5000,field,validation_field_nrmse,0.2363576591014862
original,burgers,P,37,P_s37,1,500,5000,field,validation_normalized_teacher_regret_mean,0.0001240940073330421
original,burgers,P,37,P_s37,1,500,5000,field,validation_teacher_best_agreement,0.96875
original,burgers,P,37,P_s37,1,500,5000,field,selection_score,0.11824087655440962
original,burgers,P,37,P_s37,1,1000,5000,field,train_loss,0.008614549413323402
original,burgers,P,37,P_s37,1,1000,5000,field,train_field_loss,0.0032668067142367363
original,burgers,P,37,P_s37,1,1000,5000,field,train_initial_field_loss,0.0008566286996938288
original,burgers,P,37,P_s37,1,1000,5000,field,train_sensor_consistency_loss,0.004491114057600498
original,burgers,P,37,P_s37,1,1000,5000,field,train_bc_diagnostic_loss,1.283798922000639e-15
original,burgers,P,37,P_s37,1,1000,5000,field,train_physics_loss,0.0
original,burgers,P,37,P_s37,1,1000,5000,field,train_balance_loss,0.0
original,burgers,P,37,P_s37,1,1000,5000,field,train_rank_loss,0.0
original,burgers,P,37,P_s37,1,1000,5000,field,validation_field_nrmse,0.23197802901268005
original,burgers,P,37,P_s37,1,1000,5000,field,validation_normalized_teacher_regret_mean,7.291322253877297e-05
original,burgers,P,37,P_s37,1,1000,5000,field,validation_teacher_best_agreement,0.984375
original,burgers,P,37,P_s37,1,1000,5000,field,selection_score,0.11602547111760941
original,burgers,P,37,P_s37,1,1500,5000,field,train_loss,0.009806990623474121
original,burgers,P,37,P_s37,1,1500,5000,field,train_field_loss,0.003758564591407776
original,burgers,P,37,P_s37,1,1500,5000,field,train_initial_field_loss,0.00111868092790246
original,burgers,P,37,P_s37,1,1500,5000,field,train_sensor_consistency_loss,0.004929745104163885
original,burgers,P,37,P_s37,1,1500,5000,field,train_bc_diagnostic_loss,1.4694437683250745e-15
original,burgers,P,37,P_s37,1,1500,5000,field,train_physics_loss,0.0
original,burgers,P,37,P_s37,1,1500,5000,field,train_balance_loss,0.0
original,burgers,P,37,P_s37,1,1500,5000,field,train_rank_loss,0.0
original,burgers,P,37,P_s37,1,1500,5000,field,validation_field_nrmse,0.19930805265903473
original,burgers,P,37,P_s37,1,1500,5000,field,validation_normalized_teacher_regret_mean,7.587496679661854e-05
original,burgers,P,37,P_s37,1,1500,5000,field,validation_teacher_best_agreement,0.96875
original,burgers,P,37,P_s37,1,1500,5000,field,selection_score,0.09969196381291567
original,burgers,P,37,P_s37,1,2000,5000,field,train_loss,0.008816254325211048
original,burgers,P,37,P_s37,1,2000,5000,field,train_field_loss,0.0028716286178678274
original,burgers,P,37,P_s37,1,2000,5000,field,train_initial_field_loss,0.0012234445894137025
original,burgers,P,37,P_s37,1,2000,5000,field,train_sensor_consistency_loss,0.004721181001514196
original,burgers,P,37,P_s37,1,2000,5000,field,train_bc_diagnostic_loss,2.169401302749927e-15
original,burgers,P,37,P_s37,1,2000,5000,field,train_physics_loss,0.0
original,burgers,P,37,P_s37,1,2000,5000,field,train_balance_loss,0.0
original,burgers,P,37,P_s37,1,2000,5000,field,train_rank_loss,0.0
original,burgers,P,37,P_s37,1,2000,5000,field,validation_field_nrmse,0.17190741002559662
original,burgers,P,37,P_s37,1,2000,5000,field,validation_normalized_teacher_regret_mean,7.587496679661854e-05
original,burgers,P,37,P_s37,1,2000,5000,field,validation_teacher_best_agreement,0.96875
original,burgers,P,37,P_s37,1,2000,5000,field,selection_score,0.08599164249619662
original,burgers,P,37,P_s37,1,2500,5000,physics_ranking,train_loss,0.008166143670678139
original,burgers,P,37,P_s37,1,2500,5000,physics_ranking,train_field_loss,0.002480832627043128
original,burgers,P,37,P_s37,1,2500,5000,physics_ranking,train_initial_field_loss,0.0011015321360900998
original,burgers,P,37,P_s37,1,2500,5000,physics_ranking,train_sensor_consistency_loss,0.004570998251438141
original,burgers,P,37,P_s37,1,2500,5000,physics_ranking,train_bc_diagnostic_loss,2.309133998717864e-15
original,burgers,P,37,P_s37,1,2500,5000,physics_ranking,train_physics_loss,2.109898196067661e-05
original,burgers,P,37,P_s37,1,2500,5000,physics_ranking,train_balance_loss,1.7995754220123672e-08
original,burgers,P,37,P_s37,1,2500,5000,physics_ranking,train_rank_loss,0.000126043421914801
original,burgers,P,37,P_s37,1,2500,5000,physics_ranking,validation_field_nrmse,0.1678878515958786
original,burgers,P,37,P_s37,1,2500,5000,physics_ranking,validation_normalized_teacher_regret_mean,7.291322253877297e-05
original,burgers,P,37,P_s37,1,2500,5000,physics_ranking,validation_teacher_best_agreement,0.984375
original,burgers,P,37,P_s37,1,2500,5000,physics_ranking,selection_score,0.08398038240920869
original,burgers,P,37,P_s37,1,3000,5000,physics_ranking,train_loss,0.0063978321850299835
original,burgers,P,37,P_s37,1,3000,5000,physics_ranking,train_field_loss,0.001216846751049161
original,burgers,P,37,P_s37,1,3000,5000,physics_ranking,train_initial_field_loss,0.0006759044481441379
original,burgers,P,37,P_s37,1,3000,5000,physics_ranking,train_sensor_consistency_loss,0.004497492220252752
original,burgers,P,37,P_s37,1,3000,5000,physics_ranking,train_bc_diagnostic_loss,2.498750582531975e-15
original,burgers,P,37,P_s37,1,3000,5000,physics_ranking,train_physics_loss,1.7085441868402995e-05
original,burgers,P,37,P_s37,1,3000,5000,physics_ranking,train_balance_loss,1.212816336249034e-08
original,burgers,P,37,P_s37,1,3000,5000,physics_ranking,train_rank_loss,7.417303277179599e-05
original,burgers,P,37,P_s37,1,3000,5000,physics_ranking,validation_field_nrmse,0.16650497913360596
original,burgers,P,37,P_s37,1,3000,5000,physics_ranking,validation_normalized_teacher_regret_mean,7.291322253877297e-05
original,burgers,P,37,P_s37,1,3000,5000,physics_ranking,validation_teacher_best_agreement,0.984375
original,burgers,P,37,P_s37,1,3000,5000,physics_ranking,selection_score,0.08328894617807237
original,burgers,P,37,P_s37,1,3500,5000,physics_ranking,train_loss,0.008492670953273773
original,burgers,P,37,P_s37,1,3500,5000,physics_ranking,train_field_loss,0.0018051371444016695
original,burgers,P,37,P_s37,1,3500,5000,physics_ranking,train_initial_field_loss,0.001179612590931356
original,burgers,P,37,P_s37,1,3500,5000,physics_ranking,train_sensor_consistency_loss,0.005503640975803137
original,burgers,P,37,P_s37,1,3500,5000,physics_ranking,train_bc_diagnostic_loss,1.6701204848479584e-15
original,burgers,P,37,P_s37,1,3500,5000,physics_ranking,train_physics_loss,1.570116182847414e-05
original,burgers,P,37,P_s37,1,3500,5000,physics_ranking,train_balance_loss,1.2476698785235385e-08
original,burgers,P,37,P_s37,1,3500,5000,physics_ranking,train_rank_loss,4.1232189687434584e-05
original,burgers,P,37,P_s37,1,3500,5000,physics_ranking,validation_field_nrmse,0.16333480179309845
original,burgers,P,37,P_s37,1,3500,5000,physics_ranking,validation_normalized_teacher_regret_mean,7.291322253877297e-05
original,burgers,P,37,P_s37,1,3500,5000,physics_ranking,validation_teacher_best_agreement,0.984375
original,burgers,P,37,P_s37,1,3500,5000,physics_ranking,selection_score,0.08170385750781861
original,burgers,P,37,P_s37,1,4000,5000,physics_ranking,train_loss,0.007847636938095093
original,burgers,P,37,P_s37,1,4000,5000,physics_ranking,train_field_loss,0.0018220337806269526
original,burgers,P,37,P_s37,1,4000,5000,physics_ranking,train_initial_field_loss,0.001158444327302277
original,burgers,P,37,P_s37,1,4000,5000,physics_ranking,train_sensor_consistency_loss,0.0048607224598526955
original,burgers,P,37,P_s37,1,4000,5000,physics_ranking,train_bc_diagnostic_loss,2.9000171947006492e-15
original,burgers,P,37,P_s37,1,4000,5000,physics_ranking,train_physics_loss,2.272082565468736e-05
original,burgers,P,37,P_s37,1,4000,5000,physics_ranking,train_balance_loss,1.1823033219116041e-08
original,burgers,P,37,P_s37,1,4000,5000,physics_ranking,train_rank_loss,6.209268030943349e-05
original,burgers,P,37,P_s37,1,4000,5000,physics_ranking,validation_field_nrmse,0.16228890419006348
original,burgers,P,37,P_s37,1,4000,5000,physics_ranking,validation_normalized_teacher_regret_mean,7.291322253877297e-05
original,burgers,P,37,P_s37,1,4000,5000,physics_ranking,validation_teacher_best_agreement,0.984375
original,burgers,P,37,P_s37,1,4000,5000,physics_ranking,selection_score,0.08118090870630112
original,burgers,P,37,P_s37,1,4500,5000,physics_ranking,train_loss,0.007447549607604742
original,burgers,P,37,P_s37,1,4500,5000,physics_ranking,train_field_loss,0.0017166313482448459
original,burgers,P,37,P_s37,1,4500,5000,physics_ranking,train_initial_field_loss,0.0010744225000962615
original,burgers,P,37,P_s37,1,4500,5000,physics_ranking,train_sensor_consistency_loss,0.004654173739254475
original,burgers,P,37,P_s37,1,4500,5000,physics_ranking,train_bc_diagnostic_loss,1.6121580202673466e-15
original,burgers,P,37,P_s37,1,4500,5000,physics_ranking,train_physics_loss,1.869730476755649e-05
original,burgers,P,37,P_s37,1,4500,5000,physics_ranking,train_balance_loss,9.522984179000105e-09
original,burgers,P,37,P_s37,1,4500,5000,physics_ranking,train_rank_loss,2.13466482819058e-05
original,burgers,P,37,P_s37,1,4500,5000,physics_ranking,validation_field_nrmse,0.16195881366729736
original,burgers,P,37,P_s37,1,4500,5000,physics_ranking,validation_normalized_teacher_regret_mean,7.587496679661854e-05
original,burgers,P,37,P_s37,1,4500,5000,physics_ranking,validation_teacher_best_agreement,0.96875
original,burgers,P,37,P_s37,1,4500,5000,physics_ranking,selection_score,0.08101734431704699
original,burgers,P,37,P_s37,1,5000,5000,physics_ranking,train_loss,0.008794032037258148
original,burgers,P,37,P_s37,1,5000,5000,physics_ranking,train_field_loss,0.0024083300959318876
original,burgers,P,37,P_s37,1,5000,5000,physics_ranking,train_initial_field_loss,0.0013013213174417615
original,burgers,P,37,P_s37,1,5000,5000,physics_ranking,train_sensor_consistency_loss,0.005079240538179874
original,burgers,P,37,P_s37,1,5000,5000,physics_ranking,train_bc_diagnostic_loss,3.00709232362896e-15
original,burgers,P,37,P_s37,1,5000,5000,physics_ranking,train_physics_loss,2.0779467376996763e-05
original,burgers,P,37,P_s37,1,5000,5000,physics_ranking,train_balance_loss,7.833754978037177e-09
original,burgers,P,37,P_s37,1,5000,5000,physics_ranking,train_rank_loss,4.932581941829994e-05
original,burgers,P,37,P_s37,1,5000,5000,physics_ranking,validation_field_nrmse,0.16182494163513184
original,burgers,P,37,P_s37,1,5000,5000,physics_ranking,validation_normalized_teacher_regret_mean,7.587496679661854e-05
original,burgers,P,37,P_s37,1,5000,5000,physics_ranking,validation_teacher_best_agreement,0.96875
original,burgers,P,37,P_s37,1,5000,5000,physics_ranking,selection_score,0.08095040830096423
original,heat,B2,11,B2_s11,1,500,2500,not_applicable,train_action_mse,0.0015994175337255
original,heat,B2,11,B2_s11,1,500,2500,not_applicable,validation_action_mse,0.0010863823760889346
original,heat,B2,11,B2_s11,1,1000,2500,not_applicable,train_action_mse,0.0013550741132348776
original,heat,B2,11,B2_s11,1,1000,2500,not_applicable,validation_action_mse,0.0010177271745268612
original,heat,B2,11,B2_s11,1,1500,2500,not_applicable,train_action_mse,0.001532694441266358
original,heat,B2,11,B2_s11,1,1500,2500,not_applicable,validation_action_mse,0.0009956115067550897
original,heat,B2,11,B2_s11,1,2000,2500,not_applicable,train_action_mse,0.0013012102572247386
original,heat,B2,11,B2_s11,1,2000,2500,not_applicable,validation_action_mse,0.0010183260185154808
original,heat,B2,11,B2_s11,1,2500,2500,not_applicable,train_action_mse,0.001125682145357132
original,heat,B2,11,B2_s11,1,2500,2500,not_applicable,validation_action_mse,0.0009708134203867402
original,heat,B2,11,B2_s11,1,3000,2500,not_applicable,train_action_mse,0.0007977418135851622
original,heat,B2,11,B2_s11,1,3000,2500,not_applicable,validation_action_mse,0.0009722001686256476
original,heat,B2,23,B2_s23,1,500,3000,not_applicable,train_action_mse,0.0018678412307053804
original,heat,B2,23,B2_s23,1,500,3000,not_applicable,validation_action_mse,0.0010882542660315409
original,heat,B2,23,B2_s23,1,1000,3000,not_applicable,train_action_mse,0.0015403684228658676
original,heat,B2,23,B2_s23,1,1000,3000,not_applicable,validation_action_mse,0.0010252160337254068
original,heat,B2,23,B2_s23,1,1500,3000,not_applicable,train_action_mse,0.0016555178444832563
original,heat,B2,23,B2_s23,1,1500,3000,not_applicable,validation_action_mse,0.0010093666016501857
original,heat,B2,23,B2_s23,1,2000,3000,not_applicable,train_action_mse,0.001052717911079526
original,heat,B2,23,B2_s23,1,2000,3000,not_applicable,validation_action_mse,0.0009718026382179445
original,heat,B2,23,B2_s23,1,2500,3000,not_applicable,train_action_mse,0.0010687580797821283
original,heat,B2,23,B2_s23,1,2500,3000,not_applicable,validation_action_mse,0.0009717990710402802
original,heat,B2,23,B2_s23,1,3000,3000,not_applicable,train_action_mse,0.0013547609560191631
original,heat,B2,23,B2_s23,1,3000,3000,not_applicable,validation_action_mse,0.0009617809785469333
original,heat,B2,37,B2_s37,1,500,3000,not_applicable,train_action_mse,0.002045026980340481
original,heat,B2,37,B2_s37,1,500,3000,not_applicable,validation_action_mse,0.0010478099671935581
original,heat,B2,37,B2_s37,1,1000,3000,not_applicable,train_action_mse,0.0011166429612785578
original,heat,B2,37,B2_s37,1,1000,3000,not_applicable,validation_action_mse,0.0010297263075482732
original,heat,B2,37,B2_s37,1,1500,3000,not_applicable,train_action_mse,0.0012534561101347208
original,heat,B2,37,B2_s37,1,1500,3000,not_applicable,validation_action_mse,0.00101712573176016
original,heat,B2,37,B2_s37,1,2000,3000,not_applicable,train_action_mse,0.0013798444997519255
original,heat,B2,37,B2_s37,1,2000,3000,not_applicable,validation_action_mse,0.0010020151729213111
original,heat,B2,37,B2_s37,1,2500,3000,not_applicable,train_action_mse,0.0010908099357038736
original,heat,B2,37,B2_s37,1,2500,3000,not_applicable,validation_action_mse,0.0009891559260974958
original,heat,B2,37,B2_s37,1,3000,3000,not_applicable,train_action_mse,0.0012309867888689041
original,heat,B2,37,B2_s37,1,3000,3000,not_applicable,validation_action_mse,0.0009849629617626476
original,heat,B3,11,B3_s11,1,500,500,not_applicable,train_objective,0.16381965577602386
original,heat,B3,11,B3_s11,1,500,500,not_applicable,train_bc_loss,0.0005715719889849424
original,heat,B3,11,B3_s11,1,500,500,not_applicable,validation_surrogate_cost_mean,0.30107591798878275
original,heat,B3,11,B3_s11,1,500,500,not_applicable,validation_teacher_action_mse,0.0009596110089564736
original,heat,B3,11,B3_s11,1,500,500,not_applicable,selection_score,0.3011718790896784
original,heat,B3,11,B3_s11,1,1000,500,not_applicable,train_objective,0.025576243177056313
original,heat,B3,11,B3_s11,1,1000,500,not_applicable,train_bc_loss,0.0012979302555322647
original,heat,B3,11,B3_s11,1,1000,500,not_applicable,validation_surrogate_cost_mean,0.3010795421432704
original,heat,B3,11,B3_s11,1,1000,500,not_applicable,validation_teacher_action_mse,0.0009562428066252071
original,heat,B3,11,B3_s11,1,1000,500,not_applicable,selection_score,0.3011751664239329
original,heat,B3,23,B3_s23,1,500,1000,not_applicable,train_objective,0.03430541977286339
original,heat,B3,23,B3_s23,1,500,1000,not_applicable,train_bc_loss,0.00010077398474095389
original,heat,B3,23,B3_s23,1,500,1000,not_applicable,validation_surrogate_cost_mean,0.3011587554356083
original,heat,B3,23,B3_s23,1,500,1000,not_applicable,validation_teacher_action_mse,0.0009305371757166725
original,heat,B3,23,B3_s23,1,500,1000,not_applicable,selection_score,0.30125180915318
original,heat,B3,23,B3_s23,1,1000,1000,not_applicable,train_objective,0.023178281262516975
original,heat,B3,23,B3_s23,1,1000,1000,not_applicable,train_bc_loss,0.00027173315174877644
original,heat,B3,23,B3_s23,1,1000,1000,not_applicable,validation_surrogate_cost_mean,0.3011454131046776
original,heat,B3,23,B3_s23,1,1000,1000,not_applicable,validation_teacher_action_mse,0.0009178298516245853
original,heat,B3,23,B3_s23,1,1000,1000,not_applicable,selection_score,0.30123719608984
original,heat,B3,37,B3_s37,1,500,500,not_applicable,train_objective,0.07430855929851532
original,heat,B3,37,B3_s37,1,500,500,not_applicable,train_bc_loss,0.0017916209762915969
original,heat,B3,37,B3_s37,1,500,500,not_applicable,validation_surrogate_cost_mean,0.3012855703418609
original,heat,B3,37,B3_s37,1,500,500,not_applicable,validation_teacher_action_mse,0.0010023021075991068
original,heat,B3,37,B3_s37,1,500,500,not_applicable,selection_score,0.30138580055262076
original,heat,B3,37,B3_s37,1,1000,500,not_applicable,train_objective,0.23669777810573578
original,heat,B3,37,B3_s37,1,1000,500,not_applicable,train_bc_loss,0.00030436296947300434
original,heat,B3,37,B3_s37,1,1000,500,not_applicable,validation_surrogate_cost_mean,0.30130047982675023
original,heat,B3,37,B3_s37,1,1000,500,not_applicable,validation_teacher_action_mse,0.0009740068050203554
original,heat,B3,37,B3_s37,1,1000,500,not_applicable,selection_score,0.30139788050725225
original,heat,B4,11,B4_s11,1,500,5000,field,train_loss,0.002078129444271326
original,heat,B4,11,B4_s11,1,500,5000,field,train_field_loss,0.0004715695686172694
original,heat,B4,11,B4_s11,1,500,5000,field,train_initial_field_loss,0.0002987608313560486
original,heat,B4,11,B4_s11,1,500,5000,field,train_sensor_consistency_loss,0.0013077990151941776
original,heat,B4,11,B4_s11,1,500,5000,field,train_bc_diagnostic_loss,0.0
original,heat,B4,11,B4_s11,1,500,5000,field,train_physics_loss,0.0
original,heat,B4,11,B4_s11,1,500,5000,field,train_balance_loss,0.0
original,heat,B4,11,B4_s11,1,500,5000,field,train_rank_loss,0.0
original,heat,B4,11,B4_s11,1,500,5000,field,validation_field_nrmse,0.10132987052202225
original,heat,B4,11,B4_s11,1,500,5000,field,validation_normalized_teacher_regret_mean,0.0003811552380010852
original,heat,B4,11,B4_s11,1,500,5000,field,validation_teacher_best_agreement,0.875
original,heat,B4,11,B4_s11,1,500,5000,field,selection_score,0.050855512880011666
original,heat,B4,11,B4_s11,1,1000,5000,field,train_loss,0.0025857524015009403
original,heat,B4,11,B4_s11,1,1000,5000,field,train_field_loss,0.0009821690618991852
original,heat,B4,11,B4_s11,1,1000,5000,field,train_initial_field_loss,0.00034308197791688144
original,heat,B4,11,B4_s11,1,1000,5000,field,train_sensor_consistency_loss,0.0012605012161657214
original,heat,B4,11,B4_s11,1,1000,5000,field,train_bc_diagnostic_loss,0.0
original,heat,B4,11,B4_s11,1,1000,5000,field,train_physics_loss,0.0
original,heat,B4,11,B4_s11,1,1000,5000,field,train_balance_loss,0.0
original,heat,B4,11,B4_s11,1,1000,5000,field,train_rank_loss,0.0
original,heat,B4,11,B4_s11,1,1000,5000,field,validation_field_nrmse,0.09878803789615631
original,heat,B4,11,B4_s11,1,1000,5000,field,validation_normalized_teacher_regret_mean,4.320913164512774e-05
original,heat,B4,11,B4_s11,1,1000,5000,field,validation_teacher_best_agreement,0.9375
original,heat,B4,11,B4_s11,1,1000,5000,field,selection_score,0.04941562351390072
original,heat,B4,11,B4_s11,1,1500,5000,field,train_loss,0.00241981353610754
original,heat,B4,11,B4_s11,1,1500,5000,field,train_field_loss,0.0006748068844899535
original,heat,B4,11,B4_s11,1,1500,5000,field,train_initial_field_loss,0.0003764899156522006
original,heat,B4,11,B4_s11,1,1500,5000,field,train_sensor_consistency_loss,0.0013685165904462337
original,heat,B4,11,B4_s11,1,1500,5000,field,train_bc_diagnostic_loss,0.0
original,heat,B4,11,B4_s11,1,1500,5000,field,train_physics_loss,0.0
original,heat,B4,11,B4_s11,1,1500,5000,field,train_balance_loss,0.0
original,heat,B4,11,B4_s11,1,1500,5000,field,train_rank_loss,0.0
original,heat,B4,11,B4_s11,1,1500,5000,field,validation_field_nrmse,0.09591261297464371
original,heat,B4,11,B4_s11,1,1500,5000,field,validation_normalized_teacher_regret_mean,6.953464708203683e-05
original,heat,B4,11,B4_s11,1,1500,5000,field,validation_teacher_best_agreement,0.9375
original,heat,B4,11,B4_s11,1,1500,5000,field,selection_score,0.04799107381086287
original,heat,B4,11,B4_s11,1,2000,5000,field,train_loss,0.002574855461716652
original,heat,B4,11,B4_s11,1,2000,5000,field,train_field_loss,0.0008319903863593936
original,heat,B4,11,B4_s11,1,2000,5000,field,train_initial_field_loss,0.00036082026781514287
original,heat,B4,11,B4_s11,1,2000,5000,field,train_sensor_consistency_loss,0.0013820447493344545
original,heat,B4,11,B4_s11,1,2000,5000,field,train_bc_diagnostic_loss,0.0
original,heat,B4,11,B4_s11,1,2000,5000,field,train_physics_loss,0.0
original,heat,B4,11,B4_s11,1,2000,5000,field,train_balance_loss,0.0
original,heat,B4,11,B4_s11,1,2000,5000,field,train_rank_loss,0.0
original,heat,B4,11,B4_s11,1,2000,5000,field,validation_field_nrmse,0.08968742936849594
original,heat,B4,11,B4_s11,1,2000,5000,field,validation_normalized_teacher_regret_mean,0.00015869478026608874
original,heat,B4,11,B4_s11,1,2000,5000,field,validation_teacher_best_agreement,0.96875
original,heat,B4,11,B4_s11,1,2000,5000,field,selection_score,0.044923062074381015
original,heat,B4,11,B4_s11,1,2500,5000,physics_ranking,train_loss,0.0024081880692392588
original,heat,B4,11,B4_s11,1,2500,5000,physics_ranking,train_field_loss,0.0006015146500431001
original,heat,B4,11,B4_s11,1,2500,5000,physics_ranking,train_initial_field_loss,0.0004169351595919579
original,heat,B4,11,B4_s11,1,2500,5000,physics_ranking,train_sensor_consistency_loss,0.0013854573480784893
original,heat,B4,11,B4_s11,1,2500,5000,physics_ranking,train_bc_diagnostic_loss,0.0
original,heat,B4,11,B4_s11,1,2500,5000,physics_ranking,train_physics_loss,7.399618425552035e-06
original,heat,B4,11,B4_s11,1,2500,5000,physics_ranking,train_balance_loss,4.1221948521297236e-08
original,heat,B4,11,B4_s11,1,2500,5000,physics_ranking,train_rank_loss,4.218867979943752e-05
original,heat,B4,11,B4_s11,1,2500,5000,physics_ranking,validation_field_nrmse,0.08869750052690506
original,heat,B4,11,B4_s11,1,2500,5000,physics_ranking,validation_normalized_teacher_regret_mean,4.3950833060080186e-05
original,heat,B4,11,B4_s11,1,2500,5000,physics_ranking,validation_teacher_best_agreement,0.96875
original,heat,B4,11,B4_s11,1,2500,5000,physics_ranking,selection_score,0.04437072567998257
original,heat,B4,11,B4_s11,1,3000,5000,physics_ranking,train_loss,0.002243265276774764
original,heat,B4,11,B4_s11,1,3000,5000,physics_ranking,train_field_loss,0.0005332273431122303
original,heat,B4,11,B4_s11,1,3000,5000,physics_ranking,train_initial_field_loss,0.0003798658144660294
original,heat,B4,11,B4_s11,1,3000,5000,physics_ranking,train_sensor_consistency_loss,0.0013245339505374432
original,heat,B4,11,B4_s11,1,3000,5000,physics_ranking,train_bc_diagnostic_loss,0.0
original,heat,B4,11,B4_s11,1,3000,5000,physics_ranking,train_physics_loss,6.526237029902404e-06
original,heat,B4,11,B4_s11,1,3000,5000,physics_ranking,train_balance_loss,1.235944040445247e-07
original,heat,B4,11,B4_s11,1,3000,5000,physics_ranking,train_rank_loss,5.571544170379639e-05
original,heat,B4,11,B4_s11,1,3000,5000,physics_ranking,validation_field_nrmse,0.08702006936073303
original,heat,B4,11,B4_s11,1,3000,5000,physics_ranking,validation_normalized_teacher_regret_mean,6.150559784146026e-05
original,heat,B4,11,B4_s11,1,3000,5000,physics_ranking,validation_teacher_best_agreement,0.953125
original,heat,B4,11,B4_s11,1,3000,5000,physics_ranking,selection_score,0.043540787479287246
original,heat,B4,11,B4_s11,1,3500,5000,physics_ranking,train_loss,0.002015006495639682
original,heat,B4,11,B4_s11,1,3500,5000,physics_ranking,train_field_loss,0.00037580408388748765
original,heat,B4,11,B4_s11,1,3500,5000,physics_ranking,train_initial_field_loss,0.0003396571846678853
original,heat,B4,11,B4_s11,1,3500,5000,physics_ranking,train_sensor_consistency_loss,0.0012905439361929893
original,heat,B4,11,B4_s11,1,3500,5000,physics_ranking,train_bc_diagnostic_loss,0.0
original,heat,B4,11,B4_s11,1,3500,5000,physics_ranking,train_physics_loss,4.616476871888153e-06
original,heat,B4,11,B4_s11,1,3500,5000,physics_ranking,train_balance_loss,2.0607073736300663e-07
original,heat,B4,11,B4_s11,1,3500,5000,physics_ranking,train_rank_loss,8.953013457357883e-05
original,heat,B4,11,B4_s11,1,3500,5000,physics_ranking,validation_field_nrmse,0.08553319424390793
original,heat,B4,11,B4_s11,1,3500,5000,physics_ranking,validation_normalized_teacher_regret_mean,5.028362147641019e-05
original,heat,B4,11,B4_s11,1,3500,5000,physics_ranking,validation_teacher_best_agreement,0.953125
original,heat,B4,11,B4_s11,1,3500,5000,physics_ranking,selection_score,0.04279173893269217
original,heat,B4,11,B4_s11,1,4000,5000,physics_ranking,train_loss,0.00222589704208076
original,heat,B4,11,B4_s11,1,4000,5000,physics_ranking,train_field_loss,0.0004993989714421332
original,heat,B4,11,B4_s11,1,4000,5000,physics_ranking,train_initial_field_loss,0.00035586379817686975
original,heat,B4,11,B4_s11,1,4000,5000,physics_ranking,train_sensor_consistency_loss,0.0013694220688194036
original,heat,B4,11,B4_s11,1,4000,5000,physics_ranking,train_bc_diagnostic_loss,0.0
original,heat,B4,11,B4_s11,1,4000,5000,physics_ranking,train_physics_loss,7.574142273369944e-06
original,heat,B4,11,B4_s11,1,4000,5000,physics_ranking,train_balance_loss,1.8711278926275554e-07
original,heat,B4,11,B4_s11,1,4000,5000,physics_ranking,train_rank_loss,1.1346768587827682e-05
original,heat,B4,11,B4_s11,1,4000,5000,physics_ranking,validation_field_nrmse,0.08395238220691681
original,heat,B4,11,B4_s11,1,4000,5000,physics_ranking,validation_normalized_teacher_regret_mean,4.0633083699503914e-05
original,heat,B4,11,B4_s11,1,4000,5000,physics_ranking,validation_teacher_best_agreement,0.984375
original,heat,B4,11,B4_s11,1,4000,5000,physics_ranking,selection_score,0.041996507645308156
original,heat,B4,11,B4_s11,1,4500,5000,physics_ranking,train_loss,0.002224304247647524
original,heat,B4,11,B4_s11,1,4500,5000,physics_ranking,train_field_loss,0.0005930978804826736
original,heat,B4,11,B4_s11,1,4500,5000,physics_ranking,train_initial_field_loss,0.00032932579051703215
original,heat,B4,11,B4_s11,1,4500,5000,physics_ranking,train_sensor_consistency_loss,0.001299553201533854
original,heat,B4,11,B4_s11,1,4500,5000,physics_ranking,train_bc_diagnostic_loss,0.0
original,heat,B4,11,B4_s11,1,4500,5000,physics_ranking,train_physics_loss,7.042618108243914e-06
original,heat,B4,11,B4_s11,1,4500,5000,physics_ranking,train_balance_loss,1.2451472741759062e-07
original,heat,B4,11,B4_s11,1,4500,5000,physics_ranking,train_rank_loss,2.255546860396862e-05
original,heat,B4,11,B4_s11,1,4500,5000,physics_ranking,validation_field_nrmse,0.08350247889757156
original,heat,B4,11,B4_s11,1,4500,5000,physics_ranking,validation_normalized_teacher_regret_mean,5.0669546453718795e-05
original,heat,B4,11,B4_s11,1,4500,5000,physics_ranking,validation_teacher_best_agreement,0.953125
original,heat,B4,11,B4_s11,1,4500,5000,physics_ranking,selection_score,0.04177657422201264
original,heat,B4,11,B4_s11,1,5000,5000,physics_ranking,train_loss,0.0022910090629011393
original,heat,B4,11,B4_s11,1,5000,5000,physics_ranking,train_field_loss,0.00044342988985590637
original,heat,B4,11,B4_s11,1,5000,5000,physics_ranking,train_initial_field_loss,0.0003974844003096223
original,heat,B4,11,B4_s11,1,5000,5000,physics_ranking,train_sensor_consistency_loss,0.001449039438739419
original,heat,B4,11,B4_s11,1,5000,5000,physics_ranking,train_bc_diagnostic_loss,0.0
original,heat,B4,11,B4_s11,1,5000,5000,physics_ranking,train_physics_loss,4.9302525439998135e-06
original,heat,B4,11,B4_s11,1,5000,5000,physics_ranking,train_balance_loss,1.563596612186302e-07
original,heat,B4,11,B4_s11,1,5000,5000,physics_ranking,train_rank_loss,1.004640944302082e-05
original,heat,B4,11,B4_s11,1,5000,5000,physics_ranking,validation_field_nrmse,0.08341123908758163
original,heat,B4,11,B4_s11,1,5000,5000,physics_ranking,validation_normalized_teacher_regret_mean,5.0669546453718795e-05
original,heat,B4,11,B4_s11,1,5000,5000,physics_ranking,validation_teacher_best_agreement,0.953125
original,heat,B4,11,B4_s11,1,5000,5000,physics_ranking,selection_score,0.04173095431701768
original,heat,B4,23,B4_s23,1,500,5000,field,train_loss,0.0022454618010669947
original,heat,B4,23,B4_s23,1,500,5000,field,train_field_loss,0.0005759932682849467
original,heat,B4,23,B4_s23,1,500,5000,field,train_initial_field_loss,0.000336665369104594
original,heat,B4,23,B4_s23,1,500,5000,field,train_sensor_consistency_loss,0.001332803163677454
original,heat,B4,23,B4_s23,1,500,5000,field,train_bc_diagnostic_loss,0.0
original,heat,B4,23,B4_s23,1,500,5000,field,train_physics_loss,0.0
original,heat,B4,23,B4_s23,1,500,5000,field,train_balance_loss,0.0
original,heat,B4,23,B4_s23,1,500,5000,field,train_rank_loss,0.0
original,heat,B4,23,B4_s23,1,500,5000,field,validation_field_nrmse,0.09950292110443115
original,heat,B4,23,B4_s23,1,500,5000,field,validation_normalized_teacher_regret_mean,0.00025576096595614217
original,heat,B4,23,B4_s23,1,500,5000,field,validation_teacher_best_agreement,0.9375
original,heat,B4,23,B4_s23,1,500,5000,field,selection_score,0.04987934103519365
original,heat,B4,23,B4_s23,1,1000,5000,field,train_loss,0.002915255958214402
original,heat,B4,23,B4_s23,1,1000,5000,field,train_field_loss,0.0009726340067572892
original,heat,B4,23,B4_s23,1,1000,5000,field,train_initial_field_loss,0.00041222709114663303
original,heat,B4,23,B4_s23,1,1000,5000,field,train_sensor_consistency_loss,0.0015303947729989886
original,heat,B4,23,B4_s23,1,1000,5000,field,train_bc_diagnostic_loss,0.0
original,heat,B4,23,B4_s23,1,1000,5000,field,train_physics_loss,0.0
original,heat,B4,23,B4_s23,1,1000,5000,field,train_balance_loss,0.0
original,heat,B4,23,B4_s23,1,1000,5000,field,train_rank_loss,0.0
original,heat,B4,23,B4_s23,1,1000,5000,field,validation_field_nrmse,0.09892618656158447
original,heat,B4,23,B4_s23,1,1000,5000,field,validation_normalized_teacher_regret_mean,3.949822136739556e-05
original,heat,B4,23,B4_s23,1,1000,5000,field,validation_teacher_best_agreement,0.9375
original,heat,B4,23,B4_s23,1,1000,5000,field,selection_score,0.049482842391475934
original,heat,B4,23,B4_s23,1,1500,5000,field,train_loss,0.0022761309519410133
original,heat,B4,23,B4_s23,1,1500,5000,field,train_field_loss,0.0005768181872554123
original,heat,B4,23,B4_s23,1,1500,5000,field,train_initial_field_loss,0.0003528687229845673
original,heat,B4,23,B4_s23,1,1500,5000,field,train_sensor_consistency_loss,0.0013464440125972033
original,heat,B4,23,B4_s23,1,1500,5000,field,train_bc_diagnostic_loss,0.0
original,heat,B4,23,B4_s23,1,1500,5000,field,train_physics_loss,0.0
original,heat,B4,23,B4_s23,1,1500,5000,field,train_balance_loss,0.0
original,heat,B4,23,B4_s23,1,1500,5000,field,train_rank_loss,0.0
original,heat,B4,23,B4_s23,1,1500,5000,field,validation_field_nrmse,0.09662999957799911
original,heat,B4,23,B4_s23,1,1500,5000,field,validation_normalized_teacher_regret_mean,0.0002896126244831265
original,heat,B4,23,B4_s23,1,1500,5000,field,validation_teacher_best_agreement,0.875
original,heat,B4,23,B4_s23,1,1500,5000,field,selection_score,0.04845980610124112
original,heat,B4,23,B4_s23,1,2000,5000,field,train_loss,0.0027810002211481333
original,heat,B4,23,B4_s23,1,2000,5000,field,train_field_loss,0.0006504209595732391
original,heat,B4,23,B4_s23,1,2000,5000,field,train_initial_field_loss,0.0005222639301791787
original,heat,B4,23,B4_s23,1,2000,5000,field,train_sensor_consistency_loss,0.0016083153896033764
original,heat,B4,23,B4_s23,1,2000,5000,field,train_bc_diagnostic_loss,0.0
original,heat,B4,23,B4_s23,1,2000,5000,field,train_physics_loss,0.0
original,heat,B4,23,B4_s23,1,2000,5000,field,train_balance_loss,0.0
original,heat,B4,23,B4_s23,1,2000,5000,field,train_rank_loss,0.0
original,heat,B4,23,B4_s23,1,2000,5000,field,validation_field_nrmse,0.08998940140008926
original,heat,B4,23,B4_s23,1,2000,5000,field,validation_normalized_teacher_regret_mean,5.994742605253123e-05
original,heat,B4,23,B4_s23,1,2000,5000,field,validation_teacher_best_agreement,0.96875
original,heat,B4,23,B4_s23,1,2000,5000,field,selection_score,0.0450246744130709
original,heat,B4,23,B4_s23,1,2500,5000,physics_ranking,train_loss,0.0024019968695938587
original,heat,B4,23,B4_s23,1,2500,5000,physics_ranking,train_field_loss,0.0006592238787561655
original,heat,B4,23,B4_s23,1,2500,5000,physics_ranking,train_initial_field_loss,0.000465457298560068
original,heat,B4,23,B4_s23,1,2500,5000,physics_ranking,train_sensor_consistency_loss,0.0012683046516031027
original,heat,B4,23,B4_s23,1,2500,5000,physics_ranking,train_bc_diagnostic_loss,0.0
original,heat,B4,23,B4_s23,1,2500,5000,physics_ranking,train_physics_loss,5.470616088132374e-06
original,heat,B4,23,B4_s23,1,2500,5000,physics_ranking,train_balance_loss,6.49576250566497e-08
original,heat,B4,23,B4_s23,1,2500,5000,physics_ranking,train_rank_loss,8.964934386312962e-05
original,heat,B4,23,B4_s23,1,2500,5000,physics_ranking,validation_field_nrmse,0.08851597458124161
original,heat,B4,23,B4_s23,1,2500,5000,physics_ranking,validation_normalized_teacher_regret_mean,7.236094390350445e-09
original,heat,B4,23,B4_s23,1,2500,5000,physics_ranking,validation_teacher_best_agreement,0.984375
original,heat,B4,23,B4_s23,1,2500,5000,physics_ranking,selection_score,0.044257990908668
original,heat,B4,23,B4_s23,1,3000,5000,physics_ranking,train_loss,0.0024399596732109785
original,heat,B4,23,B4_s23,1,3000,5000,physics_ranking,train_field_loss,0.00052918482106179
original,heat,B4,23,B4_s23,1,3000,5000,physics_ranking,train_initial_field_loss,0.0004963458632119
original,heat,B4,23,B4_s23,1,3000,5000,physics_ranking,train_sensor_consistency_loss,0.0014104117872193456
original,heat,B4,23,B4_s23,1,3000,5000,physics_ranking,train_bc_diagnostic_loss,0.0
original,heat,B4,23,B4_s23,1,3000,5000,physics_ranking,train_physics_loss,5.206210516917054e-06
original,heat,B4,23,B4_s23,1,3000,5000,physics_ranking,train_balance_loss,1.3440113377782836e-07
original,heat,B4,23,B4_s23,1,3000,5000,physics_ranking,train_rank_loss,3.96376708522439e-05
original,heat,B4,23,B4_s23,1,3000,5000,physics_ranking,validation_field_nrmse,0.08695195615291595
original,heat,B4,23,B4_s23,1,3000,5000,physics_ranking,validation_normalized_teacher_regret_mean,1.6038199801116093e-05
original,heat,B4,23,B4_s23,1,3000,5000,physics_ranking,validation_teacher_best_agreement,0.9375
original,heat,B4,23,B4_s23,1,3000,5000,physics_ranking,selection_score,0.043483997176358535
original,heat,B4,23,B4_s23,1,3500,5000,physics_ranking,train_loss,0.002444031648337841
original,heat,B4,23,B4_s23,1,3500,5000,physics_ranking,train_field_loss,0.0006250512087717652
original,heat,B4,23,B4_s23,1,3500,5000,physics_ranking,train_initial_field_loss,0.000459841889096424
original,heat,B4,23,B4_s23,1,3500,5000,physics_ranking,train_sensor_consistency_loss,0.001357066910713911
original,heat,B4,23,B4_s23,1,3500,5000,physics_ranking,train_bc_diagnostic_loss,0.0
original,heat,B4,23,B4_s23,1,3500,5000,physics_ranking,train_physics_loss,8.32733257993823e-06
original,heat,B4,23,B4_s23,1,3500,5000,physics_ranking,train_balance_loss,1.999274701347531e-07
original,heat,B4,23,B4_s23,1,3500,5000,physics_ranking,train_rank_loss,1.986580900847912e-05
original,heat,B4,23,B4_s23,1,3500,5000,physics_ranking,validation_field_nrmse,0.08515359461307526
original,heat,B4,23,B4_s23,1,3500,5000,physics_ranking,validation_normalized_teacher_regret_mean,3.7109104322752273e-06
original,heat,B4,23,B4_s23,1,3500,5000,physics_ranking,validation_teacher_best_agreement,0.96875
original,heat,B4,23,B4_s23,1,3500,5000,physics_ranking,selection_score,0.042578652761753766
original,heat,B4,23,B4_s23,1,4000,5000,physics_ranking,train_loss,0.002189233899116516
original,heat,B4,23,B4_s23,1,4000,5000,physics_ranking,train_field_loss,0.0005022092955186963
original,heat,B4,23,B4_s23,1,4000,5000,physics_ranking,train_initial_field_loss,0.00037742816493846476
original,heat,B4,23,B4_s23,1,4000,5000,physics_ranking,train_sensor_consistency_loss,0.0013076715404167771
original,heat,B4,23,B4_s23,1,4000,5000,physics_ranking,train_bc_diagnostic_loss,0.0
original,heat,B4,23,B4_s23,1,4000,5000,physics_ranking,train_physics_loss,7.440348326781532e-06
original,heat,B4,23,B4_s23,1,4000,5000,physics_ranking,train_balance_loss,1.4803681835928728e-07
original,heat,B4,23,B4_s23,1,4000,5000,physics_ranking,train_rank_loss,1.8490361981093884e-05
original,heat,B4,23,B4_s23,1,4000,5000,physics_ranking,validation_field_nrmse,0.08444295078516006
original,heat,B4,23,B4_s23,1,4000,5000,physics_ranking,validation_normalized_teacher_regret_mean,3.7109104322752273e-06
original,heat,B4,23,B4_s23,1,4000,5000,physics_ranking,validation_teacher_best_agreement,0.96875
original,heat,B4,23,B4_s23,1,4000,5000,physics_ranking,selection_score,0.04222333084779617
original,heat,B4,23,B4_s23,1,4500,5000,physics_ranking,train_loss,0.0026992829516530037
original,heat,B4,23,B4_s23,1,4500,5000,physics_ranking,train_field_loss,0.0006430167704820633
original,heat,B4,23,B4_s23,1,4500,5000,physics_ranking,train_initial_field_loss,0.0005832909955643117
original,heat,B4,23,B4_s23,1,4500,5000,physics_ranking,train_sensor_consistency_loss,0.0014712591655552387
original,heat,B4,23,B4_s23,1,4500,5000,physics_ranking,train_bc_diagnostic_loss,0.0
original,heat,B4,23,B4_s23,1,4500,5000,physics_ranking,train_physics_loss,8.417338904109783e-06
original,heat,B4,23,B4_s23,1,4500,5000,physics_ranking,train_balance_loss,1.2017309813927568e-07
original,heat,B4,23,B4_s23,1,4500,5000,physics_ranking,train_rank_loss,1.6304664313793182e-05
original,heat,B4,23,B4_s23,1,4500,5000,physics_ranking,validation_field_nrmse,0.08417550474405289
original,heat,B4,23,B4_s23,1,4500,5000,physics_ranking,validation_normalized_teacher_regret_mean,7.236094390350445e-09
original,heat,B4,23,B4_s23,1,4500,5000,physics_ranking,validation_teacher_best_agreement,0.984375
original,heat,B4,23,B4_s23,1,4500,5000,physics_ranking,selection_score,0.04208775599007364
original,heat,B4,23,B4_s23,1,5000,5000,physics_ranking,train_loss,0.003002513200044632
original,heat,B4,23,B4_s23,1,5000,5000,physics_ranking,train_field_loss,0.0007493915036320686
original,heat,B4,23,B4_s23,1,5000,5000,physics_ranking,train_initial_field_loss,0.0006672231829725206
original,heat,B4,23,B4_s23,1,5000,5000,physics_ranking,train_sensor_consistency_loss,0.001584795885719359
original,heat,B4,23,B4_s23,1,5000,5000,physics_ranking,train_bc_diagnostic_loss,0.0
original,heat,B4,23,B4_s23,1,5000,5000,physics_ranking,train_physics_loss,1.139107916969806e-05
original,heat,B4,23,B4_s23,1,5000,5000,physics_ranking,train_balance_loss,2.086873251982979e-07
original,heat,B4,23,B4_s23,1,5000,5000,physics_ranking,train_rank_loss,9.867711924016476e-06
original,heat,B4,23,B4_s23,1,5000,5000,physics_ranking,validation_field_nrmse,0.08417071402072906
original,heat,B4,23,B4_s23,1,5000,5000,physics_ranking,validation_normalized_teacher_regret_mean,0.0
original,heat,B4,23,B4_s23,1,5000,5000,physics_ranking,validation_teacher_best_agreement,1.0
original,heat,B4,23,B4_s23,1,5000,5000,physics_ranking,selection_score,0.04208535701036453
original,heat,B4,37,B4_s37,1,500,5000,field,train_loss,0.0027759873773902655
original,heat,B4,37,B4_s37,1,500,5000,field,train_field_loss,0.0007983355317264795
original,heat,B4,37,B4_s37,1,500,5000,field,train_initial_field_loss,0.0005439910455606878
original,heat,B4,37,B4_s37,1,500,5000,field,train_sensor_consistency_loss,0.0014336607418954372
original,heat,B4,37,B4_s37,1,500,5000,field,train_bc_diagnostic_loss,0.0
original,heat,B4,37,B4_s37,1,500,5000,field,train_physics_loss,0.0
original,heat,B4,37,B4_s37,1,500,5000,field,train_balance_loss,0.0
original,heat,B4,37,B4_s37,1,500,5000,field,train_rank_loss,0.0
original,heat,B4,37,B4_s37,1,500,5000,field,validation_field_nrmse,0.10158951580524445
original,heat,B4,37,B4_s37,1,500,5000,field,validation_normalized_teacher_regret_mean,0.00047847347256713135
original,heat,B4,37,B4_s37,1,500,5000,field,validation_teacher_best_agreement,0.84375
original,heat,B4,37,B4_s37,1,500,5000,field,selection_score,0.05103399463890579
original,heat,B4,37,B4_s37,1,1000,5000,field,train_loss,0.00257757306098938
original,heat,B4,37,B4_s37,1,1000,5000,field,train_field_loss,0.0009844365995377302
original,heat,B4,37,B4_s37,1,1000,5000,field,train_initial_field_loss,0.00032632387592457235
original,heat,B4,37,B4_s37,1,1000,5000,field,train_sensor_consistency_loss,0.001266812440007925
original,heat,B4,37,B4_s37,1,1000,5000,field,train_bc_diagnostic_loss,0.0
original,heat,B4,37,B4_s37,1,1000,5000,field,train_physics_loss,0.0
original,heat,B4,37,B4_s37,1,1000,5000,field,train_balance_loss,0.0
original,heat,B4,37,B4_s37,1,1000,5000,field,train_rank_loss,0.0
original,heat,B4,37,B4_s37,1,1000,5000,field,validation_field_nrmse,0.09895069897174835
original,heat,B4,37,B4_s37,1,1000,5000,field,validation_normalized_teacher_regret_mean,1.7562000875770423e-05
original,heat,B4,37,B4_s37,1,1000,5000,field,validation_teacher_best_agreement,0.96875
original,heat,B4,37,B4_s37,1,1000,5000,field,selection_score,0.04948413048631206
original,heat,B4,37,B4_s37,1,1500,5000,field,train_loss,0.002403444377705455
original,heat,B4,37,B4_s37,1,1500,5000,field,train_field_loss,0.0007065070094540715
original,heat,B4,37,B4_s37,1,1500,5000,field,train_initial_field_loss,0.00035860156640410423
original,heat,B4,37,B4_s37,1,1500,5000,field,train_sensor_consistency_loss,0.001338335801847279
original,heat,B4,37,B4_s37,1,1500,5000,field,train_bc_diagnostic_loss,0.0
original,heat,B4,37,B4_s37,1,1500,5000,field,train_physics_loss,0.0
original,heat,B4,37,B4_s37,1,1500,5000,field,train_balance_loss,0.0
original,heat,B4,37,B4_s37,1,1500,5000,field,train_rank_loss,0.0
original,heat,B4,37,B4_s37,1,1500,5000,field,validation_field_nrmse,0.09727992117404938
original,heat,B4,37,B4_s37,1,1500,5000,field,validation_normalized_teacher_regret_mean,1.7562000875770423e-05
original,heat,B4,37,B4_s37,1,1500,5000,field,validation_teacher_best_agreement,0.96875
original,heat,B4,37,B4_s37,1,1500,5000,field,selection_score,0.048648741587462574
original,heat,B4,37,B4_s37,1,2000,5000,field,train_loss,0.002119302749633789
original,heat,B4,37,B4_s37,1,2000,5000,field,train_field_loss,0.0005028395680710673
original,heat,B4,37,B4_s37,1,2000,5000,field,train_initial_field_loss,0.0003095993888564408
original,heat,B4,37,B4_s37,1,2000,5000,field,train_sensor_consistency_loss,0.0013068639673292637
original,heat,B4,37,B4_s37,1,2000,5000,field,train_bc_diagnostic_loss,0.0
original,heat,B4,37,B4_s37,1,2000,5000,field,train_physics_loss,0.0
original,heat,B4,37,B4_s37,1,2000,5000,field,train_balance_loss,0.0
original,heat,B4,37,B4_s37,1,2000,5000,field,train_rank_loss,0.0
original,heat,B4,37,B4_s37,1,2000,5000,field,validation_field_nrmse,0.08930753916501999
original,heat,B4,37,B4_s37,1,2000,5000,field,validation_normalized_teacher_regret_mean,0.00021860059769096551
original,heat,B4,37,B4_s37,1,2000,5000,field,validation_teacher_best_agreement,0.921875
original,heat,B4,37,B4_s37,1,2000,5000,field,selection_score,0.04476306988135548
original,heat,B4,37,B4_s37,1,2500,5000,physics_ranking,train_loss,0.0019335246179252863
original,heat,B4,37,B4_s37,1,2500,5000,physics_ranking,train_field_loss,0.00041623503784649074
original,heat,B4,37,B4_s37,1,2500,5000,physics_ranking,train_initial_field_loss,0.0002553008671384305
original,heat,B4,37,B4_s37,1,2500,5000,physics_ranking,train_sensor_consistency_loss,0.001251448760740459
original,heat,B4,37,B4_s37,1,2500,5000,physics_ranking,train_bc_diagnostic_loss,0.0
original,heat,B4,37,B4_s37,1,2500,5000,physics_ranking,train_physics_loss,4.297012310416903e-06
original,heat,B4,37,B4_s37,1,2500,5000,physics_ranking,train_balance_loss,7.888113628951032e-08
original,heat,B4,37,B4_s37,1,2500,5000,physics_ranking,train_rank_loss,0.00010503502562642097
original,heat,B4,37,B4_s37,1,2500,5000,physics_ranking,validation_field_nrmse,0.08957085758447647
original,heat,B4,37,B4_s37,1,2500,5000,physics_ranking,validation_normalized_teacher_regret_mean,0.00028959934586048064
original,heat,B4,37,B4_s37,1,2500,5000,physics_ranking,validation_teacher_best_agreement,0.859375
original,heat,B4,37,B4_s37,1,2500,5000,physics_ranking,selection_score,0.044930228465168476
original,heat,B4,37,B4_s37,1,3000,5000,physics_ranking,train_loss,0.0021239565685391426
original,heat,B4,37,B4_s37,1,3000,5000,physics_ranking,train_field_loss,0.0004687551409006119
original,heat,B4,37,B4_s37,1,3000,5000,physics_ranking,train_initial_field_loss,0.00034194154432043433
original,heat,B4,37,B4_s37,1,3000,5000,physics_ranking,train_sensor_consistency_loss,0.0013083235826343298
original,heat,B4,37,B4_s37,1,3000,5000,physics_ranking,train_bc_diagnostic_loss,0.0
original,heat,B4,37,B4_s37,1,3000,5000,physics_ranking,train_physics_loss,5.982488801237196e-06
original,heat,B4,37,B4_s37,1,3000,5000,physics_ranking,train_balance_loss,7.536189627899148e-08
original,heat,B4,37,B4_s37,1,3000,5000,physics_ranking,train_rank_loss,4.875625018030405e-05
original,heat,B4,37,B4_s37,1,3000,5000,physics_ranking,validation_field_nrmse,0.08558102697134018
original,heat,B4,37,B4_s37,1,3000,5000,physics_ranking,validation_normalized_teacher_regret_mean,7.236094390350445e-09
original,heat,B4,37,B4_s37,1,3000,5000,physics_ranking,validation_teacher_best_agreement,0.984375
original,heat,B4,37,B4_s37,1,3000,5000,physics_ranking,selection_score,0.042790517103717285
original,heat,B4,37,B4_s37,1,3500,5000,physics_ranking,train_loss,0.002099826466292143
original,heat,B4,37,B4_s37,1,3500,5000,physics_ranking,train_field_loss,0.0004465429810807109
original,heat,B4,37,B4_s37,1,3500,5000,physics_ranking,train_initial_field_loss,0.0003535826108418405
original,heat,B4,37,B4_s37,1,3500,5000,physics_ranking,train_sensor_consistency_loss,0.0012978588929399848
original,heat,B4,37,B4_s37,1,3500,5000,physics_ranking,train_bc_diagnostic_loss,0.0
original,heat,B4,37,B4_s37,1,3500,5000,physics_ranking,train_physics_loss,6.530214704980608e-06
original,heat,B4,37,B4_s37,1,3500,5000,physics_ranking,train_balance_loss,3.3277164135370185e-08
original,heat,B4,37,B4_s37,1,3500,5000,physics_ranking,train_rank_loss,1.7764628864824772e-05
original,heat,B4,37,B4_s37,1,3500,5000,physics_ranking,validation_field_nrmse,0.08436980843544006
original,heat,B4,37,B4_s37,1,3500,5000,physics_ranking,validation_normalized_teacher_regret_mean,1.1636845556495246e-05
original,heat,B4,37,B4_s37,1,3500,5000,physics_ranking,validation_teacher_best_agreement,0.96875
original,heat,B4,37,B4_s37,1,3500,5000,physics_ranking,selection_score,0.04219072264049828
original,heat,B4,37,B4_s37,1,4000,5000,physics_ranking,train_loss,0.002106004860252142
original,heat,B4,37,B4_s37,1,4000,5000,physics_ranking,train_field_loss,0.0005283980863168836
original,heat,B4,37,B4_s37,1,4000,5000,physics_ranking,train_initial_field_loss,0.0003157566534355283
original,heat,B4,37,B4_s37,1,4000,5000,physics_ranking,train_sensor_consistency_loss,0.0012603267095983028
original,heat,B4,37,B4_s37,1,4000,5000,physics_ranking,train_bc_diagnostic_loss,0.0
original,heat,B4,37,B4_s37,1,4000,5000,physics_ranking,train_physics_loss,6.5686522248142865e-06
original,heat,B4,37,B4_s37,1,4000,5000,physics_ranking,train_balance_loss,3.444677076913649e-08
original,heat,B4,37,B4_s37,1,4000,5000,physics_ranking,train_rank_loss,1.45728699862957e-05
original,heat,B4,37,B4_s37,1,4000,5000,physics_ranking,validation_field_nrmse,0.0838804543018341
original,heat,B4,37,B4_s37,1,4000,5000,physics_ranking,validation_normalized_teacher_regret_mean,2.720530255828635e-05
original,heat,B4,37,B4_s37,1,4000,5000,physics_ranking,validation_teacher_best_agreement,0.953125
original,heat,B4,37,B4_s37,1,4000,5000,physics_ranking,selection_score,0.041953829802196196
original,heat,B4,37,B4_s37,1,4500,5000,physics_ranking,train_loss,0.0017370509449392557
original,heat,B4,37,B4_s37,1,4500,5000,physics_ranking,train_field_loss,0.00033292066655121744
original,heat,B4,37,B4_s37,1,4500,5000,physics_ranking,train_initial_field_loss,0.0002298242470715195
original,heat,B4,37,B4_s37,1,4500,5000,physics_ranking,train_sensor_consistency_loss,0.0011737170862033963
original,heat,B4,37,B4_s37,1,4500,5000,physics_ranking,train_bc_diagnostic_loss,0.0
original,heat,B4,37,B4_s37,1,4500,5000,physics_ranking,train_physics_loss,5.587977284449153e-06
original,heat,B4,37,B4_s37,1,4500,5000,physics_ranking,train_balance_loss,6.064262692007105e-08
original,heat,B4,37,B4_s37,1,4500,5000,physics_ranking,train_rank_loss,5.3246039897203445e-06
original,heat,B4,37,B4_s37,1,4500,5000,physics_ranking,validation_field_nrmse,0.0831790566444397
original,heat,B4,37,B4_s37,1,4500,5000,physics_ranking,validation_normalized_teacher_regret_mean,1.0036462754214881e-05
original,heat,B4,37,B4_s37,1,4500,5000,physics_ranking,validation_teacher_best_agreement,0.96875
original,heat,B4,37,B4_s37,1,4500,5000,physics_ranking,selection_score,0.041594546553596956
original,heat,B4,37,B4_s37,1,5000,5000,physics_ranking,train_loss,0.0024273672606796026
original,heat,B4,37,B4_s37,1,5000,5000,physics_ranking,train_field_loss,0.000565419381018728
original,heat,B4,37,B4_s37,1,5000,5000,physics_ranking,train_initial_field_loss,0.0004697158874478191
original,heat,B4,37,B4_s37,1,5000,5000,physics_ranking,train_sensor_consistency_loss,0.0013914061710238457
original,heat,B4,37,B4_s37,1,5000,5000,physics_ranking,train_bc_diagnostic_loss,0.0
original,heat,B4,37,B4_s37,1,5000,5000,physics_ranking,train_physics_loss,7.839797945052851e-06
original,heat,B4,37,B4_s37,1,5000,5000,physics_ranking,train_balance_loss,4.7691479210243415e-08
original,heat,B4,37,B4_s37,1,5000,5000,physics_ranking,train_rank_loss,7.468624971807003e-06
original,heat,B4,37,B4_s37,1,5000,5000,physics_ranking,validation_field_nrmse,0.08306223899126053
original,heat,B4,37,B4_s37,1,5000,5000,physics_ranking,validation_normalized_teacher_regret_mean,6.332788416330004e-06
original,heat,B4,37,B4_s37,1,5000,5000,physics_ranking,validation_teacher_best_agreement,0.984375
original,heat,B4,37,B4_s37,1,5000,5000,physics_ranking,selection_score,0.04153428588983843
original,heat,B5,11,B5_s11,1,500,5000,field,train_loss,0.0021079147700220346
original,heat,B5,11,B5_s11,1,500,5000,field,train_field_loss,0.0005013549816794693
original,heat,B5,11,B5_s11,1,500,5000,field,train_initial_field_loss,0.0002987608313560486
original,heat,B5,11,B5_s11,1,500,5000,field,train_sensor_consistency_loss,0.0013077990151941776
original,heat,B5,11,B5_s11,1,500,5000,field,train_bc_diagnostic_loss,0.0
original,heat,B5,11,B5_s11,1,500,5000,field,train_physics_loss,0.0
original,heat,B5,11,B5_s11,1,500,5000,field,train_balance_loss,0.0
original,heat,B5,11,B5_s11,1,500,5000,field,train_rank_loss,0.0
original,heat,B5,11,B5_s11,1,500,5000,field,validation_field_nrmse,0.10474192351102829
original,heat,B5,11,B5_s11,1,500,5000,field,validation_normalized_teacher_regret_mean,0.00024099450108217013
original,heat,B5,11,B5_s11,1,500,5000,field,validation_teacher_best_agreement,0.890625
original,heat,B5,11,B5_s11,1,500,5000,field,selection_score,0.05249145900605523
original,heat,B5,11,B5_s11,1,1000,5000,field,train_loss,0.002576348604634404
original,heat,B5,11,B5_s11,1,1000,5000,field,train_field_loss,0.0009727653814479709
original,heat,B5,11,B5_s11,1,1000,5000,field,train_initial_field_loss,0.00034308197791688144
original,heat,B5,11,B5_s11,1,1000,5000,field,train_sensor_consistency_loss,0.0012605012161657214
original,heat,B5,11,B5_s11,1,1000,5000,field,train_bc_diagnostic_loss,0.0
original,heat,B5,11,B5_s11,1,1000,5000,field,train_physics_loss,0.0
original,heat,B5,11,B5_s11,1,1000,5000,field,train_balance_loss,0.0
original,heat,B5,11,B5_s11,1,1000,5000,field,train_rank_loss,0.0
original,heat,B5,11,B5_s11,1,1000,5000,field,validation_field_nrmse,0.09898121654987335
original,heat,B5,11,B5_s11,1,1000,5000,field,validation_normalized_teacher_regret_mean,3.687634322879774e-05
original,heat,B5,11,B5_s11,1,1000,5000,field,validation_teacher_best_agreement,0.953125
original,heat,B5,11,B5_s11,1,1000,5000,field,selection_score,0.049509046446551075
original,heat,B5,11,B5_s11,1,1500,5000,field,train_loss,0.0024480316787958145
original,heat,B5,11,B5_s11,1,1500,5000,field,train_field_loss,0.0007030252018012106
original,heat,B5,11,B5_s11,1,1500,5000,field,train_initial_field_loss,0.0003764899156522006
original,heat,B5,11,B5_s11,1,1500,5000,field,train_sensor_consistency_loss,0.0013685165904462337
original,heat,B5,11,B5_s11,1,1500,5000,field,train_bc_diagnostic_loss,0.0
original,heat,B5,11,B5_s11,1,1500,5000,field,train_physics_loss,0.0
original,heat,B5,11,B5_s11,1,1500,5000,field,train_balance_loss,0.0
original,heat,B5,11,B5_s11,1,1500,5000,field,train_rank_loss,0.0
original,heat,B5,11,B5_s11,1,1500,5000,field,validation_field_nrmse,0.09725064784288406
original,heat,B5,11,B5_s11,1,1500,5000,field,validation_normalized_teacher_regret_mean,2.5652557269495446e-05
original,heat,B5,11,B5_s11,1,1500,5000,field,validation_teacher_best_agreement,0.953125
original,heat,B5,11,B5_s11,1,1500,5000,field,selection_score,0.04863815020007678
original,heat,B5,11,B5_s11,1,2000,5000,field,train_loss,0.002510929014533758
original,heat,B5,11,B5_s11,1,2000,5000,field,train_field_loss,0.0007680639973841608
original,heat,B5,11,B5_s11,1,2000,5000,field,train_initial_field_loss,0.00036082026781514287
original,heat,B5,11,B5_s11,1,2000,5000,field,train_sensor_consistency_loss,0.0013820447493344545
original,heat,B5,11,B5_s11,1,2000,5000,field,train_bc_diagnostic_loss,0.0
original,heat,B5,11,B5_s11,1,2000,5000,field,train_physics_loss,0.0
original,heat,B5,11,B5_s11,1,2000,5000,field,train_balance_loss,0.0
original,heat,B5,11,B5_s11,1,2000,5000,field,train_rank_loss,0.0
original,heat,B5,11,B5_s11,1,2000,5000,field,validation_field_nrmse,0.08828282356262207
original,heat,B5,11,B5_s11,1,2000,5000,field,validation_normalized_teacher_regret_mean,7.236094390350445e-09
original,heat,B5,11,B5_s11,1,2000,5000,field,validation_teacher_best_agreement,0.984375
original,heat,B5,11,B5_s11,1,2000,5000,field,selection_score,0.04414141539935823
original,heat,B5,11,B5_s11,1,2500,5000,physics_ranking,train_loss,0.0023462630342692137
original,heat,B5,11,B5_s11,1,2500,5000,physics_ranking,train_field_loss,0.0005392950843088329
original,heat,B5,11,B5_s11,1,2500,5000,physics_ranking,train_initial_field_loss,0.0004169351595919579
original,heat,B5,11,B5_s11,1,2500,5000,physics_ranking,train_sensor_consistency_loss,0.0013854573480784893
original,heat,B5,11,B5_s11,1,2500,5000,physics_ranking,train_bc_diagnostic_loss,0.0
original,heat,B5,11,B5_s11,1,2500,5000,physics_ranking,train_physics_loss,7.163709142332664e-06
original,heat,B5,11,B5_s11,1,2500,5000,physics_ranking,train_balance_loss,4.7724387997050144e-08
original,heat,B5,11,B5_s11,1,2500,5000,physics_ranking,train_rank_loss,4.5753433369100094e-05
original,heat,B5,11,B5_s11,1,2500,5000,physics_ranking,validation_field_nrmse,0.08486779034137726
original,heat,B5,11,B5_s11,1,2500,5000,physics_ranking,validation_normalized_teacher_regret_mean,0.0
original,heat,B5,11,B5_s11,1,2500,5000,physics_ranking,validation_teacher_best_agreement,1.0
original,heat,B5,11,B5_s11,1,2500,5000,physics_ranking,selection_score,0.04243389517068863
original,heat,B5,11,B5_s11,1,3000,5000,physics_ranking,train_loss,0.0021951578091830015
original,heat,B5,11,B5_s11,1,3000,5000,physics_ranking,train_field_loss,0.0004872570571023971
original,heat,B5,11,B5_s11,1,3000,5000,physics_ranking,train_initial_field_loss,0.0003798658144660294
original,heat,B5,11,B5_s11,1,3000,5000,physics_ranking,train_sensor_consistency_loss,0.0013245339505374432
original,heat,B5,11,B5_s11,1,3000,5000,physics_ranking,train_bc_diagnostic_loss,0.0
original,heat,B5,11,B5_s11,1,3000,5000,physics_ranking,train_physics_loss,6.345672318275319e-06
original,heat,B5,11,B5_s11,1,3000,5000,physics_ranking,train_balance_loss,6.600037494308708e-08
original,heat,B5,11,B5_s11,1,3000,5000,physics_ranking,train_rank_loss,3.5010045394301414e-05
original,heat,B5,11,B5_s11,1,3000,5000,physics_ranking,validation_field_nrmse,0.08397751301527023
original,heat,B5,11,B5_s11,1,3000,5000,physics_ranking,validation_normalized_teacher_regret_mean,2.3894789292100427e-05
original,heat,B5,11,B5_s11,1,3000,5000,physics_ranking,validation_teacher_best_agreement,0.953125
original,heat,B5,11,B5_s11,1,3000,5000,physics_ranking,selection_score,0.04200070390228117
original,heat,B5,11,B5_s11,1,3500,5000,physics_ranking,train_loss,0.0019525327952578664
original,heat,B5,11,B5_s11,1,3500,5000,physics_ranking,train_field_loss,0.0003206771216355264
original,heat,B5,11,B5_s11,1,3500,5000,physics_ranking,train_initial_field_loss,0.0003396571846678853
original,heat,B5,11,B5_s11,1,3500,5000,physics_ranking,train_sensor_consistency_loss,0.0012905439361929893
original,heat,B5,11,B5_s11,1,3500,5000,physics_ranking,train_bc_diagnostic_loss,0.0
original,heat,B5,11,B5_s11,1,3500,5000,physics_ranking,train_physics_loss,4.158911906415597e-06
original,heat,B5,11,B5_s11,1,3500,5000,physics_ranking,train_balance_loss,2.556969214140281e-08
original,heat,B5,11,B5_s11,1,3500,5000,physics_ranking,train_rank_loss,1.6546226106584072e-05
original,heat,B5,11,B5_s11,1,3500,5000,physics_ranking,validation_field_nrmse,0.08265450596809387
original,heat,B5,11,B5_s11,1,3500,5000,physics_ranking,validation_normalized_teacher_regret_mean,2.720530255828635e-05
original,heat,B5,11,B5_s11,1,3500,5000,physics_ranking,validation_teacher_best_agreement,0.953125
original,heat,B5,11,B5_s11,1,3500,5000,physics_ranking,selection_score,0.04134085563532608
original,heat,B5,11,B5_s11,1,4000,5000,physics_ranking,train_loss,0.0022172005847096443
original,heat,B5,11,B5_s11,1,4000,5000,physics_ranking,train_field_loss,0.0004893623990938067
original,heat,B5,11,B5_s11,1,4000,5000,physics_ranking,train_initial_field_loss,0.00035586379817686975
original,heat,B5,11,B5_s11,1,4000,5000,physics_ranking,train_sensor_consistency_loss,0.0013694220688194036
original,heat,B5,11,B5_s11,1,4000,5000,physics_ranking,train_bc_diagnostic_loss,0.0
original,heat,B5,11,B5_s11,1,4000,5000,physics_ranking,train_physics_loss,7.076790097926278e-06
original,heat,B5,11,B5_s11,1,4000,5000,physics_ranking,train_balance_loss,4.5219149313879825e-08
original,heat,B5,11,B5_s11,1,4000,5000,physics_ranking,train_rank_loss,2.5521963834762573e-05
original,heat,B5,11,B5_s11,1,4000,5000,physics_ranking,validation_field_nrmse,0.08045077323913574
original,heat,B5,11,B5_s11,1,4000,5000,physics_ranking,validation_normalized_teacher_regret_mean,4.696587211583392e-05
original,heat,B5,11,B5_s11,1,4000,5000,physics_ranking,validation_teacher_best_agreement,0.96875
original,heat,B5,11,B5_s11,1,4000,5000,physics_ranking,selection_score,0.04024886955562579
original,heat,B5,11,B5_s11,1,4500,5000,physics_ranking,train_loss,0.002082692226395011
original,heat,B5,11,B5_s11,1,4500,5000,physics_ranking,train_field_loss,0.0004525661061052233
original,heat,B5,11,B5_s11,1,4500,5000,physics_ranking,train_initial_field_loss,0.00032932579051703215
original,heat,B5,11,B5_s11,1,4500,5000,physics_ranking,train_sensor_consistency_loss,0.001299553201533854
original,heat,B5,11,B5_s11,1,4500,5000,physics_ranking,train_bc_diagnostic_loss,0.0
original,heat,B5,11,B5_s11,1,4500,5000,physics_ranking,train_physics_loss,6.448938165704021e-06
original,heat,B5,11,B5_s11,1,4500,5000,physics_ranking,train_balance_loss,2.29880168234331e-08
original,heat,B5,11,B5_s11,1,4500,5000,physics_ranking,train_rank_loss,1.2469710782170296e-05
original,heat,B5,11,B5_s11,1,4500,5000,physics_ranking,validation_field_nrmse,0.07909919321537018
original,heat,B5,11,B5_s11,1,4500,5000,physics_ranking,validation_normalized_teacher_regret_mean,4.696587211583392e-05
original,heat,B5,11,B5_s11,1,4500,5000,physics_ranking,validation_teacher_best_agreement,0.96875
original,heat,B5,11,B5_s11,1,4500,5000,physics_ranking,selection_score,0.039573079543743006
original,heat,B5,11,B5_s11,1,5000,5000,physics_ranking,train_loss,0.0022205831483006477
original,heat,B5,11,B5_s11,1,5000,5000,physics_ranking,train_field_loss,0.00037317402893677354
original,heat,B5,11,B5_s11,1,5000,5000,physics_ranking,train_initial_field_loss,0.0003974844003096223
original,heat,B5,11,B5_s11,1,5000,5000,physics_ranking,train_sensor_consistency_loss,0.001449039438739419
original,heat,B5,11,B5_s11,1,5000,5000,physics_ranking,train_bc_diagnostic_loss,0.0
original,heat,B5,11,B5_s11,1,5000,5000,physics_ranking,train_physics_loss,4.641933173843427e-06
original,heat,B5,11,B5_s11,1,5000,5000,physics_ranking,train_balance_loss,3.5555697053268887e-08
original,heat,B5,11,B5_s11,1,5000,5000,physics_ranking,train_rank_loss,8.853152394294739e-06
original,heat,B5,11,B5_s11,1,5000,5000,physics_ranking,validation_field_nrmse,0.07887617498636246
original,heat,B5,11,B5_s11,1,5000,5000,physics_ranking,validation_normalized_teacher_regret_mean,4.696587211583392e-05
original,heat,B5,11,B5_s11,1,5000,5000,physics_ranking,validation_teacher_best_agreement,0.96875
original,heat,B5,11,B5_s11,1,5000,5000,physics_ranking,selection_score,0.039461570429239146
original,heat,B5,23,B5_s23,1,500,5000,field,train_loss,0.002291851444169879
original,heat,B5,23,B5_s23,1,500,5000,field,train_field_loss,0.0006223828531801701
original,heat,B5,23,B5_s23,1,500,5000,field,train_initial_field_loss,0.000336665369104594
original,heat,B5,23,B5_s23,1,500,5000,field,train_sensor_consistency_loss,0.001332803163677454
original,heat,B5,23,B5_s23,1,500,5000,field,train_bc_diagnostic_loss,0.0
original,heat,B5,23,B5_s23,1,500,5000,field,train_physics_loss,0.0
original,heat,B5,23,B5_s23,1,500,5000,field,train_balance_loss,0.0
original,heat,B5,23,B5_s23,1,500,5000,field,train_rank_loss,0.0
original,heat,B5,23,B5_s23,1,500,5000,field,validation_field_nrmse,0.10302866250276566
original,heat,B5,23,B5_s23,1,500,5000,field,validation_normalized_teacher_regret_mean,3.58162548490526e-05
original,heat,B5,23,B5_s23,1,500,5000,field,validation_teacher_best_agreement,0.9375
original,heat,B5,23,B5_s23,1,500,5000,field,selection_score,0.051532239378807354
original,heat,B5,23,B5_s23,1,1000,5000,field,train_loss,0.002919997088611126
original,heat,B5,23,B5_s23,1,1000,5000,field,train_field_loss,0.000977375078946352
original,heat,B5,23,B5_s23,1,1000,5000,field,train_initial_field_loss,0.00041222709114663303
original,heat,B5,23,B5_s23,1,1000,5000,field,train_sensor_consistency_loss,0.0015303947729989886
original,heat,B5,23,B5_s23,1,1000,5000,field,train_bc_diagnostic_loss,0.0
original,heat,B5,23,B5_s23,1,1000,5000,field,train_physics_loss,0.0
original,heat,B5,23,B5_s23,1,1000,5000,field,train_balance_loss,0.0
original,heat,B5,23,B5_s23,1,1000,5000,field,train_rank_loss,0.0
original,heat,B5,23,B5_s23,1,1000,5000,field,validation_field_nrmse,0.09908609092235565
original,heat,B5,23,B5_s23,1,1000,5000,field,validation_normalized_teacher_regret_mean,3.949822136739556e-05
original,heat,B5,23,B5_s23,1,1000,5000,field,validation_teacher_best_agreement,0.9375
original,heat,B5,23,B5_s23,1,1000,5000,field,selection_score,0.049562794571861524
original,heat,B5,23,B5_s23,1,1500,5000,field,train_loss,0.0022844986524432898
original,heat,B5,23,B5_s23,1,1500,5000,field,train_field_loss,0.0005851860041730106
original,heat,B5,23,B5_s23,1,1500,5000,field,train_initial_field_loss,0.0003528687229845673
original,heat,B5,23,B5_s23,1,1500,5000,field,train_sensor_consistency_loss,0.0013464440125972033
original,heat,B5,23,B5_s23,1,1500,5000,field,train_bc_diagnostic_loss,0.0
original,heat,B5,23,B5_s23,1,1500,5000,field,train_physics_loss,0.0
original,heat,B5,23,B5_s23,1,1500,5000,field,train_balance_loss,0.0
original,heat,B5,23,B5_s23,1,1500,5000,field,train_rank_loss,0.0
original,heat,B5,23,B5_s23,1,1500,5000,field,validation_field_nrmse,0.0975341722369194
original,heat,B5,23,B5_s23,1,1500,5000,field,validation_normalized_teacher_regret_mean,1.7554764781380072e-05
original,heat,B5,23,B5_s23,1,1500,5000,field,validation_teacher_best_agreement,0.984375
original,heat,B5,23,B5_s23,1,1500,5000,field,selection_score,0.04877586350085039
original,heat,B5,23,B5_s23,1,2000,5000,field,train_loss,0.0027882824651896954
original,heat,B5,23,B5_s23,1,2000,5000,field,train_field_loss,0.000657703320030123
original,heat,B5,23,B5_s23,1,2000,5000,field,train_initial_field_loss,0.0005222639301791787
original,heat,B5,23,B5_s23,1,2000,5000,field,train_sensor_consistency_loss,0.0016083153896033764
original,heat,B5,23,B5_s23,1,2000,5000,field,train_bc_diagnostic_loss,0.0
original,heat,B5,23,B5_s23,1,2000,5000,field,train_physics_loss,0.0
original,heat,B5,23,B5_s23,1,2000,5000,field,train_balance_loss,0.0
original,heat,B5,23,B5_s23,1,2000,5000,field,train_rank_loss,0.0
original,heat,B5,23,B5_s23,1,2000,5000,field,validation_field_nrmse,0.08991221338510513
original,heat,B5,23,B5_s23,1,2000,5000,field,validation_normalized_teacher_regret_mean,7.268717308761552e-05
original,heat,B5,23,B5_s23,1,2000,5000,field,validation_teacher_best_agreement,0.953125
original,heat,B5,23,B5_s23,1,2000,5000,field,selection_score,0.044992450279096374
original,heat,B5,23,B5_s23,1,2500,5000,physics_ranking,train_loss,0.002385631436482072
original,heat,B5,23,B5_s23,1,2500,5000,physics_ranking,train_field_loss,0.0006437980919145048
original,heat,B5,23,B5_s23,1,2500,5000,physics_ranking,train_initial_field_loss,0.000465457298560068
original,heat,B5,23,B5_s23,1,2500,5000,physics_ranking,train_sensor_consistency_loss,0.0012683046516031027
original,heat,B5,23,B5_s23,1,2500,5000,physics_ranking,train_bc_diagnostic_loss,0.0
original,heat,B5,23,B5_s23,1,2500,5000,physics_ranking,train_physics_loss,5.44191743756528e-06
original,heat,B5,23,B5_s23,1,2500,5000,physics_ranking,train_balance_loss,9.066126693824117e-08
original,heat,B5,23,B5_s23,1,2500,5000,physics_ranking,train_rank_loss,8.071260526776314e-05
original,heat,B5,23,B5_s23,1,2500,5000,physics_ranking,validation_field_nrmse,0.0880533754825592
original,heat,B5,23,B5_s23,1,2500,5000,physics_ranking,validation_normalized_teacher_regret_mean,1.1346798601152841e-05
original,heat,B5,23,B5_s23,1,2500,5000,physics_ranking,validation_teacher_best_agreement,0.96875
original,heat,B5,23,B5_s23,1,2500,5000,physics_ranking,selection_score,0.04403236114058018
original,heat,B5,23,B5_s23,1,3000,5000,physics_ranking,train_loss,0.00245367968454957
original,heat,B5,23,B5_s23,1,3000,5000,physics_ranking,train_field_loss,0.0005384977557696402
original,heat,B5,23,B5_s23,1,3000,5000,physics_ranking,train_initial_field_loss,0.0004963458632119
original,heat,B5,23,B5_s23,1,3000,5000,physics_ranking,train_sensor_consistency_loss,0.0014104117872193456
original,heat,B5,23,B5_s23,1,3000,5000,physics_ranking,train_bc_diagnostic_loss,0.0
original,heat,B5,23,B5_s23,1,3000,5000,physics_ranking,train_physics_loss,5.235102435108274e-06
original,heat,B5,23,B5_s23,1,3000,5000,physics_ranking,train_balance_loss,1.6278232806143933e-07
original,heat,B5,23,B5_s23,1,3000,5000,physics_ranking,train_rank_loss,8.42418521642685e-05
original,heat,B5,23,B5_s23,1,3000,5000,physics_ranking,validation_field_nrmse,0.08626437187194824
original,heat,B5,23,B5_s23,1,3000,5000,physics_ranking,validation_normalized_teacher_regret_mean,1.6038199801116093e-05
original,heat,B5,23,B5_s23,1,3000,5000,physics_ranking,validation_teacher_best_agreement,0.9375
original,heat,B5,23,B5_s23,1,3000,5000,physics_ranking,selection_score,0.04314020503587468
original,heat,B5,23,B5_s23,1,3500,5000,physics_ranking,train_loss,0.0024409631732851267
original,heat,B5,23,B5_s23,1,3500,5000,physics_ranking,train_field_loss,0.0006222603260539472
original,heat,B5,23,B5_s23,1,3500,5000,physics_ranking,train_initial_field_loss,0.000459841889096424
original,heat,B5,23,B5_s23,1,3500,5000,physics_ranking,train_sensor_consistency_loss,0.001357066910713911
original,heat,B5,23,B5_s23,1,3500,5000,physics_ranking,train_bc_diagnostic_loss,0.0
original,heat,B5,23,B5_s23,1,3500,5000,physics_ranking,train_physics_loss,8.219822120736353e-06
original,heat,B5,23,B5_s23,1,3500,5000,physics_ranking,train_balance_loss,1.6491247833982925e-07
original,heat,B5,23,B5_s23,1,3500,5000,physics_ranking,train_rank_loss,1.7939368262887e-05
original,heat,B5,23,B5_s23,1,3500,5000,physics_ranking,validation_field_nrmse,0.08473046123981476
original,heat,B5,23,B5_s23,1,3500,5000,physics_ranking,validation_normalized_teacher_regret_mean,4.856625491811428e-05
original,heat,B5,23,B5_s23,1,3500,5000,physics_ranking,validation_teacher_best_agreement,0.96875
original,heat,B5,23,B5_s23,1,3500,5000,physics_ranking,selection_score,0.042389513747366436
original,heat,B5,23,B5_s23,1,4000,5000,physics_ranking,train_loss,0.0021710775326937437
original,heat,B5,23,B5_s23,1,4000,5000,physics_ranking,train_field_loss,0.00048351564328186214
original,heat,B5,23,B5_s23,1,4000,5000,physics_ranking,train_initial_field_loss,0.00037742816493846476
original,heat,B5,23,B5_s23,1,4000,5000,physics_ranking,train_sensor_consistency_loss,0.0013076715404167771
original,heat,B5,23,B5_s23,1,4000,5000,physics_ranking,train_bc_diagnostic_loss,0.0
original,heat,B5,23,B5_s23,1,4000,5000,physics_ranking,train_physics_loss,7.3248479566245805e-06
original,heat,B5,23,B5_s23,1,4000,5000,physics_ranking,train_balance_loss,8.809273310816934e-08
original,heat,B5,23,B5_s23,1,4000,5000,physics_ranking,train_rank_loss,2.462277188897133e-05
original,heat,B5,23,B5_s23,1,4000,5000,physics_ranking,validation_field_nrmse,0.08394751697778702
original,heat,B5,23,B5_s23,1,4000,5000,physics_ranking,validation_normalized_teacher_regret_mean,4.434399413177914e-05
original,heat,B5,23,B5_s23,1,4000,5000,physics_ranking,validation_teacher_best_agreement,0.953125
original,heat,B5,23,B5_s23,1,4000,5000,physics_ranking,selection_score,0.0419959304859594
original,heat,B5,23,B5_s23,1,4500,5000,physics_ranking,train_loss,0.0026788879185914993
original,heat,B5,23,B5_s23,1,4500,5000,physics_ranking,train_field_loss,0.0006231841980479658
original,heat,B5,23,B5_s23,1,4500,5000,physics_ranking,train_initial_field_loss,0.0005832909955643117
original,heat,B5,23,B5_s23,1,4500,5000,physics_ranking,train_sensor_consistency_loss,0.0014712591655552387
original,heat,B5,23,B5_s23,1,4500,5000,physics_ranking,train_bc_diagnostic_loss,0.0
original,heat,B5,23,B5_s23,1,4500,5000,physics_ranking,train_physics_loss,8.314968908962328e-06
original,heat,B5,23,B5_s23,1,4500,5000,physics_ranking,train_balance_loss,9.963942204649356e-08
original,heat,B5,23,B5_s23,1,4500,5000,physics_ranking,train_rank_loss,1.1534779332578182e-05
original,heat,B5,23,B5_s23,1,4500,5000,physics_ranking,validation_field_nrmse,0.08355695009231567
original,heat,B5,23,B5_s23,1,4500,5000,physics_ranking,validation_normalized_teacher_regret_mean,4.0633083699503914e-05
original,heat,B5,23,B5_s23,1,4500,5000,physics_ranking,validation_teacher_best_agreement,0.984375
original,heat,B5,23,B5_s23,1,4500,5000,physics_ranking,selection_score,0.04179879158800759
original,heat,B5,23,B5_s23,1,5000,5000,physics_ranking,train_loss,0.0029843479860574007
original,heat,B5,23,B5_s23,1,5000,5000,physics_ranking,train_field_loss,0.0007312095840461552
original,heat,B5,23,B5_s23,1,5000,5000,physics_ranking,train_initial_field_loss,0.0006672231829725206
original,heat,B5,23,B5_s23,1,5000,5000,physics_ranking,train_sensor_consistency_loss,0.001584795885719359
original,heat,B5,23,B5_s23,1,5000,5000,physics_ranking,train_bc_diagnostic_loss,0.0
original,heat,B5,23,B5_s23,1,5000,5000,physics_ranking,train_physics_loss,1.122235698858276e-05
original,heat,B5,23,B5_s23,1,5000,5000,physics_ranking,train_balance_loss,1.521023875739047e-07
original,heat,B5,23,B5_s23,1,5000,5000,physics_ranking,train_rank_loss,1.1195195838809013e-05
original,heat,B5,23,B5_s23,1,5000,5000,physics_ranking,validation_field_nrmse,0.0835317000746727
original,heat,B5,23,B5_s23,1,5000,5000,physics_ranking,validation_normalized_teacher_regret_mean,4.0633083699503914e-05
original,heat,B5,23,B5_s23,1,5000,5000,physics_ranking,validation_teacher_best_agreement,0.984375
original,heat,B5,23,B5_s23,1,5000,5000,physics_ranking,selection_score,0.0417861665791861
original,heat,B5,37,B5_s37,1,500,5000,field,train_loss,0.0028575467877089977
original,heat,B5,37,B5_s37,1,500,5000,field,train_field_loss,0.0008798949420452118
original,heat,B5,37,B5_s37,1,500,5000,field,train_initial_field_loss,0.0005439910455606878
original,heat,B5,37,B5_s37,1,500,5000,field,train_sensor_consistency_loss,0.0014336607418954372
original,heat,B5,37,B5_s37,1,500,5000,field,train_bc_diagnostic_loss,0.0
original,heat,B5,37,B5_s37,1,500,5000,field,train_physics_loss,0.0
original,heat,B5,37,B5_s37,1,500,5000,field,train_balance_loss,0.0
original,heat,B5,37,B5_s37,1,500,5000,field,train_rank_loss,0.0
original,heat,B5,37,B5_s37,1,500,5000,field,validation_field_nrmse,0.10318136215209961
original,heat,B5,37,B5_s37,1,500,5000,field,validation_normalized_teacher_regret_mean,4.320189555073739e-05
original,heat,B5,37,B5_s37,1,500,5000,field,validation_teacher_best_agreement,0.953125
original,heat,B5,37,B5_s37,1,500,5000,field,selection_score,0.05161228202382517
original,heat,B5,37,B5_s37,1,1000,5000,field,train_loss,0.002571074292063713
original,heat,B5,37,B5_s37,1,1000,5000,field,train_field_loss,0.000977938063442707
original,heat,B5,37,B5_s37,1,1000,5000,field,train_initial_field_loss,0.00032632387592457235
original,heat,B5,37,B5_s37,1,1000,5000,field,train_sensor_consistency_loss,0.001266812440007925
original,heat,B5,37,B5_s37,1,1000,5000,field,train_bc_diagnostic_loss,0.0
original,heat,B5,37,B5_s37,1,1000,5000,field,train_physics_loss,0.0
original,heat,B5,37,B5_s37,1,1000,5000,field,train_balance_loss,0.0
original,heat,B5,37,B5_s37,1,1000,5000,field,train_rank_loss,0.0
original,heat,B5,37,B5_s37,1,1000,5000,field,validation_field_nrmse,0.0989285334944725
original,heat,B5,37,B5_s37,1,1000,5000,field,validation_normalized_teacher_regret_mean,2.5659793363885797e-05
original,heat,B5,37,B5_s37,1,1000,5000,field,validation_teacher_best_agreement,0.9375
original,heat,B5,37,B5_s37,1,1000,5000,field,selection_score,0.049477096643918195
original,heat,B5,37,B5_s37,1,1500,5000,field,train_loss,0.0024139201268553734
original,heat,B5,37,B5_s37,1,1500,5000,field,train_field_loss,0.0007169826421886683
original,heat,B5,37,B5_s37,1,1500,5000,field,train_initial_field_loss,0.00035860156640410423
original,heat,B5,37,B5_s37,1,1500,5000,field,train_sensor_consistency_loss,0.001338335801847279
original,heat,B5,37,B5_s37,1,1500,5000,field,train_bc_diagnostic_loss,0.0
original,heat,B5,37,B5_s37,1,1500,5000,field,train_physics_loss,0.0
original,heat,B5,37,B5_s37,1,1500,5000,field,train_balance_loss,0.0
original,heat,B5,37,B5_s37,1,1500,5000,field,train_rank_loss,0.0
original,heat,B5,37,B5_s37,1,1500,5000,field,validation_field_nrmse,0.0978214219212532
original,heat,B5,37,B5_s37,1,1500,5000,field,validation_normalized_teacher_regret_mean,0.000238288201371617
original,heat,B5,37,B5_s37,1,1500,5000,field,validation_teacher_best_agreement,0.890625
original,heat,B5,37,B5_s37,1,1500,5000,field,selection_score,0.04902985506131241
original,heat,B5,37,B5_s37,1,2000,5000,field,train_loss,0.002112830989062786
original,heat,B5,37,B5_s37,1,2000,5000,field,train_field_loss,0.0004963676328770816
original,heat,B5,37,B5_s37,1,2000,5000,field,train_initial_field_loss,0.0003095993888564408
original,heat,B5,37,B5_s37,1,2000,5000,field,train_sensor_consistency_loss,0.0013068639673292637
original,heat,B5,37,B5_s37,1,2000,5000,field,train_bc_diagnostic_loss,0.0
original,heat,B5,37,B5_s37,1,2000,5000,field,train_physics_loss,0.0
original,heat,B5,37,B5_s37,1,2000,5000,field,train_balance_loss,0.0
original,heat,B5,37,B5_s37,1,2000,5000,field,train_rank_loss,0.0
original,heat,B5,37,B5_s37,1,2000,5000,field,validation_field_nrmse,0.08945917338132858
original,heat,B5,37,B5_s37,1,2000,5000,field,validation_normalized_teacher_regret_mean,8.432401864411077e-05
original,heat,B5,37,B5_s37,1,2000,5000,field,validation_teacher_best_agreement,0.921875
original,heat,B5,37,B5_s37,1,2000,5000,field,selection_score,0.04477174869998635
original,heat,B5,37,B5_s37,1,2500,5000,physics_ranking,train_loss,0.0019287345930933952
original,heat,B5,37,B5_s37,1,2500,5000,physics_ranking,train_field_loss,0.00041991088073700666
original,heat,B5,37,B5_s37,1,2500,5000,physics_ranking,train_initial_field_loss,0.0002553008671384305
original,heat,B5,37,B5_s37,1,2500,5000,physics_ranking,train_sensor_consistency_loss,0.001251448760740459
original,heat,B5,37,B5_s37,1,2500,5000,physics_ranking,train_bc_diagnostic_loss,0.0
original,heat,B5,37,B5_s37,1,2500,5000,physics_ranking,train_physics_loss,4.247823198966216e-06
original,heat,B5,37,B5_s37,1,2500,5000,physics_ranking,train_balance_loss,4.885644244723153e-08
original,heat,B5,37,B5_s37,1,2500,5000,physics_ranking,train_rank_loss,2.0740553736686707e-05
original,heat,B5,37,B5_s37,1,2500,5000,physics_ranking,validation_field_nrmse,0.08871670067310333
original,heat,B5,37,B5_s37,1,2500,5000,physics_ranking,validation_normalized_teacher_regret_mean,3.317749360576272e-06
original,heat,B5,37,B5_s37,1,2500,5000,physics_ranking,validation_teacher_best_agreement,0.984375
original,heat,B5,37,B5_s37,1,2500,5000,physics_ranking,selection_score,0.044360009211231954
original,heat,B5,37,B5_s37,1,3000,5000,physics_ranking,train_loss,0.0021460293792188168
original,heat,B5,37,B5_s37,1,3000,5000,physics_ranking,train_field_loss,0.0004943747771903872
original,heat,B5,37,B5_s37,1,3000,5000,physics_ranking,train_initial_field_loss,0.00034194154432043433
original,heat,B5,37,B5_s37,1,3000,5000,physics_ranking,train_sensor_consistency_loss,0.0013083235826343298
original,heat,B5,37,B5_s37,1,3000,5000,physics_ranking,train_bc_diagnostic_loss,0.0
original,heat,B5,37,B5_s37,1,3000,5000,physics_ranking,train_physics_loss,6.077808848203858e-06
original,heat,B5,37,B5_s37,1,3000,5000,physics_ranking,train_balance_loss,2.8190422440843577e-08
original,heat,B5,37,B5_s37,1,3000,5000,physics_ranking,train_rank_loss,1.3896380551159382e-05
original,heat,B5,37,B5_s37,1,3000,5000,physics_ranking,validation_field_nrmse,0.08782847970724106
original,heat,B5,37,B5_s37,1,3000,5000,physics_ranking,validation_normalized_teacher_regret_mean,8.961902649318176e-06
original,heat,B5,37,B5_s37,1,3000,5000,physics_ranking,validation_teacher_best_agreement,0.953125
original,heat,B5,37,B5_s37,1,3000,5000,physics_ranking,selection_score,0.04391872080494519
original,heat,B5,37,B5_s37,1,3500,5000,physics_ranking,train_loss,0.002128666266798973
original,heat,B5,37,B5_s37,1,3500,5000,physics_ranking,train_field_loss,0.00047575391363352537
original,heat,B5,37,B5_s37,1,3500,5000,physics_ranking,train_initial_field_loss,0.0003535826108418405
original,heat,B5,37,B5_s37,1,3500,5000,physics_ranking,train_sensor_consistency_loss,0.0012978588929399848
original,heat,B5,37,B5_s37,1,3500,5000,physics_ranking,train_bc_diagnostic_loss,0.0
original,heat,B5,37,B5_s37,1,3500,5000,physics_ranking,train_physics_loss,6.550450052600354e-06
original,heat,B5,37,B5_s37,1,3500,5000,physics_ranking,train_balance_loss,5.13676212676728e-08
original,heat,B5,37,B5_s37,1,3500,5000,physics_ranking,train_rank_loss,1.4710123650729656e-05
original,heat,B5,37,B5_s37,1,3500,5000,physics_ranking,validation_field_nrmse,0.08555769175291061
original,heat,B5,37,B5_s37,1,3500,5000,physics_ranking,validation_normalized_teacher_regret_mean,0.0
original,heat,B5,37,B5_s37,1,3500,5000,physics_ranking,validation_teacher_best_agreement,1.0
original,heat,B5,37,B5_s37,1,3500,5000,physics_ranking,selection_score,0.04277884587645531
original,heat,B5,37,B5_s37,1,4000,5000,physics_ranking,train_loss,0.002140490338206291
original,heat,B5,37,B5_s37,1,4000,5000,physics_ranking,train_field_loss,0.000563280947972089
original,heat,B5,37,B5_s37,1,4000,5000,physics_ranking,train_initial_field_loss,0.0003157566534355283
original,heat,B5,37,B5_s37,1,4000,5000,physics_ranking,train_sensor_consistency_loss,0.0012603267095983028
original,heat,B5,37,B5_s37,1,4000,5000,physics_ranking,train_bc_diagnostic_loss,0.0
original,heat,B5,37,B5_s37,1,4000,5000,physics_ranking,train_physics_loss,6.647338523180224e-06
original,heat,B5,37,B5_s37,1,4000,5000,physics_ranking,train_balance_loss,5.558256077620172e-08
original,heat,B5,37,B5_s37,1,4000,5000,physics_ranking,train_rank_loss,1.126062124967575e-05
original,heat,B5,37,B5_s37,1,4000,5000,physics_ranking,validation_field_nrmse,0.08485709130764008
original,heat,B5,37,B5_s37,1,4000,5000,physics_ranking,validation_normalized_teacher_regret_mean,6.332788416330004e-06
original,heat,B5,37,B5_s37,1,4000,5000,physics_ranking,validation_teacher_best_agreement,0.984375
original,heat,B5,37,B5_s37,1,4000,5000,physics_ranking,selection_score,0.0424317120480282
original,heat,B5,37,B5_s37,1,4500,5000,physics_ranking,train_loss,0.0017423334065824747
original,heat,B5,37,B5_s37,1,4500,5000,physics_ranking,train_field_loss,0.00033800318487919867
original,heat,B5,37,B5_s37,1,4500,5000,physics_ranking,train_initial_field_loss,0.0002298242470715195
original,heat,B5,37,B5_s37,1,4500,5000,physics_ranking,train_sensor_consistency_loss,0.0011737170862033963
original,heat,B5,37,B5_s37,1,4500,5000,physics_ranking,train_bc_diagnostic_loss,0.0
original,heat,B5,37,B5_s37,1,4500,5000,physics_ranking,train_physics_loss,5.615989266516408e-06
original,heat,B5,37,B5_s37,1,4500,5000,physics_ranking,train_balance_loss,4.961058408525787e-08
original,heat,B5,37,B5_s37,1,4500,5000,physics_ranking,train_rank_loss,7.889117114245892e-06
original,heat,B5,37,B5_s37,1,4500,5000,physics_ranking,validation_field_nrmse,0.08453616499900818
original,heat,B5,37,B5_s37,1,4500,5000,physics_ranking,validation_normalized_teacher_regret_mean,0.0
original,heat,B5,37,B5_s37,1,4500,5000,physics_ranking,validation_teacher_best_agreement,1.0
original,heat,B5,37,B5_s37,1,4500,5000,physics_ranking,selection_score,0.04226808249950409
original,heat,B5,37,B5_s37,1,5000,5000,physics_ranking,train_loss,0.0024856769014149904
original,heat,B5,37,B5_s37,1,5000,5000,physics_ranking,train_field_loss,0.0006236387998796999
original,heat,B5,37,B5_s37,1,5000,5000,physics_ranking,train_initial_field_loss,0.0004697158874478191
original,heat,B5,37,B5_s37,1,5000,5000,physics_ranking,train_sensor_consistency_loss,0.0013914061710238457
original,heat,B5,37,B5_s37,1,5000,5000,physics_ranking,train_bc_diagnostic_loss,0.0
original,heat,B5,37,B5_s37,1,5000,5000,physics_ranking,train_physics_loss,8.278582754428498e-06
original,heat,B5,37,B5_s37,1,5000,5000,physics_ranking,train_balance_loss,3.3044635472379014e-08
original,heat,B5,37,B5_s37,1,5000,5000,physics_ranking,train_rank_loss,9.158742614090443e-06
original,heat,B5,37,B5_s37,1,5000,5000,physics_ranking,validation_field_nrmse,0.08439676463603973
original,heat,B5,37,B5_s37,1,5000,5000,physics_ranking,validation_normalized_teacher_regret_mean,0.0
original,heat,B5,37,B5_s37,1,5000,5000,physics_ranking,validation_teacher_best_agreement,1.0
original,heat,B5,37,B5_s37,1,5000,5000,physics_ranking,selection_score,0.04219838231801987
original,heat,P-no-rank,11,P-no-rank_s11,1,500,5000,field,train_loss,0.0021079147700220346
original,heat,P-no-rank,11,P-no-rank_s11,1,500,5000,field,train_field_loss,0.0005013549816794693
original,heat,P-no-rank,11,P-no-rank_s11,1,500,5000,field,train_initial_field_loss,0.0002987608313560486
original,heat,P-no-rank,11,P-no-rank_s11,1,500,5000,field,train_sensor_consistency_loss,0.0013077990151941776
original,heat,P-no-rank,11,P-no-rank_s11,1,500,5000,field,train_bc_diagnostic_loss,0.0
original,heat,P-no-rank,11,P-no-rank_s11,1,500,5000,field,train_physics_loss,0.0
original,heat,P-no-rank,11,P-no-rank_s11,1,500,5000,field,train_balance_loss,0.0
original,heat,P-no-rank,11,P-no-rank_s11,1,500,5000,field,train_rank_loss,0.0
original,heat,P-no-rank,11,P-no-rank_s11,1,500,5000,field,validation_field_nrmse,0.10474192351102829
original,heat,P-no-rank,11,P-no-rank_s11,1,500,5000,field,validation_normalized_teacher_regret_mean,0.00024099450108217013
original,heat,P-no-rank,11,P-no-rank_s11,1,500,5000,field,validation_teacher_best_agreement,0.890625
original,heat,P-no-rank,11,P-no-rank_s11,1,500,5000,field,selection_score,0.05249145900605523
original,heat,P-no-rank,11,P-no-rank_s11,1,1000,5000,field,train_loss,0.002576348604634404
original,heat,P-no-rank,11,P-no-rank_s11,1,1000,5000,field,train_field_loss,0.0009727653814479709
original,heat,P-no-rank,11,P-no-rank_s11,1,1000,5000,field,train_initial_field_loss,0.00034308197791688144
original,heat,P-no-rank,11,P-no-rank_s11,1,1000,5000,field,train_sensor_consistency_loss,0.0012605012161657214
original,heat,P-no-rank,11,P-no-rank_s11,1,1000,5000,field,train_bc_diagnostic_loss,0.0
original,heat,P-no-rank,11,P-no-rank_s11,1,1000,5000,field,train_physics_loss,0.0
original,heat,P-no-rank,11,P-no-rank_s11,1,1000,5000,field,train_balance_loss,0.0
original,heat,P-no-rank,11,P-no-rank_s11,1,1000,5000,field,train_rank_loss,0.0
original,heat,P-no-rank,11,P-no-rank_s11,1,1000,5000,field,validation_field_nrmse,0.09898121654987335
original,heat,P-no-rank,11,P-no-rank_s11,1,1000,5000,field,validation_normalized_teacher_regret_mean,3.687634322879774e-05
original,heat,P-no-rank,11,P-no-rank_s11,1,1000,5000,field,validation_teacher_best_agreement,0.953125
original,heat,P-no-rank,11,P-no-rank_s11,1,1000,5000,field,selection_score,0.049509046446551075
original,heat,P-no-rank,11,P-no-rank_s11,1,1500,5000,field,train_loss,0.0024480316787958145
original,heat,P-no-rank,11,P-no-rank_s11,1,1500,5000,field,train_field_loss,0.0007030252018012106
original,heat,P-no-rank,11,P-no-rank_s11,1,1500,5000,field,train_initial_field_loss,0.0003764899156522006
original,heat,P-no-rank,11,P-no-rank_s11,1,1500,5000,field,train_sensor_consistency_loss,0.0013685165904462337
original,heat,P-no-rank,11,P-no-rank_s11,1,1500,5000,field,train_bc_diagnostic_loss,0.0
original,heat,P-no-rank,11,P-no-rank_s11,1,1500,5000,field,train_physics_loss,0.0
original,heat,P-no-rank,11,P-no-rank_s11,1,1500,5000,field,train_balance_loss,0.0
original,heat,P-no-rank,11,P-no-rank_s11,1,1500,5000,field,train_rank_loss,0.0
original,heat,P-no-rank,11,P-no-rank_s11,1,1500,5000,field,validation_field_nrmse,0.09725064784288406
original,heat,P-no-rank,11,P-no-rank_s11,1,1500,5000,field,validation_normalized_teacher_regret_mean,2.5652557269495446e-05
original,heat,P-no-rank,11,P-no-rank_s11,1,1500,5000,field,validation_teacher_best_agreement,0.953125
original,heat,P-no-rank,11,P-no-rank_s11,1,1500,5000,field,selection_score,0.04863815020007678
original,heat,P-no-rank,11,P-no-rank_s11,1,2000,5000,field,train_loss,0.002510929014533758
original,heat,P-no-rank,11,P-no-rank_s11,1,2000,5000,field,train_field_loss,0.0007680639973841608
original,heat,P-no-rank,11,P-no-rank_s11,1,2000,5000,field,train_initial_field_loss,0.00036082026781514287
original,heat,P-no-rank,11,P-no-rank_s11,1,2000,5000,field,train_sensor_consistency_loss,0.0013820447493344545
original,heat,P-no-rank,11,P-no-rank_s11,1,2000,5000,field,train_bc_diagnostic_loss,0.0
original,heat,P-no-rank,11,P-no-rank_s11,1,2000,5000,field,train_physics_loss,0.0
original,heat,P-no-rank,11,P-no-rank_s11,1,2000,5000,field,train_balance_loss,0.0
original,heat,P-no-rank,11,P-no-rank_s11,1,2000,5000,field,train_rank_loss,0.0
original,heat,P-no-rank,11,P-no-rank_s11,1,2000,5000,field,validation_field_nrmse,0.08828282356262207
original,heat,P-no-rank,11,P-no-rank_s11,1,2000,5000,field,validation_normalized_teacher_regret_mean,7.236094390350445e-09
original,heat,P-no-rank,11,P-no-rank_s11,1,2000,5000,field,validation_teacher_best_agreement,0.984375
original,heat,P-no-rank,11,P-no-rank_s11,1,2000,5000,field,selection_score,0.04414141539935823
original,heat,P-no-rank,11,P-no-rank_s11,1,2500,5000,physics_ranking,train_loss,0.002343482570722699
original,heat,P-no-rank,11,P-no-rank_s11,1,2500,5000,physics_ranking,train_field_loss,0.0005410290905274451
original,heat,P-no-rank,11,P-no-rank_s11,1,2500,5000,physics_ranking,train_initial_field_loss,0.0004169351595919579
original,heat,P-no-rank,11,P-no-rank_s11,1,2500,5000,physics_ranking,train_sensor_consistency_loss,0.0013854573480784893
original,heat,P-no-rank,11,P-no-rank_s11,1,2500,5000,physics_ranking,train_bc_diagnostic_loss,0.0
original,heat,P-no-rank,11,P-no-rank_s11,1,2500,5000,physics_ranking,train_physics_loss,7.202792858151952e-06
original,heat,P-no-rank,11,P-no-rank_s11,1,2500,5000,physics_ranking,train_balance_loss,1.0606370892674022e-07
original,heat,P-no-rank,11,P-no-rank_s11,1,2500,5000,physics_ranking,train_rank_loss,0.00012419780250638723
original,heat,P-no-rank,11,P-no-rank_s11,1,2500,5000,physics_ranking,validation_field_nrmse,0.08473477512598038
original,heat,P-no-rank,11,P-no-rank_s11,1,2500,5000,physics_ranking,validation_normalized_teacher_regret_mean,5.849296955595662e-05
original,heat,P-no-rank,11,P-no-rank_s11,1,2500,5000,physics_ranking,validation_teacher_best_agreement,0.9375
original,heat,P-no-rank,11,P-no-rank_s11,1,2500,5000,physics_ranking,selection_score,0.04239663404776817
original,heat,P-no-rank,11,P-no-rank_s11,1,3000,5000,physics_ranking,train_loss,0.0022006817162036896
original,heat,P-no-rank,11,P-no-rank_s11,1,3000,5000,physics_ranking,train_field_loss,0.0004962171660736203
original,heat,P-no-rank,11,P-no-rank_s11,1,3000,5000,physics_ranking,train_initial_field_loss,0.0003798658144660294
original,heat,P-no-rank,11,P-no-rank_s11,1,3000,5000,physics_ranking,train_sensor_consistency_loss,0.0013245339505374432
original,heat,P-no-rank,11,P-no-rank_s11,1,3000,5000,physics_ranking,train_bc_diagnostic_loss,0.0
original,heat,P-no-rank,11,P-no-rank_s11,1,3000,5000,physics_ranking,train_physics_loss,6.41557790004299e-06
original,heat,P-no-rank,11,P-no-rank_s11,1,3000,5000,physics_ranking,train_balance_loss,5.8656471679796596e-08
original,heat,P-no-rank,11,P-no-rank_s11,1,3000,5000,physics_ranking,train_rank_loss,0.00016315141692757607
original,heat,P-no-rank,11,P-no-rank_s11,1,3000,5000,physics_ranking,validation_field_nrmse,0.08389244973659515
original,heat,P-no-rank,11,P-no-rank_s11,1,3000,5000,physics_ranking,validation_normalized_teacher_regret_mean,1.4265959789483418e-05
original,heat,P-no-rank,11,P-no-rank_s11,1,3000,5000,physics_ranking,validation_teacher_best_agreement,0.9375
original,heat,P-no-rank,11,P-no-rank_s11,1,3000,5000,physics_ranking,selection_score,0.04195335784819232
original,heat,P-no-rank,11,P-no-rank_s11,1,3500,5000,physics_ranking,train_loss,0.001945470692589879
original,heat,P-no-rank,11,P-no-rank_s11,1,3500,5000,physics_ranking,train_field_loss,0.0003152280405629426
original,heat,P-no-rank,11,P-no-rank_s11,1,3500,5000,physics_ranking,train_initial_field_loss,0.0003396571846678853
original,heat,P-no-rank,11,P-no-rank_s11,1,3500,5000,physics_ranking,train_sensor_consistency_loss,0.0012905439361929893
original,heat,P-no-rank,11,P-no-rank_s11,1,3500,5000,physics_ranking,train_bc_diagnostic_loss,0.0
original,heat,P-no-rank,11,P-no-rank_s11,1,3500,5000,physics_ranking,train_physics_loss,4.134834398428211e-06
original,heat,P-no-rank,11,P-no-rank_s11,1,3500,5000,physics_ranking,train_balance_loss,2.1039825881530305e-08
original,heat,P-no-rank,11,P-no-rank_s11,1,3500,5000,physics_ranking,train_rank_loss,2.0467909052968025e-05
original,heat,P-no-rank,11,P-no-rank_s11,1,3500,5000,physics_ranking,validation_field_nrmse,0.0814317837357521
original,heat,P-no-rank,11,P-no-rank_s11,1,3500,5000,physics_ranking,validation_normalized_teacher_regret_mean,6.452787299160434e-05
original,heat,P-no-rank,11,P-no-rank_s11,1,3500,5000,physics_ranking,validation_teacher_best_agreement,0.9375
original,heat,P-no-rank,11,P-no-rank_s11,1,3500,5000,physics_ranking,selection_score,0.040748155804371855
original,heat,P-no-rank,11,P-no-rank_s11,1,4000,5000,physics_ranking,train_loss,0.0021834911312907934
original,heat,P-no-rank,11,P-no-rank_s11,1,4000,5000,physics_ranking,train_field_loss,0.00045813462929800153
original,heat,P-no-rank,11,P-no-rank_s11,1,4000,5000,physics_ranking,train_initial_field_loss,0.00035586379817686975
original,heat,P-no-rank,11,P-no-rank_s11,1,4000,5000,physics_ranking,train_sensor_consistency_loss,0.0013694220688194036
original,heat,P-no-rank,11,P-no-rank_s11,1,4000,5000,physics_ranking,train_bc_diagnostic_loss,0.0
original,heat,P-no-rank,11,P-no-rank_s11,1,4000,5000,physics_ranking,train_physics_loss,7.019303211563965e-06
original,heat,P-no-rank,11,P-no-rank_s11,1,4000,5000,physics_ranking,train_balance_loss,3.3941915944524226e-08
original,heat,P-no-rank,11,P-no-rank_s11,1,4000,5000,physics_ranking,train_rank_loss,0.00011342519428581
original,heat,P-no-rank,11,P-no-rank_s11,1,4000,5000,physics_ranking,validation_field_nrmse,0.07860018312931061
original,heat,P-no-rank,11,P-no-rank_s11,1,4000,5000,physics_ranking,validation_normalized_teacher_regret_mean,0.00019797110371655435
original,heat,P-no-rank,11,P-no-rank_s11,1,4000,5000,physics_ranking,validation_teacher_best_agreement,0.921875
original,heat,P-no-rank,11,P-no-rank_s11,1,4000,5000,physics_ranking,selection_score,0.03939907711651358
original,heat,P-no-rank,11,P-no-rank_s11,1,4500,5000,physics_ranking,train_loss,0.0020478751976042986
original,heat,P-no-rank,11,P-no-rank_s11,1,4500,5000,physics_ranking,train_field_loss,0.00041893194429576397
original,heat,P-no-rank,11,P-no-rank_s11,1,4500,5000,physics_ranking,train_initial_field_loss,0.00032932579051703215
original,heat,P-no-rank,11,P-no-rank_s11,1,4500,5000,physics_ranking,train_sensor_consistency_loss,0.001299553201533854
original,heat,P-no-rank,11,P-no-rank_s11,1,4500,5000,physics_ranking,train_bc_diagnostic_loss,0.0
original,heat,P-no-rank,11,P-no-rank_s11,1,4500,5000,physics_ranking,train_physics_loss,6.3895181483530905e-06
original,heat,P-no-rank,11,P-no-rank_s11,1,4500,5000,physics_ranking,train_balance_loss,2.611491112247677e-08
original,heat,P-no-rank,11,P-no-rank_s11,1,4500,5000,physics_ranking,train_rank_loss,0.00015265215188264847
original,heat,P-no-rank,11,P-no-rank_s11,1,4500,5000,physics_ranking,validation_field_nrmse,0.07716649770736694
original,heat,P-no-rank,11,P-no-rank_s11,1,4500,5000,physics_ranking,validation_normalized_teacher_regret_mean,0.00012366364762783633
original,heat,P-no-rank,11,P-no-rank_s11,1,4500,5000,physics_ranking,validation_teacher_best_agreement,0.9375
original,heat,P-no-rank,11,P-no-rank_s11,1,4500,5000,physics_ranking,selection_score,0.03864508067749739
original,heat,P-no-rank,11,P-no-rank_s11,1,5000,5000,physics_ranking,train_loss,0.0021981955505907536
original,heat,P-no-rank,11,P-no-rank_s11,1,5000,5000,physics_ranking,train_field_loss,0.00035162505810149014
original,heat,P-no-rank,11,P-no-rank_s11,1,5000,5000,physics_ranking,train_initial_field_loss,0.0003974844003096223
original,heat,P-no-rank,11,P-no-rank_s11,1,5000,5000,physics_ranking,train_sensor_consistency_loss,0.001449039438739419
original,heat,P-no-rank,11,P-no-rank_s11,1,5000,5000,physics_ranking,train_bc_diagnostic_loss,0.0
original,heat,P-no-rank,11,P-no-rank_s11,1,5000,5000,physics_ranking,train_physics_loss,4.6079808271315414e-06
original,heat,P-no-rank,11,P-no-rank_s11,1,5000,5000,physics_ranking,train_balance_loss,4.0277335244809365e-08
original,heat,P-no-rank,11,P-no-rank_s11,1,5000,5000,physics_ranking,train_rank_loss,3.3667776733636856e-05
original,heat,P-no-rank,11,P-no-rank_s11,1,5000,5000,physics_ranking,validation_field_nrmse,0.07700414955615997
original,heat,P-no-rank,11,P-no-rank_s11,1,5000,5000,physics_ranking,validation_normalized_teacher_regret_mean,0.00012366364762783633
original,heat,P-no-rank,11,P-no-rank_s11,1,5000,5000,physics_ranking,validation_teacher_best_agreement,0.9375
original,heat,P-no-rank,11,P-no-rank_s11,1,5000,5000,physics_ranking,selection_score,0.038563906601893905
original,heat,P-no-rank,23,P-no-rank_s23,1,500,4500,field,train_loss,0.002291851444169879
original,heat,P-no-rank,23,P-no-rank_s23,1,500,4500,field,train_field_loss,0.0006223828531801701
original,heat,P-no-rank,23,P-no-rank_s23,1,500,4500,field,train_initial_field_loss,0.000336665369104594
original,heat,P-no-rank,23,P-no-rank_s23,1,500,4500,field,train_sensor_consistency_loss,0.001332803163677454
original,heat,P-no-rank,23,P-no-rank_s23,1,500,4500,field,train_bc_diagnostic_loss,0.0
original,heat,P-no-rank,23,P-no-rank_s23,1,500,4500,field,train_physics_loss,0.0
original,heat,P-no-rank,23,P-no-rank_s23,1,500,4500,field,train_balance_loss,0.0
original,heat,P-no-rank,23,P-no-rank_s23,1,500,4500,field,train_rank_loss,0.0
original,heat,P-no-rank,23,P-no-rank_s23,1,500,4500,field,validation_field_nrmse,0.10302866250276566
original,heat,P-no-rank,23,P-no-rank_s23,1,500,4500,field,validation_normalized_teacher_regret_mean,3.58162548490526e-05
original,heat,P-no-rank,23,P-no-rank_s23,1,500,4500,field,validation_teacher_best_agreement,0.9375
original,heat,P-no-rank,23,P-no-rank_s23,1,500,4500,field,selection_score,0.051532239378807354
original,heat,P-no-rank,23,P-no-rank_s23,1,1000,4500,field,train_loss,0.002919997088611126
original,heat,P-no-rank,23,P-no-rank_s23,1,1000,4500,field,train_field_loss,0.000977375078946352
original,heat,P-no-rank,23,P-no-rank_s23,1,1000,4500,field,train_initial_field_loss,0.00041222709114663303
original,heat,P-no-rank,23,P-no-rank_s23,1,1000,4500,field,train_sensor_consistency_loss,0.0015303947729989886
original,heat,P-no-rank,23,P-no-rank_s23,1,1000,4500,field,train_bc_diagnostic_loss,0.0
original,heat,P-no-rank,23,P-no-rank_s23,1,1000,4500,field,train_physics_loss,0.0
original,heat,P-no-rank,23,P-no-rank_s23,1,1000,4500,field,train_balance_loss,0.0
original,heat,P-no-rank,23,P-no-rank_s23,1,1000,4500,field,train_rank_loss,0.0
original,heat,P-no-rank,23,P-no-rank_s23,1,1000,4500,field,validation_field_nrmse,0.09908609092235565
original,heat,P-no-rank,23,P-no-rank_s23,1,1000,4500,field,validation_normalized_teacher_regret_mean,3.949822136739556e-05
original,heat,P-no-rank,23,P-no-rank_s23,1,1000,4500,field,validation_teacher_best_agreement,0.9375
original,heat,P-no-rank,23,P-no-rank_s23,1,1000,4500,field,selection_score,0.049562794571861524
original,heat,P-no-rank,23,P-no-rank_s23,1,1500,4500,field,train_loss,0.0022844986524432898
original,heat,P-no-rank,23,P-no-rank_s23,1,1500,4500,field,train_field_loss,0.0005851860041730106
original,heat,P-no-rank,23,P-no-rank_s23,1,1500,4500,field,train_initial_field_loss,0.0003528687229845673
original,heat,P-no-rank,23,P-no-rank_s23,1,1500,4500,field,train_sensor_consistency_loss,0.0013464440125972033
original,heat,P-no-rank,23,P-no-rank_s23,1,1500,4500,field,train_bc_diagnostic_loss,0.0
original,heat,P-no-rank,23,P-no-rank_s23,1,1500,4500,field,train_physics_loss,0.0
original,heat,P-no-rank,23,P-no-rank_s23,1,1500,4500,field,train_balance_loss,0.0
original,heat,P-no-rank,23,P-no-rank_s23,1,1500,4500,field,train_rank_loss,0.0
original,heat,P-no-rank,23,P-no-rank_s23,1,1500,4500,field,validation_field_nrmse,0.0975341722369194
original,heat,P-no-rank,23,P-no-rank_s23,1,1500,4500,field,validation_normalized_teacher_regret_mean,1.7554764781380072e-05
original,heat,P-no-rank,23,P-no-rank_s23,1,1500,4500,field,validation_teacher_best_agreement,0.984375
original,heat,P-no-rank,23,P-no-rank_s23,1,1500,4500,field,selection_score,0.04877586350085039
original,heat,P-no-rank,23,P-no-rank_s23,1,2000,4500,field,train_loss,0.0027882824651896954
original,heat,P-no-rank,23,P-no-rank_s23,1,2000,4500,field,train_field_loss,0.000657703320030123
original,heat,P-no-rank,23,P-no-rank_s23,1,2000,4500,field,train_initial_field_loss,0.0005222639301791787
original,heat,P-no-rank,23,P-no-rank_s23,1,2000,4500,field,train_sensor_consistency_loss,0.0016083153896033764
original,heat,P-no-rank,23,P-no-rank_s23,1,2000,4500,field,train_bc_diagnostic_loss,0.0
original,heat,P-no-rank,23,P-no-rank_s23,1,2000,4500,field,train_physics_loss,0.0
original,heat,P-no-rank,23,P-no-rank_s23,1,2000,4500,field,train_balance_loss,0.0
original,heat,P-no-rank,23,P-no-rank_s23,1,2000,4500,field,train_rank_loss,0.0
original,heat,P-no-rank,23,P-no-rank_s23,1,2000,4500,field,validation_field_nrmse,0.08991221338510513
original,heat,P-no-rank,23,P-no-rank_s23,1,2000,4500,field,validation_normalized_teacher_regret_mean,7.268717308761552e-05
original,heat,P-no-rank,23,P-no-rank_s23,1,2000,4500,field,validation_teacher_best_agreement,0.953125
original,heat,P-no-rank,23,P-no-rank_s23,1,2000,4500,field,selection_score,0.044992450279096374
original,heat,P-no-rank,23,P-no-rank_s23,1,2500,4500,physics_ranking,train_loss,0.0023621441796422005
original,heat,P-no-rank,23,P-no-rank_s23,1,2500,4500,physics_ranking,train_field_loss,0.0006283365073613822
original,heat,P-no-rank,23,P-no-rank_s23,1,2500,4500,physics_ranking,train_initial_field_loss,0.000465457298560068
original,heat,P-no-rank,23,P-no-rank_s23,1,2500,4500,physics_ranking,train_sensor_consistency_loss,0.0012683046516031027
original,heat,P-no-rank,23,P-no-rank_s23,1,2500,4500,physics_ranking,train_bc_diagnostic_loss,0.0
original,heat,P-no-rank,23,P-no-rank_s23,1,2500,4500,physics_ranking,train_physics_loss,5.406702257459983e-06
original,heat,P-no-rank,23,P-no-rank_s23,1,2500,4500,physics_ranking,train_balance_loss,6.381014827638865e-08
original,heat,P-no-rank,23,P-no-rank_s23,1,2500,4500,physics_ranking,train_rank_loss,0.00018621794879436493
original,heat,P-no-rank,23,P-no-rank_s23,1,2500,4500,physics_ranking,validation_field_nrmse,0.08800105005502701
original,heat,P-no-rank,23,P-no-rank_s23,1,2500,4500,physics_ranking,validation_normalized_teacher_regret_mean,1.6030963706725743e-05
original,heat,P-no-rank,23,P-no-rank_s23,1,2500,4500,physics_ranking,validation_teacher_best_agreement,0.953125
original,heat,P-no-rank,23,P-no-rank_s23,1,2500,4500,physics_ranking,selection_score,0.04400854050936687
original,heat,P-no-rank,23,P-no-rank_s23,1,3000,4500,physics_ranking,train_loss,0.0024420113768428564
original,heat,P-no-rank,23,P-no-rank_s23,1,3000,4500,physics_ranking,train_field_loss,0.0005351993604563177
original,heat,P-no-rank,23,P-no-rank_s23,1,3000,4500,physics_ranking,train_initial_field_loss,0.0004963458632119
original,heat,P-no-rank,23,P-no-rank_s23,1,3000,4500,physics_ranking,train_sensor_consistency_loss,0.0014104117872193456
original,heat,P-no-rank,23,P-no-rank_s23,1,3000,4500,physics_ranking,train_bc_diagnostic_loss,0.0
original,heat,P-no-rank,23,P-no-rank_s23,1,3000,4500,physics_ranking,train_physics_loss,5.23879361935542e-06
original,heat,P-no-rank,23,P-no-rank_s23,1,3000,4500,physics_ranking,train_balance_loss,1.7892573112021637e-07
original,heat,P-no-rank,23,P-no-rank_s23,1,3000,4500,physics_ranking,train_rank_loss,0.0004074610769748688
original,heat,P-no-rank,23,P-no-rank_s23,1,3000,4500,physics_ranking,validation_field_nrmse,0.09061156958341599
original,heat,P-no-rank,23,P-no-rank_s23,1,3000,4500,physics_ranking,validation_normalized_teacher_regret_mean,8.572902394909931e-05
original,heat,P-no-rank,23,P-no-rank_s23,1,3000,4500,physics_ranking,validation_teacher_best_agreement,0.875
original,heat,P-no-rank,23,P-no-rank_s23,1,3000,4500,physics_ranking,selection_score,0.04534864930368254
original,heat,P-no-rank,23,P-no-rank_s23,1,3500,4500,physics_ranking,train_loss,0.002446585102006793
original,heat,P-no-rank,23,P-no-rank_s23,1,3500,4500,physics_ranking,train_field_loss,0.000629591871984303
original,heat,P-no-rank,23,P-no-rank_s23,1,3500,4500,physics_ranking,train_initial_field_loss,0.000459841889096424
original,heat,P-no-rank,23,P-no-rank_s23,1,3500,4500,physics_ranking,train_sensor_consistency_loss,0.001357066910713911
original,heat,P-no-rank,23,P-no-rank_s23,1,3500,4500,physics_ranking,train_bc_diagnostic_loss,0.0
original,heat,P-no-rank,23,P-no-rank_s23,1,3500,4500,physics_ranking,train_physics_loss,8.273750609077979e-06
original,heat,P-no-rank,23,P-no-rank_s23,1,3500,4500,physics_ranking,train_balance_loss,1.7664635265646211e-07
original,heat,P-no-rank,23,P-no-rank_s23,1,3500,4500,physics_ranking,train_rank_loss,0.0001777607249096036
original,heat,P-no-rank,23,P-no-rank_s23,1,3500,4500,physics_ranking,validation_field_nrmse,0.08451312780380249
original,heat,P-no-rank,23,P-no-rank_s23,1,3500,4500,physics_ranking,validation_normalized_teacher_regret_mean,5.558767861657543e-05
original,heat,P-no-rank,23,P-no-rank_s23,1,3500,4500,physics_ranking,validation_teacher_best_agreement,0.9375
original,heat,P-no-rank,23,P-no-rank_s23,1,3500,4500,physics_ranking,selection_score,0.04228435774120953
original,heat,P-no-rank,23,P-no-rank_s23,1,4000,4500,physics_ranking,train_loss,0.0021540855523198843
original,heat,P-no-rank,23,P-no-rank_s23,1,4000,4500,physics_ranking,train_field_loss,0.0004689122433774173
original,heat,P-no-rank,23,P-no-rank_s23,1,4000,4500,physics_ranking,train_initial_field_loss,0.00037742816493846476
original,heat,P-no-rank,23,P-no-rank_s23,1,4000,4500,physics_ranking,train_sensor_consistency_loss,0.0013076715404167771
original,heat,P-no-rank,23,P-no-rank_s23,1,4000,4500,physics_ranking,train_bc_diagnostic_loss,0.0
original,heat,P-no-rank,23,P-no-rank_s23,1,4000,4500,physics_ranking,train_physics_loss,7.281834314198932e-06
original,heat,P-no-rank,23,P-no-rank_s23,1,4000,4500,physics_ranking,train_balance_loss,8.029628872918693e-08
original,heat,P-no-rank,23,P-no-rank_s23,1,4000,4500,physics_ranking,train_rank_loss,5.028559826314449e-05
original,heat,P-no-rank,23,P-no-rank_s23,1,4000,4500,physics_ranking,validation_field_nrmse,0.08365046232938766
original,heat,P-no-rank,23,P-no-rank_s23,1,4000,4500,physics_ranking,validation_normalized_teacher_regret_mean,6.822431123509887e-05
original,heat,P-no-rank,23,P-no-rank_s23,1,4000,4500,physics_ranking,validation_teacher_best_agreement,0.9375
original,heat,P-no-rank,23,P-no-rank_s23,1,4000,4500,physics_ranking,selection_score,0.04185934332031138
original,heat,P-no-rank,23,P-no-rank_s23,1,4500,4500,physics_ranking,train_loss,0.002660872181877494
original,heat,P-no-rank,23,P-no-rank_s23,1,4500,4500,physics_ranking,train_field_loss,0.0006062384345568717
original,heat,P-no-rank,23,P-no-rank_s23,1,4500,4500,physics_ranking,train_initial_field_loss,0.0005832909955643117
original,heat,P-no-rank,23,P-no-rank_s23,1,4500,4500,physics_ranking,train_sensor_consistency_loss,0.0014712591655552387
original,heat,P-no-rank,23,P-no-rank_s23,1,4500,4500,physics_ranking,train_bc_diagnostic_loss,0.0
original,heat,P-no-rank,23,P-no-rank_s23,1,4500,4500,physics_ranking,train_physics_loss,8.25603274279274e-06
original,heat,P-no-rank,23,P-no-rank_s23,1,4500,4500,physics_ranking,train_balance_loss,9.753568264159185e-08
original,heat,P-no-rank,23,P-no-rank_s23,1,4500,4500,physics_ranking,train_rank_loss,9.120791219174862e-05
original,heat,P-no-rank,23,P-no-rank_s23,1,4500,4500,physics_ranking,validation_field_nrmse,0.08244631439447403
original,heat,P-no-rank,23,P-no-rank_s23,1,4500,4500,physics_ranking,validation_normalized_teacher_regret_mean,5.226992925599916e-05
original,heat,P-no-rank,23,P-no-rank_s23,1,4500,4500,physics_ranking,validation_teacher_best_agreement,0.953125
original,heat,P-no-rank,23,P-no-rank_s23,1,4500,4500,physics_ranking,selection_score,0.041249292161865014
original,heat,P-no-rank,23,P-no-rank_s23,1,5000,4500,physics_ranking,train_loss,0.0029651792719960213
original,heat,P-no-rank,23,P-no-rank_s23,1,5000,4500,physics_ranking,train_field_loss,0.0007130469311960042
original,heat,P-no-rank,23,P-no-rank_s23,1,5000,4500,physics_ranking,train_initial_field_loss,0.0006672231829725206
original,heat,P-no-rank,23,P-no-rank_s23,1,5000,4500,physics_ranking,train_sensor_consistency_loss,0.001584795885719359
original,heat,P-no-rank,23,P-no-rank_s23,1,5000,4500,physics_ranking,train_bc_diagnostic_loss,0.0
original,heat,P-no-rank,23,P-no-rank_s23,1,5000,4500,physics_ranking,train_physics_loss,1.1178204658790492e-05
original,heat,P-no-rank,23,P-no-rank_s23,1,5000,4500,physics_ranking,train_balance_loss,1.717862261330083e-07
original,heat,P-no-rank,23,P-no-rank_s23,1,5000,4500,physics_ranking,train_rank_loss,7.989443838596344e-05
original,heat,P-no-rank,23,P-no-rank_s23,1,5000,4500,physics_ranking,validation_field_nrmse,0.08248043805360794
original,heat,P-no-rank,23,P-no-rank_s23,1,5000,4500,physics_ranking,validation_normalized_teacher_regret_mean,4.433675803738879e-05
original,heat,P-no-rank,23,P-no-rank_s23,1,5000,4500,physics_ranking,validation_teacher_best_agreement,0.96875
original,heat,P-no-rank,23,P-no-rank_s23,1,5000,4500,physics_ranking,selection_score,0.041262387405822665
original,heat,P-no-rank,37,P-no-rank_s37,1,500,5000,field,train_loss,0.0028575467877089977
original,heat,P-no-rank,37,P-no-rank_s37,1,500,5000,field,train_field_loss,0.0008798949420452118
original,heat,P-no-rank,37,P-no-rank_s37,1,500,5000,field,train_initial_field_loss,0.0005439910455606878
original,heat,P-no-rank,37,P-no-rank_s37,1,500,5000,field,train_sensor_consistency_loss,0.0014336607418954372
original,heat,P-no-rank,37,P-no-rank_s37,1,500,5000,field,train_bc_diagnostic_loss,0.0
original,heat,P-no-rank,37,P-no-rank_s37,1,500,5000,field,train_physics_loss,0.0
original,heat,P-no-rank,37,P-no-rank_s37,1,500,5000,field,train_balance_loss,0.0
original,heat,P-no-rank,37,P-no-rank_s37,1,500,5000,field,train_rank_loss,0.0
original,heat,P-no-rank,37,P-no-rank_s37,1,500,5000,field,validation_field_nrmse,0.10318136215209961
original,heat,P-no-rank,37,P-no-rank_s37,1,500,5000,field,validation_normalized_teacher_regret_mean,4.320189555073739e-05
original,heat,P-no-rank,37,P-no-rank_s37,1,500,5000,field,validation_teacher_best_agreement,0.953125
original,heat,P-no-rank,37,P-no-rank_s37,1,500,5000,field,selection_score,0.05161228202382517
original,heat,P-no-rank,37,P-no-rank_s37,1,1000,5000,field,train_loss,0.002571074292063713
original,heat,P-no-rank,37,P-no-rank_s37,1,1000,5000,field,train_field_loss,0.000977938063442707
original,heat,P-no-rank,37,P-no-rank_s37,1,1000,5000,field,train_initial_field_loss,0.00032632387592457235
original,heat,P-no-rank,37,P-no-rank_s37,1,1000,5000,field,train_sensor_consistency_loss,0.001266812440007925
original,heat,P-no-rank,37,P-no-rank_s37,1,1000,5000,field,train_bc_diagnostic_loss,0.0
original,heat,P-no-rank,37,P-no-rank_s37,1,1000,5000,field,train_physics_loss,0.0
original,heat,P-no-rank,37,P-no-rank_s37,1,1000,5000,field,train_balance_loss,0.0
original,heat,P-no-rank,37,P-no-rank_s37,1,1000,5000,field,train_rank_loss,0.0
original,heat,P-no-rank,37,P-no-rank_s37,1,1000,5000,field,validation_field_nrmse,0.0989285334944725
original,heat,P-no-rank,37,P-no-rank_s37,1,1000,5000,field,validation_normalized_teacher_regret_mean,2.5659793363885797e-05
original,heat,P-no-rank,37,P-no-rank_s37,1,1000,5000,field,validation_teacher_best_agreement,0.9375
original,heat,P-no-rank,37,P-no-rank_s37,1,1000,5000,field,selection_score,0.049477096643918195
original,heat,P-no-rank,37,P-no-rank_s37,1,1500,5000,field,train_loss,0.0024139201268553734
original,heat,P-no-rank,37,P-no-rank_s37,1,1500,5000,field,train_field_loss,0.0007169826421886683
original,heat,P-no-rank,37,P-no-rank_s37,1,1500,5000,field,train_initial_field_loss,0.00035860156640410423
original,heat,P-no-rank,37,P-no-rank_s37,1,1500,5000,field,train_sensor_consistency_loss,0.001338335801847279
original,heat,P-no-rank,37,P-no-rank_s37,1,1500,5000,field,train_bc_diagnostic_loss,0.0
original,heat,P-no-rank,37,P-no-rank_s37,1,1500,5000,field,train_physics_loss,0.0
original,heat,P-no-rank,37,P-no-rank_s37,1,1500,5000,field,train_balance_loss,0.0
original,heat,P-no-rank,37,P-no-rank_s37,1,1500,5000,field,train_rank_loss,0.0
original,heat,P-no-rank,37,P-no-rank_s37,1,1500,5000,field,validation_field_nrmse,0.0978214219212532
original,heat,P-no-rank,37,P-no-rank_s37,1,1500,5000,field,validation_normalized_teacher_regret_mean,0.000238288201371617
original,heat,P-no-rank,37,P-no-rank_s37,1,1500,5000,field,validation_teacher_best_agreement,0.890625
original,heat,P-no-rank,37,P-no-rank_s37,1,1500,5000,field,selection_score,0.04902985506131241
original,heat,P-no-rank,37,P-no-rank_s37,1,2000,5000,field,train_loss,0.002112830989062786
original,heat,P-no-rank,37,P-no-rank_s37,1,2000,5000,field,train_field_loss,0.0004963676328770816
original,heat,P-no-rank,37,P-no-rank_s37,1,2000,5000,field,train_initial_field_loss,0.0003095993888564408
original,heat,P-no-rank,37,P-no-rank_s37,1,2000,5000,field,train_sensor_consistency_loss,0.0013068639673292637
original,heat,P-no-rank,37,P-no-rank_s37,1,2000,5000,field,train_bc_diagnostic_loss,0.0
original,heat,P-no-rank,37,P-no-rank_s37,1,2000,5000,field,train_physics_loss,0.0
original,heat,P-no-rank,37,P-no-rank_s37,1,2000,5000,field,train_balance_loss,0.0
original,heat,P-no-rank,37,P-no-rank_s37,1,2000,5000,field,train_rank_loss,0.0
original,heat,P-no-rank,37,P-no-rank_s37,1,2000,5000,field,validation_field_nrmse,0.08945917338132858
original,heat,P-no-rank,37,P-no-rank_s37,1,2000,5000,field,validation_normalized_teacher_regret_mean,8.432401864411077e-05
original,heat,P-no-rank,37,P-no-rank_s37,1,2000,5000,field,validation_teacher_best_agreement,0.921875
original,heat,P-no-rank,37,P-no-rank_s37,1,2000,5000,field,selection_score,0.04477174869998635
original,heat,P-no-rank,37,P-no-rank_s37,1,2500,5000,physics_ranking,train_loss,0.001930752769112587
original,heat,P-no-rank,37,P-no-rank_s37,1,2500,5000,physics_ranking,train_field_loss,0.00042396673234179616
original,heat,P-no-rank,37,P-no-rank_s37,1,2500,5000,physics_ranking,train_initial_field_loss,0.0002553008671384305
original,heat,P-no-rank,37,P-no-rank_s37,1,2500,5000,physics_ranking,train_sensor_consistency_loss,0.001251448760740459
original,heat,P-no-rank,37,P-no-rank_s37,1,2500,5000,physics_ranking,train_bc_diagnostic_loss,0.0
original,heat,P-no-rank,37,P-no-rank_s37,1,2500,5000,physics_ranking,train_physics_loss,4.293590336601483e-06
original,heat,P-no-rank,37,P-no-rank_s37,1,2500,5000,physics_ranking,train_balance_loss,6.618476788844418e-08
original,heat,P-no-rank,37,P-no-rank_s37,1,2500,5000,physics_ranking,train_rank_loss,0.00014708004891872406
original,heat,P-no-rank,37,P-no-rank_s37,1,2500,5000,physics_ranking,validation_field_nrmse,0.0889667496085167
original,heat,P-no-rank,37,P-no-rank_s37,1,2500,5000,physics_ranking,validation_normalized_teacher_regret_mean,9.093720655073412e-05
original,heat,P-no-rank,37,P-no-rank_s37,1,2500,5000,physics_ranking,validation_teacher_best_agreement,0.9375
original,heat,P-no-rank,37,P-no-rank_s37,1,2500,5000,physics_ranking,selection_score,0.044528843407533714
original,heat,P-no-rank,37,P-no-rank_s37,1,3000,5000,physics_ranking,train_loss,0.002138712676241994
original,heat,P-no-rank,37,P-no-rank_s37,1,3000,5000,physics_ranking,train_field_loss,0.0004883861402049661
original,heat,P-no-rank,37,P-no-rank_s37,1,3000,5000,physics_ranking,train_initial_field_loss,0.00034194154432043433
original,heat,P-no-rank,37,P-no-rank_s37,1,3000,5000,physics_ranking,train_sensor_consistency_loss,0.0013083235826343298
original,heat,P-no-rank,37,P-no-rank_s37,1,3000,5000,physics_ranking,train_bc_diagnostic_loss,0.0
original,heat,P-no-rank,37,P-no-rank_s37,1,3000,5000,physics_ranking,train_physics_loss,6.077674242987996e-06
original,heat,P-no-rank,37,P-no-rank_s37,1,3000,5000,physics_ranking,train_balance_loss,3.953244487320262e-08
original,heat,P-no-rank,37,P-no-rank_s37,1,3000,5000,physics_ranking,train_rank_loss,7.799675222486258e-05
original,heat,P-no-rank,37,P-no-rank_s37,1,3000,5000,physics_ranking,validation_field_nrmse,0.08689181506633759
original,heat,P-no-rank,37,P-no-rank_s37,1,3000,5000,physics_ranking,validation_normalized_teacher_regret_mean,0.0
original,heat,P-no-rank,37,P-no-rank_s37,1,3000,5000,physics_ranking,validation_teacher_best_agreement,1.0
original,heat,P-no-rank,37,P-no-rank_s37,1,3000,5000,physics_ranking,selection_score,0.04344590753316879
original,heat,P-no-rank,37,P-no-rank_s37,1,3500,5000,physics_ranking,train_loss,0.0021162349730730057
original,heat,P-no-rank,37,P-no-rank_s37,1,3500,5000,physics_ranking,train_field_loss,0.00046472769463434815
original,heat,P-no-rank,37,P-no-rank_s37,1,3500,5000,physics_ranking,train_initial_field_loss,0.0003535826108418405
original,heat,P-no-rank,37,P-no-rank_s37,1,3500,5000,physics_ranking,train_sensor_consistency_loss,0.0012978588929399848
original,heat,P-no-rank,37,P-no-rank_s37,1,3500,5000,physics_ranking,train_bc_diagnostic_loss,0.0
original,heat,P-no-rank,37,P-no-rank_s37,1,3500,5000,physics_ranking,train_physics_loss,6.506132194772363e-06
original,heat,P-no-rank,37,P-no-rank_s37,1,3500,5000,physics_ranking,train_balance_loss,9.127032285505265e-08
original,heat,P-no-rank,37,P-no-rank_s37,1,3500,5000,physics_ranking,train_rank_loss,0.0001592966727912426
original,heat,P-no-rank,37,P-no-rank_s37,1,3500,5000,physics_ranking,validation_field_nrmse,0.08531340211629868
original,heat,P-no-rank,37,P-no-rank_s37,1,3500,5000,physics_ranking,validation_normalized_teacher_regret_mean,6.3400245107203546e-06
original,heat,P-no-rank,37,P-no-rank_s37,1,3500,5000,physics_ranking,validation_teacher_best_agreement,0.96875
original,heat,P-no-rank,37,P-no-rank_s37,1,3500,5000,physics_ranking,selection_score,0.0426598710704047
original,heat,P-no-rank,37,P-no-rank_s37,1,4000,5000,physics_ranking,train_loss,0.0021220585331320763
original,heat,P-no-rank,37,P-no-rank_s37,1,4000,5000,physics_ranking,train_field_loss,0.0005459085223264992
original,heat,P-no-rank,37,P-no-rank_s37,1,4000,5000,physics_ranking,train_initial_field_loss,0.0003157566534355283
original,heat,P-no-rank,37,P-no-rank_s37,1,4000,5000,physics_ranking,train_sensor_consistency_loss,0.0012603267095983028
original,heat,P-no-rank,37,P-no-rank_s37,1,4000,5000,physics_ranking,train_bc_diagnostic_loss,0.0
original,heat,P-no-rank,37,P-no-rank_s37,1,4000,5000,physics_ranking,train_physics_loss,6.60105979477521e-06
original,heat,P-no-rank,37,P-no-rank_s37,1,4000,5000,physics_ranking,train_balance_loss,6.239088179427199e-08
original,heat,P-no-rank,37,P-no-rank_s37,1,4000,5000,physics_ranking,train_rank_loss,3.8986559957265854e-05
original,heat,P-no-rank,37,P-no-rank_s37,1,4000,5000,physics_ranking,validation_field_nrmse,0.08433035016059875
original,heat,P-no-rank,37,P-no-rank_s37,1,4000,5000,physics_ranking,validation_normalized_teacher_regret_mean,7.236094390350445e-09
original,heat,P-no-rank,37,P-no-rank_s37,1,4000,5000,physics_ranking,validation_teacher_best_agreement,0.984375
original,heat,P-no-rank,37,P-no-rank_s37,1,4000,5000,physics_ranking,selection_score,0.04216517869834657
original,heat,P-no-rank,37,P-no-rank_s37,1,4500,5000,physics_ranking,train_loss,0.0017435011686757207
original,heat,P-no-rank,37,P-no-rank_s37,1,4500,5000,physics_ranking,train_field_loss,0.00033990287920460105
original,heat,P-no-rank,37,P-no-rank_s37,1,4500,5000,physics_ranking,train_initial_field_loss,0.0002298242470715195
original,heat,P-no-rank,37,P-no-rank_s37,1,4500,5000,physics_ranking,train_sensor_consistency_loss,0.0011737170862033963
original,heat,P-no-rank,37,P-no-rank_s37,1,4500,5000,physics_ranking,train_bc_diagnostic_loss,0.0
original,heat,P-no-rank,37,P-no-rank_s37,1,4500,5000,physics_ranking,train_physics_loss,5.6385329116892535e-06
original,heat,P-no-rank,37,P-no-rank_s37,1,4500,5000,physics_ranking,train_balance_loss,5.237832922944108e-08
original,heat,P-no-rank,37,P-no-rank_s37,1,4500,5000,physics_ranking,train_rank_loss,4.5365653932094574e-05
original,heat,P-no-rank,37,P-no-rank_s37,1,4500,5000,physics_ranking,validation_field_nrmse,0.08415509015321732
original,heat,P-no-rank,37,P-no-rank_s37,1,4500,5000,physics_ranking,validation_normalized_teacher_regret_mean,3.7109104322752273e-06
original,heat,P-no-rank,37,P-no-rank_s37,1,4500,5000,physics_ranking,validation_teacher_best_agreement,0.96875
original,heat,P-no-rank,37,P-no-rank_s37,1,4500,5000,physics_ranking,selection_score,0.042079400531824795
original,heat,P-no-rank,37,P-no-rank_s37,1,5000,5000,physics_ranking,train_loss,0.002468079561367631
original,heat,P-no-rank,37,P-no-rank_s37,1,5000,5000,physics_ranking,train_field_loss,0.0006068749935366213
original,heat,P-no-rank,37,P-no-rank_s37,1,5000,5000,physics_ranking,train_initial_field_loss,0.0004697158874478191
original,heat,P-no-rank,37,P-no-rank_s37,1,5000,5000,physics_ranking,train_sensor_consistency_loss,0.0013914061710238457
original,heat,P-no-rank,37,P-no-rank_s37,1,5000,5000,physics_ranking,train_bc_diagnostic_loss,0.0
original,heat,P-no-rank,37,P-no-rank_s37,1,5000,5000,physics_ranking,train_physics_loss,8.212014108721633e-06
original,heat,P-no-rank,37,P-no-rank_s37,1,5000,5000,physics_ranking,train_balance_loss,3.692073136107865e-08
original,heat,P-no-rank,37,P-no-rank_s37,1,5000,5000,physics_ranking,train_rank_loss,0.0001008867984637618
original,heat,P-no-rank,37,P-no-rank_s37,1,5000,5000,physics_ranking,validation_field_nrmse,0.08400676399469376
original,heat,P-no-rank,37,P-no-rank_s37,1,5000,5000,physics_ranking,validation_normalized_teacher_regret_mean,3.7109104322752273e-06
original,heat,P-no-rank,37,P-no-rank_s37,1,5000,5000,physics_ranking,validation_teacher_best_agreement,0.96875
original,heat,P-no-rank,37,P-no-rank_s37,1,5000,5000,physics_ranking,selection_score,0.042005237452563016
original,heat,P,11,P_s11,1,500,5000,field,train_loss,0.0021079147700220346
original,heat,P,11,P_s11,1,500,5000,field,train_field_loss,0.0005013549816794693
original,heat,P,11,P_s11,1,500,5000,field,train_initial_field_loss,0.0002987608313560486
original,heat,P,11,P_s11,1,500,5000,field,train_sensor_consistency_loss,0.0013077990151941776
original,heat,P,11,P_s11,1,500,5000,field,train_bc_diagnostic_loss,0.0
original,heat,P,11,P_s11,1,500,5000,field,train_physics_loss,0.0
original,heat,P,11,P_s11,1,500,5000,field,train_balance_loss,0.0
original,heat,P,11,P_s11,1,500,5000,field,train_rank_loss,0.0
original,heat,P,11,P_s11,1,500,5000,field,validation_field_nrmse,0.10474192351102829
original,heat,P,11,P_s11,1,500,5000,field,validation_normalized_teacher_regret_mean,0.00024099450108217013
original,heat,P,11,P_s11,1,500,5000,field,validation_teacher_best_agreement,0.890625
original,heat,P,11,P_s11,1,500,5000,field,selection_score,0.05249145900605523
original,heat,P,11,P_s11,1,1000,5000,field,train_loss,0.002576348604634404
original,heat,P,11,P_s11,1,1000,5000,field,train_field_loss,0.0009727653814479709
original,heat,P,11,P_s11,1,1000,5000,field,train_initial_field_loss,0.00034308197791688144
original,heat,P,11,P_s11,1,1000,5000,field,train_sensor_consistency_loss,0.0012605012161657214
original,heat,P,11,P_s11,1,1000,5000,field,train_bc_diagnostic_loss,0.0
original,heat,P,11,P_s11,1,1000,5000,field,train_physics_loss,0.0
original,heat,P,11,P_s11,1,1000,5000,field,train_balance_loss,0.0
original,heat,P,11,P_s11,1,1000,5000,field,train_rank_loss,0.0
original,heat,P,11,P_s11,1,1000,5000,field,validation_field_nrmse,0.09898121654987335
original,heat,P,11,P_s11,1,1000,5000,field,validation_normalized_teacher_regret_mean,3.687634322879774e-05
original,heat,P,11,P_s11,1,1000,5000,field,validation_teacher_best_agreement,0.953125
original,heat,P,11,P_s11,1,1000,5000,field,selection_score,0.049509046446551075
original,heat,P,11,P_s11,1,1500,5000,field,train_loss,0.0024480316787958145
original,heat,P,11,P_s11,1,1500,5000,field,train_field_loss,0.0007030252018012106
original,heat,P,11,P_s11,1,1500,5000,field,train_initial_field_loss,0.0003764899156522006
original,heat,P,11,P_s11,1,1500,5000,field,train_sensor_consistency_loss,0.0013685165904462337
original,heat,P,11,P_s11,1,1500,5000,field,train_bc_diagnostic_loss,0.0
original,heat,P,11,P_s11,1,1500,5000,field,train_physics_loss,0.0
original,heat,P,11,P_s11,1,1500,5000,field,train_balance_loss,0.0
original,heat,P,11,P_s11,1,1500,5000,field,train_rank_loss,0.0
original,heat,P,11,P_s11,1,1500,5000,field,validation_field_nrmse,0.09725064784288406
original,heat,P,11,P_s11,1,1500,5000,field,validation_normalized_teacher_regret_mean,2.5652557269495446e-05
original,heat,P,11,P_s11,1,1500,5000,field,validation_teacher_best_agreement,0.953125
original,heat,P,11,P_s11,1,1500,5000,field,selection_score,0.04863815020007678
original,heat,P,11,P_s11,1,2000,5000,field,train_loss,0.002510929014533758
original,heat,P,11,P_s11,1,2000,5000,field,train_field_loss,0.0007680639973841608
original,heat,P,11,P_s11,1,2000,5000,field,train_initial_field_loss,0.00036082026781514287
original,heat,P,11,P_s11,1,2000,5000,field,train_sensor_consistency_loss,0.0013820447493344545
original,heat,P,11,P_s11,1,2000,5000,field,train_bc_diagnostic_loss,0.0
original,heat,P,11,P_s11,1,2000,5000,field,train_physics_loss,0.0
original,heat,P,11,P_s11,1,2000,5000,field,train_balance_loss,0.0
original,heat,P,11,P_s11,1,2000,5000,field,train_rank_loss,0.0
original,heat,P,11,P_s11,1,2000,5000,field,validation_field_nrmse,0.08828282356262207
original,heat,P,11,P_s11,1,2000,5000,field,validation_normalized_teacher_regret_mean,7.236094390350445e-09
original,heat,P,11,P_s11,1,2000,5000,field,validation_teacher_best_agreement,0.984375
original,heat,P,11,P_s11,1,2000,5000,field,selection_score,0.04414141539935823
original,heat,P,11,P_s11,1,2500,5000,physics_ranking,train_loss,0.0023463463876396418
original,heat,P,11,P_s11,1,2500,5000,physics_ranking,train_field_loss,0.000539303058758378
original,heat,P,11,P_s11,1,2500,5000,physics_ranking,train_initial_field_loss,0.0004169351595919579
original,heat,P,11,P_s11,1,2500,5000,physics_ranking,train_sensor_consistency_loss,0.0013854573480784893
original,heat,P,11,P_s11,1,2500,5000,physics_ranking,train_bc_diagnostic_loss,0.0
original,heat,P,11,P_s11,1,2500,5000,physics_ranking,train_physics_loss,7.1638105509919114e-06
original,heat,P,11,P_s11,1,2500,5000,physics_ranking,train_balance_loss,4.7744432407625936e-08
original,heat,P,11,P_s11,1,2500,5000,physics_ranking,train_rank_loss,4.590617027133703e-05
original,heat,P,11,P_s11,1,2500,5000,physics_ranking,validation_field_nrmse,0.08486859500408173
original,heat,P,11,P_s11,1,2500,5000,physics_ranking,validation_normalized_teacher_regret_mean,0.0
original,heat,P,11,P_s11,1,2500,5000,physics_ranking,validation_teacher_best_agreement,1.0
original,heat,P,11,P_s11,1,2500,5000,physics_ranking,selection_score,0.04243429750204086
original,heat,P,11,P_s11,1,3000,5000,physics_ranking,train_loss,0.002195218577980995
original,heat,P,11,P_s11,1,3000,5000,physics_ranking,train_field_loss,0.0004872554272878915
original,heat,P,11,P_s11,1,3000,5000,physics_ranking,train_initial_field_loss,0.0003798658144660294
original,heat,P,11,P_s11,1,3000,5000,physics_ranking,train_sensor_consistency_loss,0.0013245339505374432
original,heat,P,11,P_s11,1,3000,5000,physics_ranking,train_bc_diagnostic_loss,0.0
original,heat,P,11,P_s11,1,3000,5000,physics_ranking,train_physics_loss,6.345661404338898e-06
original,heat,P,11,P_s11,1,3000,5000,physics_ranking,train_balance_loss,6.596314960916061e-08
original,heat,P,11,P_s11,1,3000,5000,physics_ranking,train_rank_loss,3.49939800798893e-05
original,heat,P,11,P_s11,1,3000,5000,physics_ranking,validation_field_nrmse,0.08397746086120605
original,heat,P,11,P_s11,1,3000,5000,physics_ranking,validation_normalized_teacher_regret_mean,2.3894789292100427e-05
original,heat,P,11,P_s11,1,3000,5000,physics_ranking,validation_teacher_best_agreement,0.953125
original,heat,P,11,P_s11,1,3000,5000,physics_ranking,selection_score,0.04200067782524908
original,heat,P,11,P_s11,1,3500,5000,physics_ranking,train_loss,0.0019525757525116205
original,heat,P,11,P_s11,1,3500,5000,physics_ranking,train_field_loss,0.00032067534630186856
original,heat,P,11,P_s11,1,3500,5000,physics_ranking,train_initial_field_loss,0.0003396571846678853
original,heat,P,11,P_s11,1,3500,5000,physics_ranking,train_sensor_consistency_loss,0.0012905439361929893
original,heat,P,11,P_s11,1,3500,5000,physics_ranking,train_bc_diagnostic_loss,0.0
original,heat,P,11,P_s11,1,3500,5000,physics_ranking,train_physics_loss,4.1588923522795085e-06
original,heat,P,11,P_s11,1,3500,5000,physics_ranking,train_balance_loss,2.5566011530031574e-08
original,heat,P,11,P_s11,1,3500,5000,physics_ranking,train_rank_loss,1.6574980691075325e-05
original,heat,P,11,P_s11,1,3500,5000,physics_ranking,validation_field_nrmse,0.08265422284603119
original,heat,P,11,P_s11,1,3500,5000,physics_ranking,validation_normalized_teacher_regret_mean,2.720530255828635e-05
original,heat,P,11,P_s11,1,3500,5000,physics_ranking,validation_teacher_best_agreement,0.953125
original,heat,P,11,P_s11,1,3500,5000,physics_ranking,selection_score,0.04134071407429474
original,heat,P,11,P_s11,1,4000,5000,physics_ranking,train_loss,0.00221726531162858
original,heat,P,11,P_s11,1,4000,5000,physics_ranking,train_field_loss,0.0004893549485132098
original,heat,P,11,P_s11,1,4000,5000,physics_ranking,train_initial_field_loss,0.00035586379817686975
original,heat,P,11,P_s11,1,4000,5000,physics_ranking,train_sensor_consistency_loss,0.0013694220688194036
original,heat,P,11,P_s11,1,4000,5000,physics_ranking,train_bc_diagnostic_loss,0.0
original,heat,P,11,P_s11,1,4000,5000,physics_ranking,train_physics_loss,7.0767505349067505e-06
original,heat,P,11,P_s11,1,4000,5000,physics_ranking,train_balance_loss,4.5199929132877514e-08
original,heat,P,11,P_s11,1,4000,5000,physics_ranking,train_rank_loss,2.5531044229865074e-05
original,heat,P,11,P_s11,1,4000,5000,physics_ranking,validation_field_nrmse,0.08045021444559097
original,heat,P,11,P_s11,1,4000,5000,physics_ranking,validation_normalized_teacher_regret_mean,4.696587211583392e-05
original,heat,P,11,P_s11,1,4000,5000,physics_ranking,validation_teacher_best_agreement,0.96875
original,heat,P,11,P_s11,1,4000,5000,physics_ranking,selection_score,0.0402485901588534
original,heat,P,11,P_s11,1,4500,5000,physics_ranking,train_loss,0.002082748571410775
original,heat,P,11,P_s11,1,4500,5000,physics_ranking,train_field_loss,0.0004525562690105289
original,heat,P,11,P_s11,1,4500,5000,physics_ranking,train_initial_field_loss,0.00032932579051703215
original,heat,P,11,P_s11,1,4500,5000,physics_ranking,train_sensor_consistency_loss,0.001299553201533854
original,heat,P,11,P_s11,1,4500,5000,physics_ranking,train_bc_diagnostic_loss,0.0
original,heat,P,11,P_s11,1,4500,5000,physics_ranking,train_physics_loss,6.4489249780308455e-06
original,heat,P,11,P_s11,1,4500,5000,physics_ranking,train_balance_loss,2.2972864499593015e-08
original,heat,P,11,P_s11,1,4500,5000,physics_ranking,train_rank_loss,1.2486707419157028e-05
original,heat,P,11,P_s11,1,4500,5000,physics_ranking,validation_field_nrmse,0.07909856736660004
original,heat,P,11,P_s11,1,4500,5000,physics_ranking,validation_normalized_teacher_regret_mean,4.696587211583392e-05
original,heat,P,11,P_s11,1,4500,5000,physics_ranking,validation_teacher_best_agreement,0.96875
original,heat,P,11,P_s11,1,4500,5000,physics_ranking,selection_score,0.039572766619357935
original,heat,P,11,P_s11,1,5000,5000,physics_ranking,train_loss,0.002220622729510069
original,heat,P,11,P_s11,1,5000,5000,physics_ranking,train_field_loss,0.00037316710222512484
original,heat,P,11,P_s11,1,5000,5000,physics_ranking,train_initial_field_loss,0.0003974844003096223
original,heat,P,11,P_s11,1,5000,5000,physics_ranking,train_sensor_consistency_loss,0.001449039438739419
original,heat,P,11,P_s11,1,5000,5000,physics_ranking,train_bc_diagnostic_loss,0.0
original,heat,P,11,P_s11,1,5000,5000,physics_ranking,train_physics_loss,4.641900886781514e-06
original,heat,P,11,P_s11,1,5000,5000,physics_ranking,train_balance_loss,3.5527559560932787e-08
original,heat,P,11,P_s11,1,5000,5000,physics_ranking,train_rank_loss,8.849892765283585e-06
original,heat,P,11,P_s11,1,5000,5000,physics_ranking,validation_field_nrmse,0.07887555658817291
original,heat,P,11,P_s11,1,5000,5000,physics_ranking,validation_normalized_teacher_regret_mean,4.696587211583392e-05
original,heat,P,11,P_s11,1,5000,5000,physics_ranking,validation_teacher_best_agreement,0.96875
original,heat,P,11,P_s11,1,5000,5000,physics_ranking,selection_score,0.03946126123014437
original,heat,P,23,P_s23,1,500,5000,field,train_loss,0.002291851444169879
original,heat,P,23,P_s23,1,500,5000,field,train_field_loss,0.0006223828531801701
original,heat,P,23,P_s23,1,500,5000,field,train_initial_field_loss,0.000336665369104594
original,heat,P,23,P_s23,1,500,5000,field,train_sensor_consistency_loss,0.001332803163677454
original,heat,P,23,P_s23,1,500,5000,field,train_bc_diagnostic_loss,0.0
original,heat,P,23,P_s23,1,500,5000,field,train_physics_loss,0.0
original,heat,P,23,P_s23,1,500,5000,field,train_balance_loss,0.0
original,heat,P,23,P_s23,1,500,5000,field,train_rank_loss,0.0
original,heat,P,23,P_s23,1,500,5000,field,validation_field_nrmse,0.10302866250276566
original,heat,P,23,P_s23,1,500,5000,field,validation_normalized_teacher_regret_mean,3.58162548490526e-05
original,heat,P,23,P_s23,1,500,5000,field,validation_teacher_best_agreement,0.9375
original,heat,P,23,P_s23,1,500,5000,field,selection_score,0.051532239378807354
original,heat,P,23,P_s23,1,1000,5000,field,train_loss,0.002919997088611126
original,heat,P,23,P_s23,1,1000,5000,field,train_field_loss,0.000977375078946352
original,heat,P,23,P_s23,1,1000,5000,field,train_initial_field_loss,0.00041222709114663303
original,heat,P,23,P_s23,1,1000,5000,field,train_sensor_consistency_loss,0.0015303947729989886
original,heat,P,23,P_s23,1,1000,5000,field,train_bc_diagnostic_loss,0.0
original,heat,P,23,P_s23,1,1000,5000,field,train_physics_loss,0.0
original,heat,P,23,P_s23,1,1000,5000,field,train_balance_loss,0.0
original,heat,P,23,P_s23,1,1000,5000,field,train_rank_loss,0.0
original,heat,P,23,P_s23,1,1000,5000,field,validation_field_nrmse,0.09908609092235565
original,heat,P,23,P_s23,1,1000,5000,field,validation_normalized_teacher_regret_mean,3.949822136739556e-05
original,heat,P,23,P_s23,1,1000,5000,field,validation_teacher_best_agreement,0.9375
original,heat,P,23,P_s23,1,1000,5000,field,selection_score,0.049562794571861524
original,heat,P,23,P_s23,1,1500,5000,field,train_loss,0.0022844986524432898
original,heat,P,23,P_s23,1,1500,5000,field,train_field_loss,0.0005851860041730106
original,heat,P,23,P_s23,1,1500,5000,field,train_initial_field_loss,0.0003528687229845673
original,heat,P,23,P_s23,1,1500,5000,field,train_sensor_consistency_loss,0.0013464440125972033
original,heat,P,23,P_s23,1,1500,5000,field,train_bc_diagnostic_loss,0.0
original,heat,P,23,P_s23,1,1500,5000,field,train_physics_loss,0.0
original,heat,P,23,P_s23,1,1500,5000,field,train_balance_loss,0.0
original,heat,P,23,P_s23,1,1500,5000,field,train_rank_loss,0.0
original,heat,P,23,P_s23,1,1500,5000,field,validation_field_nrmse,0.0975341722369194
original,heat,P,23,P_s23,1,1500,5000,field,validation_normalized_teacher_regret_mean,1.7554764781380072e-05
original,heat,P,23,P_s23,1,1500,5000,field,validation_teacher_best_agreement,0.984375
original,heat,P,23,P_s23,1,1500,5000,field,selection_score,0.04877586350085039
original,heat,P,23,P_s23,1,2000,5000,field,train_loss,0.0027882824651896954
original,heat,P,23,P_s23,1,2000,5000,field,train_field_loss,0.000657703320030123
original,heat,P,23,P_s23,1,2000,5000,field,train_initial_field_loss,0.0005222639301791787
original,heat,P,23,P_s23,1,2000,5000,field,train_sensor_consistency_loss,0.0016083153896033764
original,heat,P,23,P_s23,1,2000,5000,field,train_bc_diagnostic_loss,0.0
original,heat,P,23,P_s23,1,2000,5000,field,train_physics_loss,0.0
original,heat,P,23,P_s23,1,2000,5000,field,train_balance_loss,0.0
original,heat,P,23,P_s23,1,2000,5000,field,train_rank_loss,0.0
original,heat,P,23,P_s23,1,2000,5000,field,validation_field_nrmse,0.08991221338510513
original,heat,P,23,P_s23,1,2000,5000,field,validation_normalized_teacher_regret_mean,7.268717308761552e-05
original,heat,P,23,P_s23,1,2000,5000,field,validation_teacher_best_agreement,0.953125
original,heat,P,23,P_s23,1,2000,5000,field,selection_score,0.044992450279096374
original,heat,P,23,P_s23,1,2500,5000,physics_ranking,train_loss,0.0023856754414737225
original,heat,P,23,P_s23,1,2500,5000,physics_ranking,train_field_loss,0.0006437971605919302
original,heat,P,23,P_s23,1,2500,5000,physics_ranking,train_initial_field_loss,0.000465457298560068
original,heat,P,23,P_s23,1,2500,5000,physics_ranking,train_sensor_consistency_loss,0.0012683046516031027
original,heat,P,23,P_s23,1,2500,5000,physics_ranking,train_bc_diagnostic_loss,0.0
original,heat,P,23,P_s23,1,2500,5000,physics_ranking,train_physics_loss,5.441920620796736e-06
original,heat,P,23,P_s23,1,2500,5000,physics_ranking,train_balance_loss,9.065247041917246e-08
original,heat,P,23,P_s23,1,2500,5000,physics_ranking,train_rank_loss,8.070189505815506e-05
original,heat,P,23,P_s23,1,2500,5000,physics_ranking,validation_field_nrmse,0.08805331587791443
original,heat,P,23,P_s23,1,2500,5000,physics_ranking,validation_normalized_teacher_regret_mean,1.1346798601152841e-05
original,heat,P,23,P_s23,1,2500,5000,physics_ranking,validation_teacher_best_agreement,0.96875
original,heat,P,23,P_s23,1,2500,5000,physics_ranking,selection_score,0.04403233133825779
original,heat,P,23,P_s23,1,3000,5000,physics_ranking,train_loss,0.002453647553920746
original,heat,P,23,P_s23,1,3000,5000,physics_ranking,train_field_loss,0.0005384255782701075
original,heat,P,23,P_s23,1,3000,5000,physics_ranking,train_initial_field_loss,0.0004963458632119
original,heat,P,23,P_s23,1,3000,5000,physics_ranking,train_sensor_consistency_loss,0.0014104117872193456
original,heat,P,23,P_s23,1,3000,5000,physics_ranking,train_bc_diagnostic_loss,0.0
original,heat,P,23,P_s23,1,3000,5000,physics_ranking,train_physics_loss,5.234832315181848e-06
original,heat,P,23,P_s23,1,3000,5000,physics_ranking,train_balance_loss,1.6252786849690892e-07
original,heat,P,23,P_s23,1,3000,5000,physics_ranking,train_rank_loss,8.4102270193398e-05
original,heat,P,23,P_s23,1,3000,5000,physics_ranking,validation_field_nrmse,0.08626388013362885
original,heat,P,23,P_s23,1,3000,5000,physics_ranking,validation_normalized_teacher_regret_mean,1.6038199801116093e-05
original,heat,P,23,P_s23,1,3000,5000,physics_ranking,validation_teacher_best_agreement,0.9375
original,heat,P,23,P_s23,1,3000,5000,physics_ranking,selection_score,0.04313995916671498
original,heat,P,23,P_s23,1,3500,5000,physics_ranking,train_loss,0.002441044431179762
original,heat,P,23,P_s23,1,3500,5000,physics_ranking,train_field_loss,0.0006222578813321888
original,heat,P,23,P_s23,1,3500,5000,physics_ranking,train_initial_field_loss,0.000459841889096424
original,heat,P,23,P_s23,1,3500,5000,physics_ranking,train_sensor_consistency_loss,0.001357066910713911
original,heat,P,23,P_s23,1,3500,5000,physics_ranking,train_bc_diagnostic_loss,0.0
original,heat,P,23,P_s23,1,3500,5000,physics_ranking,train_physics_loss,8.219544724852312e-06
original,heat,P,23,P_s23,1,3500,5000,physics_ranking,train_balance_loss,1.6472952779622574e-07
original,heat,P,23,P_s23,1,3500,5000,physics_ranking,train_rank_loss,1.7939135432243347e-05
original,heat,P,23,P_s23,1,3500,5000,physics_ranking,validation_field_nrmse,0.08473038673400879
original,heat,P,23,P_s23,1,3500,5000,physics_ranking,validation_normalized_teacher_regret_mean,4.856625491811428e-05
original,heat,P,23,P_s23,1,3500,5000,physics_ranking,validation_teacher_best_agreement,0.96875
original,heat,P,23,P_s23,1,3500,5000,physics_ranking,selection_score,0.04238947649446345
original,heat,P,23,P_s23,1,4000,5000,physics_ranking,train_loss,0.0021711525041610003
original,heat,P,23,P_s23,1,4000,5000,physics_ranking,train_field_loss,0.00048351348959840834
original,heat,P,23,P_s23,1,4000,5000,physics_ranking,train_initial_field_loss,0.00037742816493846476
original,heat,P,23,P_s23,1,4000,5000,physics_ranking,train_sensor_consistency_loss,0.0013076715404167771
original,heat,P,23,P_s23,1,4000,5000,physics_ranking,train_bc_diagnostic_loss,0.0
original,heat,P,23,P_s23,1,4000,5000,physics_ranking,train_physics_loss,7.3246719693997875e-06
original,heat,P,23,P_s23,1,4000,5000,physics_ranking,train_balance_loss,8.795930028782095e-08
original,heat,P,23,P_s23,1,4000,5000,physics_ranking,train_rank_loss,2.4652807042002678e-05
original,heat,P,23,P_s23,1,4000,5000,physics_ranking,validation_field_nrmse,0.08394737541675568
original,heat,P,23,P_s23,1,4000,5000,physics_ranking,validation_normalized_teacher_regret_mean,4.434399413177914e-05
original,heat,P,23,P_s23,1,4000,5000,physics_ranking,validation_teacher_best_agreement,0.953125
original,heat,P,23,P_s23,1,4000,5000,physics_ranking,selection_score,0.04199585970544373
original,heat,P,23,P_s23,1,4500,5000,physics_ranking,train_loss,0.002678970107808709
original,heat,P,23,P_s23,1,4500,5000,physics_ranking,train_field_loss,0.0006231821025721729
original,heat,P,23,P_s23,1,4500,5000,physics_ranking,train_initial_field_loss,0.0005832909955643117
original,heat,P,23,P_s23,1,4500,5000,physics_ranking,train_sensor_consistency_loss,0.0014712591655552387
original,heat,P,23,P_s23,1,4500,5000,physics_ranking,train_bc_diagnostic_loss,0.0
original,heat,P,23,P_s23,1,4500,5000,physics_ranking,train_physics_loss,8.314811566378921e-06
original,heat,P,23,P_s23,1,4500,5000,physics_ranking,train_balance_loss,9.949864221425742e-08
original,heat,P,23,P_s23,1,4500,5000,physics_ranking,train_rank_loss,1.1536874808371067e-05
original,heat,P,23,P_s23,1,4500,5000,physics_ranking,validation_field_nrmse,0.08355679363012314
original,heat,P,23,P_s23,1,4500,5000,physics_ranking,validation_normalized_teacher_regret_mean,4.0633083699503914e-05
original,heat,P,23,P_s23,1,4500,5000,physics_ranking,validation_teacher_best_agreement,0.984375
original,heat,P,23,P_s23,1,4500,5000,physics_ranking,selection_score,0.04179871335691132
original,heat,P,23,P_s23,1,5000,5000,physics_ranking,train_loss,0.002984462073072791
original,heat,P,23,P_s23,1,5000,5000,physics_ranking,train_field_loss,0.0007312074303627014
original,heat,P,23,P_s23,1,5000,5000,physics_ranking,train_initial_field_loss,0.0006672231829725206
original,heat,P,23,P_s23,1,5000,5000,physics_ranking,train_sensor_consistency_loss,0.001584795885719359
original,heat,P,23,P_s23,1,5000,5000,physics_ranking,train_bc_diagnostic_loss,0.0
original,heat,P,23,P_s23,1,5000,5000,physics_ranking,train_physics_loss,1.122200319514377e-05
original,heat,P,23,P_s23,1,5000,5000,physics_ranking,train_balance_loss,1.518717738235864e-07
original,heat,P,23,P_s23,1,5000,5000,physics_ranking,train_rank_loss,1.1217663995921612e-05
original,heat,P,23,P_s23,1,5000,5000,physics_ranking,validation_field_nrmse,0.08353152126073837
original,heat,P,23,P_s23,1,5000,5000,physics_ranking,validation_normalized_teacher_regret_mean,4.0633083699503914e-05
original,heat,P,23,P_s23,1,5000,5000,physics_ranking,validation_teacher_best_agreement,0.984375
original,heat,P,23,P_s23,1,5000,5000,physics_ranking,selection_score,0.04178607717221894
original,heat,P,37,P_s37,1,500,5000,field,train_loss,0.0028575467877089977
original,heat,P,37,P_s37,1,500,5000,field,train_field_loss,0.0008798949420452118
original,heat,P,37,P_s37,1,500,5000,field,train_initial_field_loss,0.0005439910455606878
original,heat,P,37,P_s37,1,500,5000,field,train_sensor_consistency_loss,0.0014336607418954372
original,heat,P,37,P_s37,1,500,5000,field,train_bc_diagnostic_loss,0.0
original,heat,P,37,P_s37,1,500,5000,field,train_physics_loss,0.0
original,heat,P,37,P_s37,1,500,5000,field,train_balance_loss,0.0
original,heat,P,37,P_s37,1,500,5000,field,train_rank_loss,0.0
original,heat,P,37,P_s37,1,500,5000,field,validation_field_nrmse,0.10318136215209961
original,heat,P,37,P_s37,1,500,5000,field,validation_normalized_teacher_regret_mean,4.320189555073739e-05
original,heat,P,37,P_s37,1,500,5000,field,validation_teacher_best_agreement,0.953125
original,heat,P,37,P_s37,1,500,5000,field,selection_score,0.05161228202382517
original,heat,P,37,P_s37,1,1000,5000,field,train_loss,0.002571074292063713
original,heat,P,37,P_s37,1,1000,5000,field,train_field_loss,0.000977938063442707
original,heat,P,37,P_s37,1,1000,5000,field,train_initial_field_loss,0.00032632387592457235
original,heat,P,37,P_s37,1,1000,5000,field,train_sensor_consistency_loss,0.001266812440007925
original,heat,P,37,P_s37,1,1000,5000,field,train_bc_diagnostic_loss,0.0
original,heat,P,37,P_s37,1,1000,5000,field,train_physics_loss,0.0
original,heat,P,37,P_s37,1,1000,5000,field,train_balance_loss,0.0
original,heat,P,37,P_s37,1,1000,5000,field,train_rank_loss,0.0
original,heat,P,37,P_s37,1,1000,5000,field,validation_field_nrmse,0.0989285334944725
original,heat,P,37,P_s37,1,1000,5000,field,validation_normalized_teacher_regret_mean,2.5659793363885797e-05
original,heat,P,37,P_s37,1,1000,5000,field,validation_teacher_best_agreement,0.9375
original,heat,P,37,P_s37,1,1000,5000,field,selection_score,0.049477096643918195
original,heat,P,37,P_s37,1,1500,5000,field,train_loss,0.0024139201268553734
original,heat,P,37,P_s37,1,1500,5000,field,train_field_loss,0.0007169826421886683
original,heat,P,37,P_s37,1,1500,5000,field,train_initial_field_loss,0.00035860156640410423
original,heat,P,37,P_s37,1,1500,5000,field,train_sensor_consistency_loss,0.001338335801847279
original,heat,P,37,P_s37,1,1500,5000,field,train_bc_diagnostic_loss,0.0
original,heat,P,37,P_s37,1,1500,5000,field,train_physics_loss,0.0
original,heat,P,37,P_s37,1,1500,5000,field,train_balance_loss,0.0
original,heat,P,37,P_s37,1,1500,5000,field,train_rank_loss,0.0
original,heat,P,37,P_s37,1,1500,5000,field,validation_field_nrmse,0.0978214219212532
original,heat,P,37,P_s37,1,1500,5000,field,validation_normalized_teacher_regret_mean,0.000238288201371617
original,heat,P,37,P_s37,1,1500,5000,field,validation_teacher_best_agreement,0.890625
original,heat,P,37,P_s37,1,1500,5000,field,selection_score,0.04902985506131241
original,heat,P,37,P_s37,1,2000,5000,field,train_loss,0.002112830989062786
original,heat,P,37,P_s37,1,2000,5000,field,train_field_loss,0.0004963676328770816
original,heat,P,37,P_s37,1,2000,5000,field,train_initial_field_loss,0.0003095993888564408
original,heat,P,37,P_s37,1,2000,5000,field,train_sensor_consistency_loss,0.0013068639673292637
original,heat,P,37,P_s37,1,2000,5000,field,train_bc_diagnostic_loss,0.0
original,heat,P,37,P_s37,1,2000,5000,field,train_physics_loss,0.0
original,heat,P,37,P_s37,1,2000,5000,field,train_balance_loss,0.0
original,heat,P,37,P_s37,1,2000,5000,field,train_rank_loss,0.0
original,heat,P,37,P_s37,1,2000,5000,field,validation_field_nrmse,0.08945917338132858
original,heat,P,37,P_s37,1,2000,5000,field,validation_normalized_teacher_regret_mean,8.432401864411077e-05
original,heat,P,37,P_s37,1,2000,5000,field,validation_teacher_best_agreement,0.921875
original,heat,P,37,P_s37,1,2000,5000,field,selection_score,0.04477174869998635
original,heat,P,37,P_s37,1,2500,5000,physics_ranking,train_loss,0.0019287698669359088
original,heat,P,37,P_s37,1,2500,5000,physics_ranking,train_field_loss,0.0004199112008791417
original,heat,P,37,P_s37,1,2500,5000,physics_ranking,train_initial_field_loss,0.0002553008671384305
original,heat,P,37,P_s37,1,2500,5000,physics_ranking,train_sensor_consistency_loss,0.001251448760740459
original,heat,P,37,P_s37,1,2500,5000,physics_ranking,train_bc_diagnostic_loss,0.0
original,heat,P,37,P_s37,1,2500,5000,physics_ranking,train_physics_loss,4.2478263821976725e-06
original,heat,P,37,P_s37,1,2500,5000,physics_ranking,train_balance_loss,4.885199089699199e-08
original,heat,P,37,P_s37,1,2500,5000,physics_ranking,train_rank_loss,2.0731240510940552e-05
original,heat,P,37,P_s37,1,2500,5000,physics_ranking,validation_field_nrmse,0.08871667087078094
original,heat,P,37,P_s37,1,2500,5000,physics_ranking,validation_normalized_teacher_regret_mean,3.317749360576272e-06
original,heat,P,37,P_s37,1,2500,5000,physics_ranking,validation_teacher_best_agreement,0.984375
original,heat,P,37,P_s37,1,2500,5000,physics_ranking,selection_score,0.04435999431007076
original,heat,P,37,P_s37,1,3000,5000,physics_ranking,train_loss,0.0021460948046296835
original,heat,P,37,P_s37,1,3000,5000,physics_ranking,train_field_loss,0.0004943794338032603
original,heat,P,37,P_s37,1,3000,5000,physics_ranking,train_initial_field_loss,0.00034194154432043433
original,heat,P,37,P_s37,1,3000,5000,physics_ranking,train_sensor_consistency_loss,0.0013083235826343298
original,heat,P,37,P_s37,1,3000,5000,physics_ranking,train_bc_diagnostic_loss,0.0
original,heat,P,37,P_s37,1,3000,5000,physics_ranking,train_physics_loss,6.077813850424718e-06
original,heat,P,37,P_s37,1,3000,5000,physics_ranking,train_balance_loss,2.818999611520212e-08
original,heat,P,37,P_s37,1,3000,5000,physics_ranking,train_rank_loss,1.38930045068264e-05
original,heat,P,37,P_s37,1,3000,5000,physics_ranking,validation_field_nrmse,0.08782833069562912
original,heat,P,37,P_s37,1,3000,5000,physics_ranking,validation_normalized_teacher_regret_mean,8.961902649318176e-06
original,heat,P,37,P_s37,1,3000,5000,physics_ranking,validation_teacher_best_agreement,0.953125
original,heat,P,37,P_s37,1,3000,5000,physics_ranking,selection_score,0.04391864629913922
original,heat,P,37,P_s37,1,3500,5000,physics_ranking,train_loss,0.0021287223789840937
original,heat,P,37,P_s37,1,3500,5000,physics_ranking,train_field_loss,0.00047574855852872133
original,heat,P,37,P_s37,1,3500,5000,physics_ranking,train_initial_field_loss,0.0003535826108418405
original,heat,P,37,P_s37,1,3500,5000,physics_ranking,train_sensor_consistency_loss,0.0012978588929399848
original,heat,P,37,P_s37,1,3500,5000,physics_ranking,train_bc_diagnostic_loss,0.0
original,heat,P,37,P_s37,1,3500,5000,physics_ranking,train_physics_loss,6.5504241320013534e-06
original,heat,P,37,P_s37,1,3500,5000,physics_ranking,train_balance_loss,5.135494518526684e-08
original,heat,P,37,P_s37,1,3500,5000,physics_ranking,train_rank_loss,1.4660297892987728e-05
original,heat,P,37,P_s37,1,3500,5000,physics_ranking,validation_field_nrmse,0.08555757254362106
original,heat,P,37,P_s37,1,3500,5000,physics_ranking,validation_normalized_teacher_regret_mean,0.0
original,heat,P,37,P_s37,1,3500,5000,physics_ranking,validation_teacher_best_agreement,1.0
original,heat,P,37,P_s37,1,3500,5000,physics_ranking,selection_score,0.04277878627181053
original,heat,P,37,P_s37,1,4000,5000,physics_ranking,train_loss,0.0021405555307865143
original,heat,P,37,P_s37,1,4000,5000,physics_ranking,train_field_loss,0.0005632787360809743
original,heat,P,37,P_s37,1,4000,5000,physics_ranking,train_initial_field_loss,0.0003157566534355283
original,heat,P,37,P_s37,1,4000,5000,physics_ranking,train_sensor_consistency_loss,0.0012603267095983028
original,heat,P,37,P_s37,1,4000,5000,physics_ranking,train_bc_diagnostic_loss,0.0
original,heat,P,37,P_s37,1,4000,5000,physics_ranking,train_physics_loss,6.647308055107715e-06
original,heat,P,37,P_s37,1,4000,5000,physics_ranking,train_balance_loss,5.556883664326051e-08
original,heat,P,37,P_s37,1,4000,5000,physics_ranking,train_rank_loss,1.1265277862548828e-05
original,heat,P,37,P_s37,1,4000,5000,physics_ranking,validation_field_nrmse,0.08485708385705948
original,heat,P,37,P_s37,1,4000,5000,physics_ranking,validation_normalized_teacher_regret_mean,6.332788416330004e-06
original,heat,P,37,P_s37,1,4000,5000,physics_ranking,validation_teacher_best_agreement,0.984375
original,heat,P,37,P_s37,1,4000,5000,physics_ranking,selection_score,0.042431708322737904
original,heat,P,37,P_s37,1,4500,5000,physics_ranking,train_loss,0.0017423887038603425
original,heat,P,37,P_s37,1,4500,5000,physics_ranking,train_field_loss,0.0003380024863872677
original,heat,P,37,P_s37,1,4500,5000,physics_ranking,train_initial_field_loss,0.0002298242470715195
original,heat,P,37,P_s37,1,4500,5000,physics_ranking,train_sensor_consistency_loss,0.0011737170862033963
original,heat,P,37,P_s37,1,4500,5000,physics_ranking,train_bc_diagnostic_loss,0.0
original,heat,P,37,P_s37,1,4500,5000,physics_ranking,train_physics_loss,5.6159710766223725e-06
original,heat,P,37,P_s37,1,4500,5000,physics_ranking,train_balance_loss,4.9601119656017545e-08
original,heat,P,37,P_s37,1,4500,5000,physics_ranking,train_rank_loss,7.882830686867237e-06
original,heat,P,37,P_s37,1,4500,5000,physics_ranking,validation_field_nrmse,0.0845360979437828
original,heat,P,37,P_s37,1,4500,5000,physics_ranking,validation_normalized_teacher_regret_mean,0.0
original,heat,P,37,P_s37,1,4500,5000,physics_ranking,validation_teacher_best_agreement,1.0
original,heat,P,37,P_s37,1,4500,5000,physics_ranking,selection_score,0.0422680489718914
original,heat,P,37,P_s37,1,5000,5000,physics_ranking,train_loss,0.0024857583921402693
original,heat,P,37,P_s37,1,5000,5000,physics_ranking,train_field_loss,0.0006236371118575335
original,heat,P,37,P_s37,1,5000,5000,physics_ranking,train_initial_field_loss,0.0004697158874478191
original,heat,P,37,P_s37,1,5000,5000,physics_ranking,train_sensor_consistency_loss,0.0013914061710238457
original,heat,P,37,P_s37,1,5000,5000,physics_ranking,train_bc_diagnostic_loss,0.0
original,heat,P,37,P_s37,1,5000,5000,physics_ranking,train_physics_loss,8.278540008177515e-06
original,heat,P,37,P_s37,1,5000,5000,physics_ranking,train_balance_loss,3.303996010117771e-08
original,heat,P,37,P_s37,1,5000,5000,physics_ranking,train_rank_loss,9.158742614090443e-06
original,heat,P,37,P_s37,1,5000,5000,physics_ranking,validation_field_nrmse,0.08439669758081436
original,heat,P,37,P_s37,1,5000,5000,physics_ranking,validation_normalized_teacher_regret_mean,0.0
original,heat,P,37,P_s37,1,5000,5000,physics_ranking,validation_teacher_best_agreement,1.0
original,heat,P,37,P_s37,1,5000,5000,physics_ranking,selection_score,0.04219834879040718
original,burgers,observer,7,burgers_seed7,1,100,1000,not_applicable,validation_nrmse,0.19731485843658447
original,burgers,observer,7,burgers_seed7,1,100,1000,not_applicable,train_normalized_loss,0.013684856705367565
original,burgers,observer,7,burgers_seed7,1,100,1000,not_applicable,train_initial_field_loss,0.004896733909845352
original,burgers,observer,7,burgers_seed7,1,100,1000,not_applicable,train_sensor_consistency_loss,0.008788122795522213
original,burgers,observer,7,burgers_seed7,1,200,1000,not_applicable,validation_nrmse,0.14513400197029114
original,burgers,observer,7,burgers_seed7,1,200,1000,not_applicable,train_normalized_loss,0.014109421521425247
original,burgers,observer,7,burgers_seed7,1,200,1000,not_applicable,train_initial_field_loss,0.005027001723647118
original,burgers,observer,7,burgers_seed7,1,200,1000,not_applicable,train_sensor_consistency_loss,0.00908241979777813
original,burgers,observer,7,burgers_seed7,1,300,1000,not_applicable,validation_nrmse,0.12293244898319244
original,burgers,observer,7,burgers_seed7,1,300,1000,not_applicable,train_normalized_loss,0.01155215036123991
original,burgers,observer,7,burgers_seed7,1,300,1000,not_applicable,train_initial_field_loss,0.003350395942106843
original,burgers,observer,7,burgers_seed7,1,300,1000,not_applicable,train_sensor_consistency_loss,0.00820175465196371
original,burgers,observer,7,burgers_seed7,1,400,1000,not_applicable,validation_nrmse,0.11519984900951385
original,burgers,observer,7,burgers_seed7,1,400,1000,not_applicable,train_normalized_loss,0.008107729256153107
original,burgers,observer,7,burgers_seed7,1,400,1000,not_applicable,train_initial_field_loss,0.0021203598007559776
original,burgers,observer,7,burgers_seed7,1,400,1000,not_applicable,train_sensor_consistency_loss,0.005987368989735842
original,burgers,observer,7,burgers_seed7,1,500,1000,not_applicable,validation_nrmse,0.10369203239679337
original,burgers,observer,7,burgers_seed7,1,500,1000,not_applicable,train_normalized_loss,0.007782230153679848
original,burgers,observer,7,burgers_seed7,1,500,1000,not_applicable,train_initial_field_loss,0.0020608326885849237
original,burgers,observer,7,burgers_seed7,1,500,1000,not_applicable,train_sensor_consistency_loss,0.005721397697925568
original,burgers,observer,7,burgers_seed7,1,600,1000,not_applicable,validation_nrmse,0.10031261295080185
original,burgers,observer,7,burgers_seed7,1,600,1000,not_applicable,train_normalized_loss,0.00724510895088315
original,burgers,observer,7,burgers_seed7,1,600,1000,not_applicable,train_initial_field_loss,0.0017585428431630135
original,burgers,observer,7,burgers_seed7,1,600,1000,not_applicable,train_sensor_consistency_loss,0.005486566107720137
original,burgers,observer,7,burgers_seed7,1,700,1000,not_applicable,validation_nrmse,0.09660159796476364
original,burgers,observer,7,burgers_seed7,1,700,1000,not_applicable,train_normalized_loss,0.0063489219173789024
original,burgers,observer,7,burgers_seed7,1,700,1000,not_applicable,train_initial_field_loss,0.0013000156031921506
original,burgers,observer,7,burgers_seed7,1,700,1000,not_applicable,train_sensor_consistency_loss,0.005048906430602074
original,burgers,observer,7,burgers_seed7,1,800,1000,not_applicable,validation_nrmse,0.09501387178897858
original,burgers,observer,7,burgers_seed7,1,800,1000,not_applicable,train_normalized_loss,0.0060416837222874165
original,burgers,observer,7,burgers_seed7,1,800,1000,not_applicable,train_initial_field_loss,0.0011998697882518172
original,burgers,observer,7,burgers_seed7,1,800,1000,not_applicable,train_sensor_consistency_loss,0.004841813817620277
original,burgers,observer,7,burgers_seed7,1,900,1000,not_applicable,validation_nrmse,0.09407804906368256
original,burgers,observer,7,burgers_seed7,1,900,1000,not_applicable,train_normalized_loss,0.006481533404439688
original,burgers,observer,7,burgers_seed7,1,900,1000,not_applicable,train_initial_field_loss,0.0012195586459711194
original,burgers,observer,7,burgers_seed7,1,900,1000,not_applicable,train_sensor_consistency_loss,0.00526197487488389
original,burgers,observer,7,burgers_seed7,1,1000,1000,not_applicable,validation_nrmse,0.09369105100631714
original,burgers,observer,7,burgers_seed7,1,1000,1000,not_applicable,train_normalized_loss,0.0053707025945186615
original,burgers,observer,7,burgers_seed7,1,1000,1000,not_applicable,train_initial_field_loss,0.0010691497009247541
original,burgers,observer,7,burgers_seed7,1,1000,1000,not_applicable,train_sensor_consistency_loss,0.004301552660763264
original,heat,observer,7,heat_seed7,1,100,900,not_applicable,validation_nrmse,0.24011491239070892
original,heat,observer,7,heat_seed7,1,100,900,not_applicable,train_normalized_loss,0.0124245909973979
original,heat,observer,7,heat_seed7,1,100,900,not_applicable,train_initial_field_loss,0.006136205978691578
original,heat,observer,7,heat_seed7,1,100,900,not_applicable,train_sensor_consistency_loss,0.006288385018706322
original,heat,observer,7,heat_seed7,1,200,900,not_applicable,validation_nrmse,0.13749031722545624
original,heat,observer,7,heat_seed7,1,200,900,not_applicable,train_normalized_loss,0.0042421454563736916
original,heat,observer,7,heat_seed7,1,200,900,not_applicable,train_initial_field_loss,0.001650316989980638
original,heat,observer,7,heat_seed7,1,200,900,not_applicable,train_sensor_consistency_loss,0.0025918285828083754
original,heat,observer,7,heat_seed7,1,300,900,not_applicable,validation_nrmse,0.1208694651722908
original,heat,observer,7,heat_seed7,1,300,900,not_applicable,train_normalized_loss,0.0024179527536034584
original,heat,observer,7,heat_seed7,1,300,900,not_applicable,train_initial_field_loss,0.0006948912632651627
original,heat,observer,7,heat_seed7,1,300,900,not_applicable,train_sensor_consistency_loss,0.0017230614321306348
original,heat,observer,7,heat_seed7,1,400,900,not_applicable,validation_nrmse,0.10315956920385361
original,heat,observer,7,heat_seed7,1,400,900,not_applicable,train_normalized_loss,0.0023730481043457985
original,heat,observer,7,heat_seed7,1,400,900,not_applicable,train_initial_field_loss,0.0006405564490705729
original,heat,observer,7,heat_seed7,1,400,900,not_applicable,train_sensor_consistency_loss,0.0017324916552752256
original,heat,observer,7,heat_seed7,1,500,900,not_applicable,validation_nrmse,0.0948326364159584
original,heat,observer,7,heat_seed7,1,500,900,not_applicable,train_normalized_loss,0.0020678737200796604
original,heat,observer,7,heat_seed7,1,500,900,not_applicable,train_initial_field_loss,0.000503679271787405
original,heat,observer,7,heat_seed7,1,500,900,not_applicable,train_sensor_consistency_loss,0.0015641944482922554
original,heat,observer,7,heat_seed7,1,600,900,not_applicable,validation_nrmse,0.09022433310747147
original,heat,observer,7,heat_seed7,1,600,900,not_applicable,train_normalized_loss,0.002559778280556202
original,heat,observer,7,heat_seed7,1,600,900,not_applicable,train_initial_field_loss,0.0008415996562689543
original,heat,observer,7,heat_seed7,1,600,900,not_applicable,train_sensor_consistency_loss,0.0017181787407025695
original,heat,observer,7,heat_seed7,1,700,900,not_applicable,validation_nrmse,0.08611182123422623
original,heat,observer,7,heat_seed7,1,700,900,not_applicable,train_normalized_loss,0.0018073887331411242
original,heat,observer,7,heat_seed7,1,700,900,not_applicable,train_initial_field_loss,0.0004183731507509947
original,heat,observer,7,heat_seed7,1,700,900,not_applicable,train_sensor_consistency_loss,0.0013890155823901296
original,heat,observer,7,heat_seed7,1,800,900,not_applicable,validation_nrmse,0.08301197737455368
original,heat,observer,7,heat_seed7,1,800,900,not_applicable,train_normalized_loss,0.0020030783489346504
original,heat,observer,7,heat_seed7,1,800,900,not_applicable,train_initial_field_loss,0.0005788221023976803
original,heat,observer,7,heat_seed7,1,800,900,not_applicable,train_sensor_consistency_loss,0.0014242562465369701
original,heat,observer,7,heat_seed7,1,900,900,not_applicable,validation_nrmse,0.0818866640329361
original,heat,observer,7,heat_seed7,1,900,900,not_applicable,train_normalized_loss,0.0018382563721388578
original,heat,observer,7,heat_seed7,1,900,900,not_applicable,train_initial_field_loss,0.00045057066017761827
original,heat,observer,7,heat_seed7,1,900,900,not_applicable,train_sensor_consistency_loss,0.0013876856537535787
original,heat,observer,7,heat_seed7,1,1000,900,not_applicable,validation_nrmse,0.08201657235622406
original,heat,observer,7,heat_seed7,1,1000,900,not_applicable,train_normalized_loss,0.00179619702976197
original,heat,observer,7,heat_seed7,1,1000,900,not_applicable,train_initial_field_loss,0.0004061513755004853
original,heat,observer,7,heat_seed7,1,1000,900,not_applicable,train_sensor_consistency_loss,0.0013900456251576543
