pde,seed,method,restart_step,original_update,ramp,residual_scale,data_grad,physics_grad,balance_grad,ranking_grad,unweighted_physics_grad,unweighted_balance_grad,field_loss,physics_weighted_loss,balance_weighted_loss,ranking_weighted_loss,physics_data_gradient_ratio,balance_data_gradient_ratio,parameter_difference_l2
burgers,11,P,1,2001,0.0016666666666666668,45.18924359086864,0.012451016009087839,8.152737056807398e-10,1.4831103780076832e-10,0.0023042755277200002,0.09989065163910098,0.018171671679062223,0.0018491963855922222,2.665343779018059e-10,2.6258945647235354e-13,3.2647007174091414e-05,6.547848826840171e-08,1.1911561088068474e-08,1.7159555315526883e-07
burgers,11,B5,1,2001,0.0016666666666666668,45.18924359086864,0.012451016009087839,0.0,0.0,0.0023042755277200002,0.09989065163910098,0.018171671679062223,0.0018491963855922222,0.0,0.0,3.2647007174091414e-05,0.0,0.0,1.7159555315526883e-07
burgers,11,P,2,2002,0.0033333333333333335,45.18924359086864,0.060523627396315685,3.849171464767559e-09,1.8123189629581037e-09,0.005943574381781625,0.235808077546164,0.1110263481558001,0.0031821089796721935,7.794880851896835e-10,1.0598628745472904e-11,7.791500684106722e-05,6.359783162966655e-08,2.994399114730567e-08,4.431679945603425e-07
burgers,11,B5,2,2002,0.0033333333333333335,45.18924359086864,0.06052362516249612,0.0,0.0,0.0059435701310551975,0.23580806475572746,0.11102634250922717,0.0031821089796721935,0.0,0.0,7.791614189045504e-05,0.0,0.0,4.431679945603425e-07
burgers,11,P,3,2003,0.005,45.18924359086864,0.033770055427858686,2.5034840180156266e-09,1.467692174197077e-09,0.002077970235438034,0.10224568461750118,0.059942541509761846,0.0026270889211446047,8.69905314448971e-10,5.206082093200948e-12,2.7834001230075955e-05,7.413325167214181e-08,4.346134928124225e-08,5.765329093933565e-07
burgers,11,B5,3,2003,0.005,45.18924359086864,0.03377006256517067,0.0,0.0,0.002077979418922711,0.10224570144006151,0.05994255154703056,0.0026270891539752483,0.0,0.0,2.783411582640838e-05,0.0,0.0,5.765329093933565e-07
burgers,11,P,4,2004,0.006666666666666667,45.18924359086864,0.03374350528821302,3.6979583009151308e-09,1.6587253015951128e-09,0.0021288719517303886,0.11327222607514292,0.05080844553025968,0.0021542562171816826,1.0815790485452226e-09,7.428739047521393e-12,2.4314464099006727e-05,1.0959022393583005e-07,4.9156875891448177e-08,7.389120631441867e-07
burgers,11,B5,4,2004,0.006666666666666667,45.18924359086864,0.03374349715422219,0.0,0.0,0.002128877391647248,0.11327221432226109,0.050808457229052494,0.002154255984351039,0.0,0.0,2.431639404676389e-05,0.0,0.0,7.389120631441867e-07
burgers,11,P,5,2005,0.008333333333333333,45.18924359086864,0.03369501243937138,5.9410028343059735e-09,1.4463652341826763e-09,0.0027019139788692897,0.14558316308715755,0.035442909262562855,0.002977383555844426,2.022640277488108e-09,5.8927931978480785e-12,4.754986730404198e-05,1.7631697999802873e-07,4.2925202558840774e-08,8.51333213296842e-07
burgers,11,B5,5,2005,0.008333333333333333,45.18924359086864,0.03369501476177401,0.0,0.0,0.002701894102234274,0.14558317863750567,0.03544292662368862,0.002977383090183139,0.0,0.0,4.75486449431628e-05,0.0,0.0,8.51333213296842e-07
burgers,11,P,6,2006,0.01,45.18924359086864,0.03614567005596764,1.053994747195858e-08,1.1515601673620948e-09,0.004924181376655477,0.21523287661862509,0.023515640072619692,0.0029059359803795815,2.247383612541398e-09,3.3372744671911203e-12,6.785016012145206e-05,2.915964057558933e-07,3.1858869003646333e-08,9.414552252900012e-07
burgers,11,B5,6,2006,0.01,45.18924359086864,0.03614568748043743,0.0,0.0,0.004924201135422315,0.21523290184183594,0.02351561564049568,0.0029059366788715124,0.0,0.0,6.785111327189952e-05,0.0,0.0,9.414552252900012e-07
burgers,11,P,7,2007,0.011666666666666667,45.18924359086864,0.02595302921275251,5.069297629055687e-09,8.716759258320194e-10,0.0036109884857871808,0.08873012887853267,0.015257324617238548,0.002104368759319186,1.7358038340020698e-09,2.8342527977343046e-12,7.574514165753499e-05,1.953258553172973e-07,3.3586673782330774e-08,1.054784592377861e-06
burgers,11,B5,7,2007,0.011666666666666667,45.18924359086864,0.025953058297359242,0.0,0.0,0.003611037636487485,0.0887301918476167,0.015257332012536965,0.0021043699234724045,0.0,0.0,7.574636401841417e-05,0.0,0.0,1.054784592377861e-06
burgers,11,P,8,2008,0.013333333333333334,45.18924359086864,0.017172419060104097,5.209089091753454e-09,2.1664861123738676e-09,0.0016611026176449864,0.07977985239233586,0.03318083660019355,0.002512536942958832,2.895192530161239e-09,6.771657887205684e-12,3.1104431400308385e-05,3.0334043640103655e-07,1.2616079917401776e-07,1.1636370418465355e-06
burgers,11,B5,8,2008,0.013333333333333334,45.18924359086864,0.017172422051162674,0.0,0.0,0.0016610985523382589,0.07977986317306925,0.033180852816503514,0.002512537408620119,0.0,0.0,3.110608668066561e-05,0.0,0.0,1.1636370418465355e-06
burgers,11,P,9,2009,0.015,45.18924359086864,0.020499036748422624,7.176165994669693e-09,3.14605841734595e-09,0.0011952115084536532,0.09769477242595079,0.042829758870994224,0.0021606592927128077,3.3481264427592805e-09,8.675099701094258e-12,3.133575228275731e-05,3.500733269928837e-07,1.5347347565431507e-07,1.2671213785348869e-06
burgers,11,B5,9,2009,0.015,45.18924359086864,0.020499028627229327,0.0,0.0,0.0011952085553972329,0.09769474549005679,0.0428297042071917,0.002160659059882164,0.0,0.0,3.1335111998487264e-05,0.0,0.0,1.2671213785348869e-06
burgers,11,P,10,2010,0.016666666666666666,45.18924359086864,0.02374603237444737,6.551860084918641e-09,1.0202039802167048e-09,0.003371576770816413,0.08027605519038473,0.01249995408639163,0.002206498524174094,3.04674729889598e-09,3.4995500421131087e-12,4.798527152161114e-05,2.7591388664865826e-07,4.296313439353877e-08,1.3568963319149648e-06
burgers,11,B5,10,2010,0.016666666666666666,45.18924359086864,0.023746029296310575,0.0,0.0,0.0033715792469998667,0.08027608500854237,0.01249993916779642,0.002206498524174094,0.0,0.0,4.7987879952415824e-05,0.0,0.0,1.3568963319149648e-06
burgers,11,P,11,2011,0.018333333333333333,45.18924359086864,0.026441928855447685,1.0348073018916616e-08,1.4604573614857886e-09,0.00146051064337859,0.11526254150375793,0.01626737840128124,0.003263235092163086,4.960441835066831e-09,5.253917526731877e-12,2.8904982173116878e-05,3.913509137509331e-07,5.523263334796012e-08,1.4430131996221634e-06
burgers,11,B5,11,2011,0.018333333333333333,45.18924359086864,0.026441939444402925,0.0,0.0,0.0014605033172107886,0.11526256964833456,0.01626737400527479,0.003263235092163086,0.0,0.0,2.8905400540679693e-05,0.0,0.0,1.4430131996221634e-06
burgers,11,P,12,2012,0.02,45.18924359086864,0.023495350079964773,8.324009629945206e-09,1.909221489314754e-09,0.0030713461570675013,0.08499096254958673,0.01949379874430795,0.0030912908259779215,4.0228731457148115e-09,6.105970763725654e-12,4.161952165304683e-05,3.542832773980819e-07,8.125954637053089e-08,1.5170386088017143e-06
burgers,11,B5,12,2012,0.02,45.18924359086864,0.023495358149472234,0.0,0.0,0.00307135919932152,0.08499098132448395,0.019493820016394978,0.0030912915244698524,0.0,0.0,4.162093318882398e-05,0.0,0.0,1.5170386088017143e-06
burgers,11,P,13,2013,0.021666666666666667,45.18924359086864,0.025966631693607158,9.838822921547515e-09,1.543851388030874e-09,0.0019530917485754407,0.09273020007736023,0.014550688395156547,0.002180039184167981,3.795138425743971e-09,6.101795284318978e-12,3.2886327971937135e-05,3.7890254837980313e-07,5.945520413458022e-08,1.5890819181548184e-06
burgers,11,B5,13,2013,0.021666666666666667,45.18924359086864,0.025966642910498796,0.0,0.0,0.0019530952193857654,0.09273024185993557,0.014550701400623506,0.0021800396498292685,0.0,0.0,3.288642255938612e-05,0.0,0.0,1.5890819181548184e-06
burgers,11,P,14,2014,0.023333333333333334,45.18924359086864,0.016953160763175268,1.0517646635206819e-08,3.1208919435405815e-09,0.001560390074542088,0.09204748450953541,0.02731316585324111,0.0027866887394338846,4.745241533044009e-09,8.314745593429596e-12,3.078375448239967e-05,6.203944374816924e-07,1.8408909035532848e-07,1.6619836848005506e-06
burgers,11,B5,14,2014,0.023333333333333334,45.18924359086864,0.01695316815567522,0.0,0.0,0.0015603965312393638,0.09204749190165717,0.02731318601590713,0.0027866887394338846,0.0,0.0,3.078399458900094e-05,0.0,0.0,1.6619836848005506e-06
burgers,11,P,15,2015,0.025,45.18924359086864,0.01694201744480814,8.311643679025576e-09,1.1988282297688221e-09,0.002984227982417913,0.06789175584382454,0.009792353316965385,0.0030520991422235966,5.054248131131089e-09,2.7518055108893824e-12,5.477440936374478e-05,4.905935025803358e-07,7.076065372227565e-08,1.72365805658381e-06
burgers,11,B5,15,2015,0.025,45.18924359086864,0.016942022624605667,0.0,0.0,0.002984238164429499,0.06789172345594317,0.009792332005794376,0.003052099607884884,0.0,0.0,5.4773478041170165e-05,0.0,0.0,1.72365805658381e-06
burgers,11,P,16,2016,0.02666666666666667,45.18924359086864,0.021893376049500313,9.656327587797841e-09,1.2127958030291065e-09,0.0021027639733471747,0.07394578165792937,0.009287292562454886,0.002560526831075549,5.155988525018529e-09,3.4745390158769096e-12,2.5540555725456215e-05,4.410616053899204e-07,5.539555892554027e-08,1.7878521109501069e-06
burgers,11,B5,16,2016,0.02666666666666667,45.18924359086864,0.021893371883765028,0.0,0.0,0.002102776698401747,0.07394576396234402,0.009287319097685487,0.002560526365414262,0.0,0.0,2.553988633735571e-05,0.0,0.0,1.7878521109501069e-06
burgers,11,P,17,2017,0.028333333333333332,45.18924359086864,0.025428986140212804,1.1229168765874882e-08,2.788062562956356e-09,0.0033138643132005386,0.080931968847143,0.02009439748463183,0.0022812432143837214,5.078341303033085e-09,5.7480673866516785e-12,3.748178278328851e-05,4.415893226713171e-07,1.0964112165476307e-07,1.862609991322744e-06
burgers,11,B5,17,2017,0.028333333333333332,45.18924359086864,0.025428972365084714,0.0,0.0,0.003313803415911989,0.08093194491535839,0.020094398681029215,0.0022812429815530777,0.0,0.0,3.748107701539993e-05,0.0,0.0,1.862609991322744e-06
burgers,11,P,18,2018,0.03,45.18924359086864,0.026617520977458516,1.0106778037455088e-08,2.0691666280912215e-09,0.0013235169878569111,0.06879574626053597,0.014084594149632623,0.0028662339318543673,6.7192322816822525e-09,8.074354553022633e-12,2.7923770176130347e-05,3.7970395687916164e-07,7.773701502268109e-08,1.9507964482725526e-06
burgers,11,B5,18,2018,0.03,45.18924359086864,0.026617544612009506,0.0,0.0,0.00132353071852351,0.0687957735628621,0.014084594461673209,0.0028662346303462982,0.0,0.0,2.7923275411012582e-05,0.0,0.0,1.9507964482725526e-06
burgers,11,P,19,2019,0.03166666666666667,45.18924359086864,0.0231830139072328,1.0937760027366653e-08,3.0989806641049785e-09,0.0016388960827916055,0.07053362334754895,0.01998419631623664,0.002216894179582596,4.9822665992849124e-09,8.989130620418173e-12,2.711957313294988e-05,4.718006067344942e-07,1.3367462386493832e-07,2.026641802470217e-06
burgers,11,B5,19,2019,0.03166666666666667,45.18924359086864,0.023183042549419976,0.0,0.0,0.0016388795073372254,0.07053365727588322,0.019984188811835626,0.0022168951109051704,0.0,0.0,2.711810520850122e-05,0.0,0.0,2.026641802470217e-06
burgers,11,P,20,2020,0.03333333333333333,45.18924359086864,0.010978005745313636,1.3179759048249872e-08,3.9166317072342574e-09,0.002214756421759102,0.08074188086331249,0.023994081317454556,0.002731647342443466,7.83342102295137e-09,1.8032400225798106e-11,2.439033232803922e-05,1.2005604072375473e-06,3.567707831548745e-07,2.084093344827382e-06
burgers,11,B5,20,2020,0.03333333333333333,45.18924359086864,0.010977999205711733,0.0,0.0,0.002214743913169349,0.08074183739155548,0.023994134994952027,0.002731647342443466,0.0,0.0,2.4390512407990173e-05,0.0,0.0,2.084093344827382e-06
burgers,11,P,21,2021,0.035,45.18924359086864,0.012507241783146007,2.2120983459442752e-08,2.5125855779306754e-09,0.0015542595260092857,0.12906443419704955,0.014659629955992638,0.0026390887796878815,8.214190216904171e-09,1.0856432940131722e-11,2.2295140297501348e-05,1.7686540200455415e-06,2.0089046182160496e-07,2.158900068642034e-06
burgers,11,B5,21,2021,0.035,45.18924359086864,0.01250723827522703,0.0,0.0,0.0015542294887452646,0.1290644955193355,0.014659656930510459,0.0026390887796878815,0.0,0.0,2.229581878054887e-05,0.0,0.0,2.158900068642034e-06
burgers,11,P,22,2022,0.03666666666666667,45.18924359086864,0.014672475413320863,2.0815087157701282e-08,4.920334350082853e-09,0.003395028020752513,0.11592495611132769,0.027402697566941057,0.0029084181878715754,9.08343178451787e-09,2.2245221290018158e-11,5.0036040192935616e-05,1.4186486309463267e-06,3.3534452854599945e-07,2.2164004071020962e-06
burgers,11,B5,22,2022,0.03666666666666667,45.18924359086864,0.014672429725641372,0.0,0.0,0.003395011274985358,0.11592500316356953,0.02740272310957018,0.002908417722210288,0.0,0.0,5.0035014282912016e-05,0.0,0.0,2.2164004071020962e-06
burgers,11,P,23,2023,0.03833333333333333,45.18924359086864,0.019184002662461806,1.4728598976918956e-08,3.4396170247634e-09,0.0027692870807377932,0.07846120828041277,0.01832329820816386,0.0022635399363934994,7.195149365202269e-09,1.2453620600039184e-11,4.112958049518056e-05,7.677542187657773e-07,1.7929610860062337e-07,2.2860638019511713e-06
burgers,11,B5,23,2023,0.03833333333333333,45.18924359086864,0.01918397412137381,0.0,0.0,0.0027692839181294986,0.07846118067706001,0.018323291484734654,0.002263539470732212,0.0,0.0,4.1128376324195415e-05,0.0,0.0,2.2860638019511713e-06
burgers,11,P,24,2024,0.04,45.18924359086864,0.020151927579967255,1.4573834390147429e-08,5.3031250309102e-09,0.0018729531399585828,0.07440189745760237,0.027073352817599462,0.002615182427689433,8.86979467651372e-09,1.3907548723768315e-11,2.8373344321153127e-05,7.23198033156643e-07,2.6315720964489576e-07,2.3618035363223516e-06
burgers,11,B5,24,2024,0.04,45.18924359086864,0.020151921364738732,0.0,0.0,0.0018729341111453546,0.0744019005154739,0.027073371790598592,0.0026151826605200768,0.0,0.0,2.8374020985211246e-05,0.0,0.0,2.3618035363223516e-06
burgers,11,P,25,2025,0.041666666666666664,45.18924359086864,0.014652256549144736,1.078711521061367e-08,2.4368291699889273e-09,0.0016460331984260333,0.05286724568619269,0.01194280807489256,0.0021486040204763412,6.627407511672345e-09,8.700410183970497e-12,2.1857680621906184e-05,7.362084587062e-07,1.6631084514631756e-07,2.41951941102186e-06
burgers,11,B5,25,2025,0.041666666666666664,45.18924359086864,0.014652232425241163,0.0,0.0,0.0016460473876246647,0.05286721481916272,0.011942839309913944,0.0021486037876456976,0.0,0.0,2.1858071704627946e-05,0.0,0.0,2.41951941102186e-06
burgers,11,P,26,2026,0.043333333333333335,45.18924359086864,0.015305474641690818,1.2360523106530838e-08,4.000426019381371e-09,0.001618104103524814,0.05824852158565164,0.018851863382943816,0.002275969600304961,8.668942896861154e-09,8.937932859109932e-12,1.7926955479197204e-05,8.075883561860812e-07,2.6137222876346145e-07,2.471720916696052e-06
burgers,11,B5,26,2026,0.043333333333333335,45.18924359086864,0.015305503966825906,0.0,0.0,0.0016180897114034943,0.058248596405583865,0.018851871381018244,0.002275969600304961,0.0,0.0,1.792858529370278e-05,0.0,0.0,2.471720916696052e-06
burgers,11,P,27,2027,0.045,45.18924359086864,0.012832060181152212,1.6714153184217664e-08,3.0606534277871975e-09,0.0025266274775964286,0.0758476332090312,0.0138890261539725,0.0029707718640565872,1.0954072315882968e-08,1.0477355094629104e-11,2.863693043764215e-05,1.3025307665535646e-06,2.3851613728267105e-07,2.526009151365611e-06
burgers,11,B5,27,2027,0.045,45.18924359086864,0.01283203548699137,0.0,0.0,0.0025266303592542173,0.07584764582201797,0.01388902104860059,0.0029707718640565872,0.0,0.0,2.8637963623623364e-05,0.0,0.0,2.526009151365611e-06
burgers,11,P,28,2028,0.04666666666666667,45.18924359086864,0.012938409032208994,2.3260123952498264e-08,3.219263722462398e-09,0.0008951607680735707,0.101783036994912,0.014087045892264952,0.0023468746803700924,1.1367851548982344e-08,8.424453842859059e-12,1.4673658370156772e-05,1.7977576605125328e-06,2.4881449600552384e-07,2.5972338438035936e-06
burgers,11,B5,28,2028,0.04666666666666667,45.18924359086864,0.012938404928517515,0.0,0.0,0.0008951553682460475,0.10178313146349408,0.014087123699801283,0.002346874913200736,0.0,0.0,1.4673037185275462e-05,0.0,0.0,2.5972338438035936e-06
burgers,11,P,29,2029,0.04833333333333333,45.18924359086864,0.013972691236987897,1.513472726222015e-08,4.107181528926036e-09,0.0009386739670757586,0.06394373509002776,0.01735270931083102,0.003002500394359231,9.69478275436586e-09,8.941121280858777e-12,2.2359678041539155e-05,1.0831647966396167e-06,2.939434829887091e-07,2.669135965429352e-06
burgers,11,B5,29,2029,0.04833333333333333,45.18924359086864,0.013972670268313045,0.0,0.0,0.0009386750750623471,0.06394372582395576,0.017352685946735197,0.003002500394359231,0.0,0.0,2.236057844129391e-05,0.0,0.0,2.669135965429352e-06
burgers,11,P,30,2030,0.05,45.18924359086864,0.014897113392129083,1.6244806322605358e-08,6.663633468021443e-09,0.0011254936859217033,0.06634598550532275,0.027215180383363496,0.002974266652017832,9.714470117216933e-09,1.6537065120059147e-11,2.1960599042358808e-05,1.0904667162692292e-06,4.473103810528949e-07,2.7344970168356006e-06
burgers,11,B5,30,2030,0.05,45.18924359086864,0.01489711171617052,0.0,0.0,0.001125489463055694,0.06634600176912046,0.027215255208307684,0.002974266652017832,0.0,0.0,2.1960982849122956e-05,0.0,0.0,2.7344970168356006e-06
burgers,11,P,31,2031,0.051666666666666666,45.18924359086864,0.010294184702391074,1.6092407509357205e-08,2.044312347092405e-09,0.0013713379007606011,0.06360345850823602,0.008079918058328138,0.001985059818252921,9.301359682467591e-09,6.917501727682351e-12,2.985196260851808e-05,1.5632522608244394e-06,1.9858904869052563e-07,2.7895043110720967e-06
burgers,11,B5,31,2031,0.051666666666666666,45.18924359086864,0.010294190644376018,0.0,0.0,0.0013713334717007249,0.06360342770036359,0.008079889143769746,0.0019850595854222775,0.0,0.0,2.9853708838345483e-05,0.0,0.0,2.7895043110720967e-06
burgers,11,P,32,2032,0.05333333333333334,45.18924359086864,0.01833101074726139,2.440460299246945e-08,2.691839251462551e-09,0.002050400707919833,0.09344222752481343,0.010306721673412298,0.002150407526642084,8.075181412436905e-09,6.9234730795675326e-12,2.731073800532613e-05,1.3313288246320755e-06,1.4684619896721765e-07,2.8513825923570666e-06
burgers,11,B5,32,2032,0.05333333333333334,45.18924359086864,0.018331047440789523,0.0,0.0,0.0020503569532308954,0.0934422110547595,0.010306688017294584,0.0021504079923033714,0.0,0.0,2.7312018573866226e-05,0.0,0.0,2.8513825923570666e-06
burgers,11,P,33,2033,0.055,45.18924359086864,0.012783135464432013,1.9373845489668624e-08,4.605125050843488e-09,0.002317972257154324,0.07193219239122976,0.01709814121286232,0.0020177809055894613,9.489332875034506e-09,1.245049202625026e-11,1.9181843526894227e-05,1.515578516990194e-06,3.602500390969694e-07,2.929592196199632e-06
burgers,11,B5,33,2033,0.055,45.18924359086864,0.012783111589086803,0.0,0.0,0.0023179835785828913,0.07193208877378175,0.017097959381730792,0.0020177802070975304,0.0,0.0,1.9181761672371067e-05,0.0,0.0,2.929592196199632e-06
burgers,11,P,34,2034,0.056666666666666664,45.18924359086864,0.010912116861013128,1.6804815807172984e-08,5.167860180431842e-09,0.0009728666152470194,0.060558661468289116,0.01862315488784683,0.0029075462371110916,1.2189639519988305e-08,1.2396021709104588e-11,1.7171394574688748e-05,1.5400142814831212e-06,4.735891528888956e-07,3.0083012011670413e-06
burgers,11,B5,34,2034,0.056666666666666664,45.18924359086864,0.010912110358004833,0.0,0.0,0.0009728878556143212,0.06055868814025682,0.018623318296656585,0.0029075462371110916,0.0,0.0,1.717272425594274e-05,0.0,0.0,3.0083012011670413e-06
burgers,11,P,35,2035,0.058333333333333334,45.18924359086864,0.012809530096680852,2.483686552964968e-08,7.222784134678819e-09,0.0014431722590015383,0.08694611016420706,0.025284710612332405,0.0025433769915252924,1.2407391558610925e-08,1.9859133434940723e-11,1.658475048316177e-05,1.938936506038211e-06,5.638601947272331e-07,3.0797971001114397e-06
burgers,11,B5,35,2035,0.058333333333333334,45.18924359086864,0.012809537856779357,0.0,0.0,0.0014432029257033755,0.08694606330610591,0.02528486906964643,0.0025433769915252924,0.0,0.0,1.658386827330105e-05,0.0,0.0,3.0797971001114397e-06
burgers,11,P,36,2036,0.06,45.18924359086864,0.011642449089257278,2.3079734689531886e-08,5.037546996197798e-09,0.002244118123378285,0.07855062865054953,0.017145018896231004,0.0025898658204823732,1.5889863647089442e-08,1.4095543308945135e-11,3.316903530503623e-05,1.9823779784296433e-06,4.3268791279027744e-07,3.1539442599285634e-06
burgers,11,B5,36,2036,0.06,45.18924359086864,0.011642480736080625,0.0,0.0,0.0022441194594453456,0.07855066387612494,0.01714510882281204,0.0025898669846355915,0.0,0.0,3.31674782501068e-05,0.0,0.0,3.1539442599285634e-06
burgers,11,P,37,2037,0.06166666666666667,45.18924359086864,0.011420930185208764,1.6409651584594354e-08,5.84275187489773e-09,0.002295643032280303,0.05433992751439924,0.019348046268973882,0.0018333171028643847,1.1572686808847266e-08,1.1696284565876347e-11,3.02352800645167e-05,1.4368051742270939e-06,5.115828378379086e-07,3.2165608038741414e-06
burgers,11,B5,37,2037,0.06166666666666667,45.18924359086864,0.011420925081923954,0.0,0.0,0.0022956222708512704,0.05433994195853332,0.019348169721980706,0.0018333171028643847,0.0,0.0,3.0232995413825847e-05,0.0,0.0,3.2165608038741414e-06
burgers,11,P,38,2038,0.06333333333333334,45.18924359086864,0.016982584017523946,4.2751206402067915e-08,3.6003189848790184e-09,0.0022439516840457516,0.13784346872235553,0.011608571457773184,0.0020974446088075638,1.0290857943573428e-08,1.2115660905087644e-11,2.8470391043811105e-05,2.51735580156435e-06,2.120006579189557e-07,3.2710382484787574e-06
burgers,11,B5,38,2038,0.06333333333333334,45.18924359086864,0.016982527631403274,0.0,0.0,0.0022439383749316864,0.1378434812743208,0.011608620114861629,0.0020974441431462765,0.0,0.0,2.846835741365794e-05,0.0,0.0,3.2710382484787574e-06
burgers,11,P,39,2039,0.065,45.18924359086864,0.012621624014329206,1.841947538753534e-08,6.453187974405122e-09,0.004124291226670817,0.05786741323017767,0.020273610414358347,0.0019400425953790545,1.2750841271724767e-08,2.2114039766041316e-11,4.1301736928289756e-05,1.4593585870268272e-06,5.112803207478595e-07,3.316354711696863e-06
burgers,11,B5,39,2039,0.065,45.18924359086864,0.012621679132434562,0.0,0.0,0.004124298199467246,0.057867467980741494,0.020273774340095856,0.0019400430610403419,0.0,0.0,4.129962690058164e-05,0.0,0.0,3.316354711696863e-06
burgers,11,P,40,2040,0.06666666666666667,45.18924359086864,0.01591790655900677,2.9210074209255147e-08,8.248359700055606e-09,0.0019261926847820446,0.08947342660361264,0.02526556417119162,0.00229053245857358,1.3869925652443271e-08,1.8663253234518784e-11,2.3018654246698134e-05,1.8350449602763448e-06,5.181811860422354e-07,3.3583896722350497e-06
burgers,11,B5,40,2040,0.06666666666666667,45.18924359086864,0.01591789949107104,0.0,0.0,0.0019261907187375974,0.08947341735745687,0.025265617832822024,0.002290532225742936,0.0,0.0,2.3018899810267612e-05,0.0,0.0,3.3583896722350497e-06
burgers,11,P,41,2041,0.06833333333333333,45.18924359086864,0.012122852737648413,2.297670001626399e-08,2.4808190616632415e-09,0.000855822726206119,0.06866338035141346,0.00741365956146757,0.0018864930607378483,1.1614263328851848e-08,7.076076270068343e-12,1.0443729479447939e-05,1.8953212179925402e-06,2.0463987440504618e-07,3.3973925708787867e-06
burgers,11,B5,41,2041,0.06833333333333333,45.18924359086864,0.01212287870451656,0.0,0.0,0.0008558177758772548,0.0686634058492731,0.007413630561565617,0.0018864930607378483,0.0,0.0,1.044371492753271e-05,0.0,0.0,3.3973925708787867e-06
burgers,11,P,42,2042,0.07,45.18924359086864,0.015933883396410914,4.1561657993821644e-08,1.1309553901065677e-08,0.0018064576215910029,0.12124533006243546,0.03299268204215684,0.002683117287233472,1.4588222185807354e-08,2.406161728196743e-11,2.5088645998039283e-05,2.608382210402227e-06,7.097801345535853e-07,3.4360170265368956e-06
burgers,11,B5,42,2042,0.07,45.18924359086864,0.015933862823216315,0.0,0.0,0.0018064687839248472,0.12124528273276493,0.03299239701776425,0.002683117054402828,0.0,0.0,2.5090668714256026e-05,0.0,0.0,3.4360170265368956e-06
burgers,11,P,43,2043,0.07166666666666667,45.18924359086864,0.011965146286136557,2.83468880096459e-08,3.4309885635016017e-09,0.001197315994617348,0.08077153758320677,0.009776248315725527,0.0014933032216504216,1.071504840410853e-08,1.1287758922007285e-11,1.2457973753043916e-05,2.369121725029813e-06,2.867485680034622e-07,3.477123823484613e-06
burgers,11,B5,43,2043,0.07166666666666667,45.18924359086864,0.011965138920234193,0.0,0.0,0.001197314372373647,0.08077150901451867,0.009776305003722431,0.0014933031052350998,0.0,0.0,1.2457399861887097e-05,0.0,0.0,3.477123823484613e-06
burgers,11,P,44,2044,0.07333333333333333,45.18924359086864,0.01525579782511983,3.067827159757626e-08,9.047984250997079e-09,0.0010537212721599039,0.08542787556953281,0.02519535860978005,0.0023443226236850023,2.0886087526150732e-08,2.1804242439360522e-11,1.9243354472564533e-05,2.0109254166348584e-06,5.930849605321123e-07,3.525538194497545e-06
burgers,11,B5,44,2044,0.07333333333333333,45.18924359086864,0.015255812506331873,0.0,0.0,0.0010537271708996156,0.08542785324734621,0.025195520507092867,0.002344322856515646,0.0,0.0,1.9243007045588456e-05,0.0,0.0,3.525538194497545e-06
burgers,11,P,45,2045,0.075,45.18924359086864,0.009430303539723123,2.6710951121068574e-08,3.3723578482844343e-09,0.0013842128572086223,0.07272742716631056,0.00918211067028202,0.002264067530632019,1.6863282326085027e-08,9.006051980564589e-12,1.7878437574836425e-05,2.832459316771135e-06,3.5760862140641637e-07,3.5887669900399767e-06
burgers,11,B5,45,2045,0.075,45.18924359086864,0.00943029014934345,0.0,0.0,0.0013842301236657254,0.07272744020866528,0.009182016561160114,0.002264067530632019,0.0,0.0,1.7879088773042895e-05,0.0,0.0,3.5887669900399767e-06
burgers,11,P,46,2046,0.07666666666666666,45.18924359086864,0.0130337656184136,2.400282852758785e-08,7.486983955423952e-09,0.001307696183062302,0.06393313355454898,0.019942079355682714,0.0022288402542471886,1.2724433062771823e-08,1.1471068019075492e-11,1.6402313121943735e-05,1.8415881664833362e-06,5.744298443457223e-07,3.638406578721134e-06
burgers,11,B5,46,2046,0.07666666666666666,45.18924359086864,0.013033751507498005,0.0,0.0,0.0013076896974277051,0.06393309322636916,0.019942186115023835,0.002228840021416545,0.0,0.0,1.640118171053473e-05,0.0,0.0,3.638406578721134e-06
burgers,11,P,47,2047,0.07833333333333334,45.18924359086864,0.015516841962239236,3.765041763341555e-08,6.402673423378989e-09,0.0015047251281803517,0.09815069427189148,0.0166910988225881,0.0021488890051841736,1.4451570606865971e-08,9.80443851106294e-12,1.456448262615595e-05,2.426422704119764e-06,4.126273528440976e-07,3.690654017762903e-06
burgers,11,B5,47,2047,0.07833333333333334,45.18924359086864,0.015516861332100673,0.0,0.0,0.0015047388050812736,0.09815067648312546,0.016691176960983677,0.0021488892380148172,0.0,0.0,1.4565334822691511e-05,0.0,0.0,3.690654017762903e-06
burgers,11,P,48,2048,0.08,45.18924359086864,0.01014603556576111,2.5851980001507946e-08,1.9470839174590326e-09,0.0007048730479074826,0.06598937111569046,0.004970096593105672,0.0012561666080728173,1.1176289227421421e-08,4.800910537172687e-12,9.027947271533776e-06,2.5479883087290014e-06,1.9190588332152878e-07,3.742081360850951e-06
burgers,11,B5,48,2048,0.08,45.18924359086864,0.010146051771879647,0.0,0.0,0.0007048610335748682,0.06598944270075251,0.004970112054850718,0.0012561662588268518,0.0,0.0,9.0258054115111e-06,0.0,0.0,3.742081360850951e-06
burgers,11,P,49,2049,0.08166666666666667,45.18924359086864,0.02122599265347947,3.1547074768943274e-08,4.691737409790446e-09,0.0015620426238751837,0.07888318130054119,0.011731647547901066,0.0037803812883794308,2.09317345678528e-08,9.235623550651884e-12,1.4868399375700392e-05,1.4862473234565979e-06,2.210373614268331e-07,3.7950939697679556e-06
burgers,11,B5,49,2049,0.08166666666666667,45.18924359086864,0.021225964055088368,0.0,0.0,0.0015620356589551867,0.07888311548335811,0.011731811638448128,0.003780381055548787,0.0,0.0,1.4867057871015277e-05,0.0,0.0,3.7950939697679556e-06
burgers,11,P,50,2050,0.08333333333333333,45.18924359086864,0.010763144409382966,2.6419665425847568e-08,3.1865781208333045e-09,0.0009709428660625941,0.06474089327706067,0.007808650186998337,0.0016837100265547633,1.4770512812845027e-08,1.0657802765323687e-11,1.3140475857653655e-05,2.454641916986243e-06,2.9606386383289136e-07,3.8418221027894865e-06
burgers,11,B5,50,2050,0.08333333333333333,45.18924359086864,0.010763120922503436,0.0,0.0,0.0009709462759711542,0.0647408193975801,0.007808693614810353,0.0016837100265547633,0.0,0.0,1.3141002455085982e-05,0.0,0.0,3.8418221027894865e-06
burgers,11,P,51,2051,0.085,45.18924359086864,0.011634646201187766,2.3573709540004448e-08,2.1174376601161093e-09,0.00105367943651588,0.05663424741372197,0.005087001465599903,0.001842810190282762,1.5164417277446773e-08,6.304484278379929e-12,1.6569172657909803e-05,2.02616470946902e-06,1.8199415981381046e-07,3.880986636566082e-06
burgers,11,B5,51,2051,0.085,45.18924359086864,0.011634642446264918,0.0,0.0,0.0010536554849757912,0.056634243577396375,0.00508701545336746,0.0018428097246214747,0.0,0.0,1.65715300681768e-05,0.0,0.0,3.880986636566082e-06
burgers,11,P,52,2052,0.08666666666666667,45.18924359086864,0.013070537935008952,5.243454357588881e-08,7.194578241547333e-09,0.0011155341106130145,0.12354794944523652,0.016952096130656368,0.0026856032200157642,2.6827537524809486e-08,1.3201588260070007e-11,1.2410828276188113e-05,4.011659186225597e-06,5.504423978049841e-07,3.926567588804575e-06
burgers,11,B5,52,2052,0.08666666666666667,45.18924359086864,0.013070567480630228,0.0,0.0,0.001115551996414186,0.1235479446288593,0.01695217390226785,0.0026856032200157642,0.0,0.0,1.240995516127441e-05,0.0,0.0,3.926567588804575e-06
burgers,11,P,53,2053,0.08833333333333333,45.18924359086864,0.009078359584222083,2.062247381649701e-08,3.5564151844230737e-09,0.0008888255100489379,0.04767451682825432,0.0082216314544576,0.0016775982221588492,1.1800189270161354e-08,9.225296741799394e-12,1.2130861250625458e-05,2.271607951323965e-06,3.917464550097814e-07,3.974593090189269e-06
burgers,11,B5,53,2053,0.08833333333333333,45.18924359086864,0.009078337951568224,0.0,0.0,0.0008888320380862348,0.047674472011302337,0.008221644817241667,0.0016775979893282056,0.0,0.0,1.2130255527154077e-05,0.0,0.0,3.974593090189269e-06
burgers,11,P,54,2054,0.09,45.18924359086864,0.012485052660147131,6.604595777006434e-08,5.341231682329581e-09,0.0006774994673545994,0.14985591346192353,0.01211906311135548,0.002215055515989661,1.7356786230493526e-08,1.1988685218178308e-11,8.930653166316915e-06,5.290002338627382e-06,4.2781010442823685e-07,4.0304803784292775e-06
burgers,11,B5,54,2054,0.09,45.18924359086864,0.012485038404600532,0.0,0.0,0.0006775192999220603,0.1498560312512916,0.012118964393063878,0.002215055515989661,0.0,0.0,8.931637239584234e-06,0.0,0.0,4.0304803784292775e-06
burgers,11,P,55,2055,0.09166666666666666,45.18924359086864,0.012541391454823787,3.455674460606266e-08,9.912505477893382e-09,0.00044055963161220474,0.07698241601561305,0.022082189479545936,0.0024162938352674246,1.7963156295763838e-08,1.225373101598759e-11,1.1164701390953269e-05,2.755415515937119e-06,7.903832292931691e-07,4.090545218897235e-06
burgers,11,B5,55,2055,0.09166666666666666,45.18924359086864,0.012541390127436838,0.0,0.0,0.00044055751068784976,0.07698249495800884,0.02208207626374185,0.0024162938352674246,0.0,0.0,1.1165737305418588e-05,0.0,0.0,4.090545218897235e-06
burgers,11,P,56,2056,0.09333333333333334,45.18924359086864,0.01677998189269329,3.8547242617758816e-08,4.224328523871865e-09,0.0010603601300873133,0.08433865625815665,0.009242533221679134,0.003024474484845996,1.7222147263851184e-08,1.1724518057809608e-11,1.4989178453106433e-05,2.297215984156926e-06,2.517480978755594e-07,4.14942395382564e-06
burgers,11,B5,56,2056,0.09333333333333334,45.18924359086864,0.016779977818753476,0.0,0.0,0.0010603442303080625,0.0843385532667767,0.009242530131319334,0.003024474484845996,0.0,0.0,1.4989672308729496e-05,0.0,0.0,4.14942395382564e-06
burgers,11,P,57,2057,0.095,45.18924359086864,0.00839048500570278,3.2059720225203046e-08,2.618769182039401e-09,0.0014462799806654958,0.06891380983602878,0.005629161975970164,0.0025343839079141617,2.2786151632203655e-08,7.624637900216502e-12,1.688320844550617e-05,3.82096150620768e-06,3.1211177664455585e-07,4.1946643999146744e-06
burgers,11,B5,57,2057,0.095,45.18924359086864,0.008390493865334678,0.0,0.0,0.0014462673410254524,0.06891378172973746,0.0056292098927339315,0.002534383675083518,0.0,0.0,1.6882821000763215e-05,0.0,0.0,4.1946643999146744e-06
burgers,11,P,58,2058,0.09666666666666666,45.18924359086864,0.01745568275100634,3.789798354863029e-08,3.276258671173208e-09,0.0012340889926284414,0.0800588773438527,0.006921043595804696,0.0022276644594967365,2.2718406711419448e-08,8.117419930675496e-12,2.211761056969408e-05,2.171097177304361e-06,1.876900902649785e-07,4.237776755599578e-06
burgers,11,B5,58,2058,0.09666666666666666,45.18924359086864,0.01745556522612927,0.0,0.0,0.0012341042733829532,0.08005894864921828,0.006921336338736901,0.002227664226666093,0.0,0.0,2.2117412299849093e-05,0.0,0.0,4.237776755599578e-06
burgers,11,P,59,2059,0.09833333333333333,45.18924359086864,0.010016277860173646,2.939866369756088e-08,3.2614871705320716e-09,0.0007702417787504729,0.061051586509658695,0.00677306203150944,0.0014400217914953828,1.6589536855349252e-08,1.0173541696578692e-11,1.4544939404004253e-05,2.935088673453715e-06,3.2561867951969225e-07,4.294007063654305e-06
burgers,11,B5,59,2059,0.09833333333333333,45.18924359086864,0.01001627798692916,0.0,0.0,0.0007702363593089252,0.06105159700816284,0.006773099344784037,0.0014400217914953828,0.0,0.0,1.4545390513376333e-05,0.0,0.0,4.294007063654305e-06
burgers,11,P,60,2060,0.1,45.18924359086864,0.011448405571057816,3.107016749968983e-08,3.4827729262614038e-09,0.0013174574751047357,0.0634473837761548,0.0071120579356917,0.00188359001185745,1.542228744710883e-08,1.0447353919473823e-11,2.18862114707008e-05,2.7139296653008944e-06,3.0421467030011944e-07,4.3450529403104665e-06
burgers,11,B5,60,2060,0.1,45.18924359086864,0.011448450493404733,0.0,0.0,0.00131743625093314,0.06344735627086119,0.007112048399800684,0.0018835902446880937,0.0,0.0,2.188424696214497e-05,0.0,0.0,4.3450529403104665e-06
burgers,11,P,61,2061,0.10166666666666667,45.18924359086864,0.008519047439124613,2.5333066386617184e-08,4.106549018268479e-09,0.0013879041844178388,0.050883777040378636,0.008248378588115234,0.001722387271001935,1.5632739547299934e-08,1.10755423929354e-11,1.8260512661072426e-05,2.9736970673824913e-06,4.820432152318726e-07,4.402214876783806e-06
burgers,11,B5,61,2061,0.10166666666666667,45.18924359086864,0.008519066754151271,0.0,0.0,0.0013879083000354776,0.050883812967862034,0.008248537729735774,0.0017223870381712914,0.0,0.0,1.825953950174153e-05,0.0,0.0,4.402214876783806e-06
burgers,11,P,62,2062,0.10333333333333333,45.18924359086864,0.011438795006847498,4.1825922753464727e-08,4.368921634051825e-09,0.0012867847591007831,0.08265615862173638,0.00863383905890845,0.0016163821564987302,1.821564943327303e-08,8.170720176836621e-12,1.597319533175323e-05,3.6564972733952194e-06,3.8193897446684716e-07,4.461440290188481e-06
burgers,11,B5,62,2062,0.10333333333333333,45.18924359086864,0.011438732502090604,0.0,0.0,0.0012867881260768984,0.08265591471198142,0.008634059419584384,0.0016163816908374429,0.0,0.0,1.5973320842022076e-05,0.0,0.0,4.461440290188481e-06
burgers,11,P,63,2063,0.105,45.18924359086864,0.01375564189207626,3.809740239139778e-08,2.328984927184946e-09,0.002304039297934689,0.07409283288883593,0.0045294712615153165,0.002191615989431739,2.247680264133578e-08,7.940062669853365e-12,2.888116978283506e-05,2.7695837599075066e-06,1.6931125028244042e-07,4.522555242767492e-06
burgers,11,B5,63,2063,0.105,45.18924359086864,0.013755625520124765,0.0,0.0,0.0023040559386054696,0.07409278764523004,0.004529474339708832,0.002191615756601095,0.0,0.0,2.888044218707364e-05,0.0,0.0,4.522555242767492e-06
burgers,11,P,64,2064,0.10666666666666667,45.18924359086864,0.011595734087345842,3.854689000857011e-08,5.891487371501914e-09,0.0016447216915112662,0.07379565485382364,0.011278891031817834,0.002585024107247591,1.9631563930033735e-08,1.0128148320021069e-11,1.6597961803199723e-05,3.324230248659759e-06,5.080736870235028e-07,4.584744378833842e-06
burgers,11,B5,64,2064,0.10666666666666667,45.18924359086864,0.01159572874610383,0.0,0.0,0.0016447162958958767,0.07379578221581554,0.011278866814973343,0.002585024107247591,0.0,0.0,1.659985355217941e-05,0.0,0.0,4.584744378833842e-06
burgers,11,P,65,2065,0.10833333333333334,45.18924359086864,0.009366211359631074,4.597475430208698e-08,1.3609990311119686e-08,0.0010885536319510949,0.08666176215879741,0.025654639640932154,0.0028123424854129553,2.589816539000367e-08,2.928438047611337e-11,1.810148205549922e-05,4.90857536060321e-06,1.4530945105274422e-06,4.650656917064614e-06
burgers,11,B5,65,2065,0.10833333333333334,45.18924359086864,0.009366203027443171,0.0,0.0,0.0010885395791799307,0.0866619215130687,0.02565396888420642,0.002812342019751668,0.0,0.0,1.810089815990068e-05,0.0,0.0,4.650656917064614e-06
burgers,11,P,66,2066,0.11,45.18924359086864,0.008199151955223971,6.093761652345319e-08,6.908728874479713e-09,0.0006995269704201817,0.11312613356787364,0.012825540601228308,0.00300404685549438,2.5203677367358068e-08,1.1602584344683198e-11,1.8195347365690395e-05,7.432185286507304e-06,8.426150548506321e-07,4.710123469936505e-06
burgers,11,B5,66,2066,0.11,45.18924359086864,0.008199161105180005,0.0,0.0,0.0006995102714142257,0.11312578411662001,0.012824734833502847,0.00300404685549438,0.0,0.0,1.8194228687207215e-05,0.0,0.0,4.710123469936505e-06
burgers,11,P,67,2067,0.11166666666666666,45.18924359086864,0.011242495185430154,2.40667735594475e-08,3.410979579721797e-09,0.0011918555885269597,0.044011326661856955,0.006237717657139464,0.002051869174465537,1.8369709309240534e-08,1.2578502475713016e-11,2.0910843886667863e-05,2.140696808181615e-06,3.034005817625163e-07,4.75740256446578e-06
burgers,11,B5,67,2067,0.11166666666666666,45.18924359086864,0.011242506524250661,0.0,0.0,0.0011918428154556104,0.04401135462304434,0.006237669852559713,0.0020518696401268244,0.0,0.0,2.0910087187075987e-05,0.0,0.0,4.75740256446578e-06
burgers,11,P,68,2068,0.11333333333333333,45.18924359086864,0.015763200193761064,5.517162799460028e-08,9.445799865708197e-09,0.0009663048065000279,0.09940959465060976,0.017019673248864286,0.0027918571140617132,2.2356159590231073e-08,1.2144158942350991e-11,1.54233566718176e-05,3.500027108482497e-06,5.992311046995877e-07,4.8055884117860955e-06
burgers,11,B5,68,2068,0.11333333333333333,45.18924359086864,0.015763244034072928,0.0,0.0,0.0009663030613506072,0.09940969950101727,0.017020049529278457,0.0027918568812310696,0.0,0.0,1.542308382340707e-05,0.0,0.0,4.8055884117860955e-06
burgers,11,P,69,2069,0.115,45.18924359086864,0.008838616840657345,5.001849684086288e-08,3.750016938595114e-09,0.0016573911244516018,0.08881839933917497,0.006658946683994103,0.0023320578038692474,2.0180889848120387e-08,1.1409653603855485e-11,1.9697536117746495e-05,5.659086454656508e-06,4.2427644576073946e-07,4.8564589517327155e-06
burgers,11,B5,69,2069,0.115,45.18924359086864,0.008838662985133843,0.0,0.0,0.0016573798825632747,0.08881834863384747,0.006659212065680631,0.0023320578038692474,0.0,0.0,1.969814366020728e-05,0.0,0.0,4.8564589517327155e-06
burgers,11,P,70,2070,0.11666666666666667,45.18924359086864,0.017097789349960736,5.133050551467031e-08,7.896034426632724e-09,0.0017905429833564687,0.08984603493393077,0.013820774962179011,0.0025178450159728527,3.006193338705998e-08,1.3091689191058187e-11,2.109649358317256e-05,3.0021720623659567e-06,4.618161017787283e-07,4.9045281924178685e-06
burgers,11,B5,70,2070,0.11666666666666667,45.18924359086864,0.017097714076090894,0.0,0.0,0.0017905445363184031,0.08984608988994454,0.013820582457267278,0.0025178450159728527,0.0,0.0,2.1096768250572495e-05,0.0,0.0,4.9045281924178685e-06
burgers,11,P,71,2071,0.11833333333333333,45.18924359086864,0.014527611933058893,4.992864398720586e-08,9.342210561478968e-09,0.002080061809798177,0.08616140856545337,0.016121768278019553,0.0019838593434542418,2.610297755722968e-08,2.5139329853929304e-11,2.360504549869802e-05,3.43681013901457e-06,6.430658118159065e-07,4.954260058512938e-06
burgers,11,B5,71,2071,0.11833333333333333,45.18924359086864,0.014527631951413357,0.0,0.0,0.0020800577130791038,0.0861615311731649,0.016121804737264545,0.0019838595762848854,0.0,0.0,2.3606593458680436e-05,0.0,0.0,4.954260058512938e-06
burgers,11,P,72,2072,0.12,45.18924359086864,0.01206691696969773,3.7680471888293105e-08,5.276509056481823e-09,0.0012028625468109315,0.06412172407358628,0.008979156883953163,0.002241639420390129,2.642136998076694e-08,1.882414189802173e-11,1.1294253454252612e-05,3.1226262667519604e-06,4.3727068560528905e-07,5.0055917515889516e-06
burgers,11,B5,72,2072,0.12,45.18924359086864,0.012066981867487656,0.0,0.0,0.0012028809268813862,0.06412185964266295,0.00897942270605809,0.0022416396532207727,0.0,0.0,1.1292914678051602e-05,0.0,0.0,5.0055917515889516e-06
burgers,11,P,73,2073,0.12166666666666667,45.18924359086864,0.011849731619275904,4.4858873495615006e-08,9.155850843260312e-09,0.002054443838945191,0.0752916652806954,0.015367288343378183,0.0020302445627748966,2.4425817812812056e-08,2.0256043370414645e-11,1.9946555767091922e-05,3.7856446826730895e-06,7.726631401817178e-07,5.057872803279648e-06
burgers,11,B5,73,2073,0.12166666666666667,45.18924359086864,0.01184971588787665,0.0,0.0,0.002054434922248721,0.0752913509058099,0.015366887637153399,0.002030245028436184,0.0,0.0,1.99467485799687e-05,0.0,0.0,5.057872803279648e-06
burgers,11,P,74,2074,0.12333333333333334,45.18924359086864,0.012617107223608088,4.6045025153930276e-08,1.1470756548676076e-08,0.0024367175503609627,0.07623816088022019,0.018992483354050384,0.0020731124095618725,2.1905711022895957e-08,2.5357622251975798e-11,1.9064074876951054e-05,3.6494122097793252e-06,9.091431455233213e-07,5.1154869489736145e-06
burgers,11,B5,74,2074,0.12333333333333334,45.18924359086864,0.012617076669154619,0.0,0.0,0.002436698551466687,0.07623809140091636,0.01899237122125247,0.0020731117110699415,0.0,0.0,1.9065189917455427e-05,0.0,0.0,5.1154869489736145e-06
burgers,11,P,75,2075,0.125,45.18924359086864,0.009294493224354782,3.8157237963167704e-08,8.36102354374358e-09,0.003257957491616859,0.06233573648716513,0.01365902201826549,0.0017299135215580463,1.6115151879603218e-08,1.8261720260981384e-11,2.7235981178819202e-05,4.105359705162038e-06,8.995674472960839e-07,5.160855728149769e-06
burgers,11,B5,75,2075,0.125,45.18924359086864,0.009294539686496288,0.0,0.0,0.0032579873849366866,0.06233589821844298,0.013659302096739377,0.0017299135215580463,0.0,0.0,2.7237494578002952e-05,0.0,0.0,5.160855728149769e-06
burgers,11,P,76,2076,0.12666666666666668,45.18924359086864,0.01403370052477776,6.437857332111946e-08,1.1830984652511781e-08,0.001189364175817954,0.10378848340825018,0.019073425171744245,0.0031494854483753443,3.3404763399857984e-08,2.323326253605984e-11,1.5067545064084698e-05,4.587426759424808e-06,8.430409806467733e-07,5.215563935814912e-06
burgers,11,B5,76,2076,0.12666666666666668,45.18924359086864,0.014033858157816983,0.0,0.0,0.001189371157447687,0.1037889319685671,0.01907382938240309,0.0031494859140366316,0.0,0.0,1.5067513231770135e-05,0.0,0.0,5.215563935814912e-06
burgers,11,P,77,2077,0.12833333333333333,45.18924359086864,0.010179514820657674,5.820099761666836e-08,1.0423724695045112e-08,0.00094681057309717,0.09261068922210154,0.016586456196267436,0.001789080910384655,2.125466025404421e-08,2.4021985789435263e-11,1.3492123798641842e-05,5.717462830208654e-06,1.0239903255400593e-06,5.276638563576415e-06
burgers,11,B5,77,2077,0.12833333333333333,45.18924359086864,0.010179415616279818,0.0,0.0,0.0009468023299825252,0.09261122917670753,0.016587036015643996,0.0017890800954774022,0.0,0.0,1.349231297353981e-05,0.0,0.0,5.276638563576415e-06
burgers,11,P,78,2078,0.13,45.18924359086864,0.01794210623105678,6.694088001745971e-08,1.6195148394852622e-08,0.001765281429308749,0.10515216375791354,0.025439684523215704,0.002098070690408349,3.040597462700134e-08,2.7006352015801482e-11,1.8924736650660634e-05,3.730937670048391e-06,9.026336254112534e-07,5.332854130138222e-06
burgers,11,B5,78,2078,0.13,45.18924359086864,0.017942143444736533,0.0,0.0,0.0017652692585822232,0.10515232724866505,0.025439861632823142,0.0020980709232389927,0.0,0.0,1.8924407413578592e-05,0.0,0.0,5.332854130138222e-06
burgers,11,P,79,2079,0.13166666666666665,45.18924359086864,0.016531726644870737,5.3627316543917326e-08,9.037892512188205e-09,0.0018419778667408367,0.08317261719671587,0.014017206208407034,0.0014787946129217744,2.0918513143897144e-08,1.9612761067988593e-11,2.1742467652074993e-05,3.2439029325806182e-06,5.466998521290196e-07,5.378848319454252e-06
burgers,11,B5,79,2079,0.13166666666666665,45.18924359086864,0.01653168607578969,0.0,0.0,0.0018419736270437774,0.08317260288253966,0.014017420679404551,0.001478794147260487,0.0,0.0,2.174248220399022e-05,0.0,0.0,5.378848319454252e-06
burgers,11,P,80,2080,0.13333333333333333,45.18924359086864,0.011359172991397243,3.896309212941392e-08,4.780276055196794e-09,0.0008057324348966512,0.05967395861276009,0.007321235808837085,0.0018057281849905849,1.9375312021452373e-08,1.1464269637773139e-11,1.3651757399202324e-05,3.430099370695581e-06,4.2082958493695705e-07,5.417774797305283e-06
burgers,11,B5,80,2080,0.13333333333333333,45.18924359086864,0.01135920134937168,0.0,0.0,0.0008057282301175105,0.05967370252337864,0.007321577965462167,0.001805728767067194,0.0,0.0,1.3651032531925011e-05,0.0,0.0,5.417774797305283e-06
burgers,11,P,81,2081,0.135,45.18924359086864,0.01257179100346914,8.339138643729891e-08,5.941531741813347e-09,0.0017785656788178502,0.12614137389138771,0.008987415175436475,0.002772577805444598,3.1460611893407986e-08,1.0486163153078376e-11,2.45086685026763e-05,6.633214504941051e-06,4.726082178882709e-07,5.456129927040319e-06
burgers,11,B5,81,2081,0.135,45.18924359086864,0.012571741570056047,0.0,0.0,0.0017785498067209443,0.12614154560197194,0.008987300157688382,0.0027725771069526672,0.0,0.0,2.450716056046076e-05,0.0,0.0,5.456129927040319e-06
burgers,11,P,82,2082,0.13666666666666666,45.18924359086864,0.010104883725801822,6.581656313213672e-08,4.689671328873209e-09,0.0014887039130227447,0.09834284153385378,0.007007287401751266,0.0027879730332642794,2.8638394766744568e-08,1.3144827240574308e-11,2.2340584109770134e-05,6.5133419560366275e-06,4.6409948457878806e-07,5.498637635388447e-06
burgers,11,B5,82,2082,0.13666666666666666,45.18924359086864,0.010104802299775487,0.0,0.0,0.0014886969403498204,0.0983426794329339,0.007006893788778437,0.0027879723347723484,0.0,0.0,2.2340775103657506e-05,0.0,0.0,5.498637635388447e-06
burgers,11,P,83,2083,0.13833333333333334,45.18924359086864,0.01612217599352257,6.457693589375347e-08,6.5453663100653465e-09,0.0021835549661684893,0.09532805266749295,0.009662227076569893,0.00237462786026299,2.3426583339869467e-08,1.5440895090312878e-11,3.089307210757397e-05,4.00547270540271e-06,4.059852908624176e-07,5.556783136316366e-06
burgers,11,B5,83,2083,0.13833333333333334,45.18924359086864,0.016122134142891723,0.0,0.0,0.002183544142096883,0.09532805079212388,0.009662272379059988,0.0023746276274323463,0.0,0.0,3.0892741051502526e-05,0.0,0.0,5.556783136316366e-06
burgers,11,P,84,2084,0.14,45.18924359086864,0.009698321099349004,4.8950546135137324e-08,9.420787409190326e-09,0.0005588627755907161,0.07140024082778987,0.013741348691874183,0.0015974690904840827,1.9976411635980185e-08,2.351492264796029e-11,8.195968803192955e-06,5.047321658428397e-06,9.713833263184793e-07,5.615819396745792e-06
burgers,11,B5,84,2084,0.14,45.18924359086864,0.009698348822332434,0.0,0.0,0.0005588387969104216,0.07140038616228,0.01374178791224376,0.0015974697889760137,0.0,0.0,8.196399903681595e-06,0.0,0.0,5.615819396745792e-06
burgers,11,P,85,2085,0.14166666666666666,45.18924359086864,0.0139015313747626,4.581450069237866e-08,7.988747905335332e-09,0.0015169902545756583,0.06603975167983528,0.011515457678324098,0.0017902754480019212,2.7110216294090606e-08,1.7733453594459547e-11,2.697318086575251e-05,3.2956441601500213e-06,5.746667536094928e-07,5.6662314601114435e-06
burgers,11,B5,85,2085,0.14166666666666666,45.18924359086864,0.013901593638487187,0.0,0.0,0.0015169921664795183,0.06603991002395257,0.01151597117031435,0.0017902756808325648,0.0,0.0,2.697241689020302e-05,0.0,0.0,5.6662314601114435e-06
burgers,11,P,86,2086,0.14333333333333334,45.18924359086864,0.015008302144867834,6.497423378522438e-08,1.007180252052741e-08,0.0008914190358597983,0.0925686838837189,0.014349280580483518,0.002774306572973728,2.9606972873352788e-08,3.02283337250131e-11,1.5977546354406513e-05,4.329219465203974e-06,6.710820733290951e-07,5.71665743576713e-06
burgers,11,B5,86,2086,0.14333333333333334,45.18924359086864,0.015008263631729388,0.0,0.0,0.0008914162502467231,0.09256863055812742,0.014349681495569182,0.0027743058744817972,0.0,0.0,1.5978230294422247e-05,0.0,0.0,5.71665743576713e-06
burgers,11,P,87,2087,0.145,45.18924359086864,0.013308565354373705,4.19274797232118e-08,5.80344296070451e-09,0.0017238885621830053,0.059047420025236795,0.008173119962274641,0.0020492945332080126,2.935246179447404e-08,1.8109165209057032e-11,1.7582966393092647e-05,3.150413181795949e-06,4.360682617677702e-07,5.783618608821218e-06
burgers,11,B5,87,2087,0.145,45.18924359086864,0.013308496903241233,0.0,0.0,0.0017238739844675176,0.05904733254061989,0.008173111884226281,0.002049293601885438,0.0,0.0,1.7582642612978816e-05,0.0,0.0,5.783618608821218e-06
burgers,11,P,88,2088,0.14666666666666667,45.18924359086864,0.01427489014534459,7.485264821231071e-08,1.9841007045754e-08,0.001518857488030772,0.10421875447740826,0.027625009196540578,0.0024012206122279167,3.7388602436294605e-08,4.556048940895785e-11,2.0589679479599e-05,5.243658441513267e-06,1.3899236241915785e-06,5.8575038468029745e-06
burgers,11,B5,88,2088,0.14666666666666667,45.18924359086864,0.014274951327395645,0.0,0.0,0.00151883465192285,0.10421895196152521,0.027625424084897467,0.0024012206122279167,0.0,0.0,2.0589548512361944e-05,0.0,0.0,5.8575038468029745e-06
burgers,11,P,89,2089,0.14833333333333334,45.18924359086864,0.015292168213562768,5.564829274874826e-08,2.1141411246653853e-08,0.0012302703249316717,0.07660960878040154,0.02910484986342349,0.0022610339801758528,3.161598627343665e-08,4.1300744074712625e-11,1.7815002138377167e-05,3.6390060566684887e-06,1.3824992604974967e-06,5.9261143874937724e-06
burgers,11,B5,89,2089,0.14833333333333334,45.18924359086864,0.015292343559809286,0.0,0.0,0.001230252577940087,0.07660921547877624,0.029105912280448024,0.0022610346786677837,0.0,0.0,1.7817232219385915e-05,0.0,0.0,5.9261143874937724e-06
burgers,11,P,90,2090,0.15,45.18924359086864,0.013200318062629448,4.905824290602987e-08,5.917393067056107e-09,0.0011379797634714385,0.06678683704986259,0.008055811455998704,0.002402149373665452,2.691416156608284e-08,1.2332944561432857e-11,1.798016637621913e-05,3.7164440033392403e-06,4.4827655204827593e-07,5.993280528107736e-06
burgers,11,B5,90,2090,0.15,45.18924359086864,0.013200263981081366,0.0,0.0,0.0011379707127812584,0.06678659234845417,0.008055499843616944,0.0024021489080041647,0.0,0.0,1.7978307369048707e-05,0.0,0.0,5.993280528107736e-06
burgers,11,P,91,2091,0.15166666666666667,45.18924359086864,0.015744750312931936,5.300628080499445e-08,1.5425890123988114e-08,0.000663259579548713,0.07136862673086965,0.020769701872758412,0.0016126128612086177,2.4029521483726057e-08,3.710069057527576e-11,1.124609843827784e-05,3.3666002795520863e-06,9.797481584270074e-07,6.0518799200271555e-06
burgers,11,B5,91,2091,0.15166666666666667,45.18924359086864,0.01574471956757845,0.0,0.0,0.0006632469055371882,0.07136845866413888,0.02076987102248451,0.001612612628377974,0.0,0.0,1.1246634130657185e-05,0.0,0.0,6.0518799200271555e-06
burgers,11,P,92,2092,0.15333333333333332,45.18924359086864,0.01612104847755905,5.444121297530707e-08,1.7016349122030108e-08,0.0011185638859893868,0.07250389970461706,0.022662088972342686,0.0024301393423229456,2.8668342366700017e-08,3.893083425077215e-11,2.1180369003559463e-05,3.3770268138012713e-06,1.0555361300300871e-06,6.117956023821006e-06
burgers,11,B5,92,2092,0.15333333333333332,45.18924359086864,0.016121065863582144,0.0,0.0,0.0011185525214003926,0.07250384980117651,0.0226625749247739,0.0024301393423229456,0.0,0.0,2.1179468603804708e-05,0.0,0.0,6.117956023821006e-06
burgers,11,P,93,2093,0.155,45.18924359086864,0.01599443180542401,4.8586052138555895e-08,1.9805465423050394e-08,0.0011860220843349272,0.0640103310908449,0.026092969490844446,0.0018631851999089122,2.3803245596809575e-08,4.444596080066532e-11,2.1137519070180133e-05,3.037685410123757e-06,1.2382725228372285e-06,6.167829013304458e-06
burgers,11,B5,93,2093,0.155,45.18924359086864,0.015994616291087446,0.0,0.0,0.001186012705256198,0.06401043296037169,0.026093939987462535,0.001863186014816165,0.0,0.0,2.1138042939128354e-05,0.0,0.0,6.167829013304458e-06
burgers,11,P,94,2094,0.15666666666666668,45.18924359086864,0.016194090986955043,6.955812200963415e-08,5.9169037645799004e-09,0.0015635296135013514,0.09066536950751526,0.007712373943499629,0.0024377794470638037,3.208214138794574e-08,1.357119104594684e-11,1.956036976480391e-05,4.2952779545122885e-06,3.6537424479992064e-07,6.223127233198217e-06
burgers,11,B5,94,2094,0.15666666666666668,45.18924359086864,0.01619406104632741,0.0,0.0,0.0015635157910363407,0.09066513196941434,0.007712657468687516,0.00243777921423316,0.0,0.0,1.955874904524535e-05,0.0,0.0,6.223127233198217e-06
burgers,11,P,95,2095,0.15833333333333333,45.18924359086864,0.021549910533488186,7.719788998956286e-08,2.8954943635944335e-08,0.0032520542558014866,0.0995642000616287,0.03734397420278303,0.0031040150206536055,3.47878881257202e-08,5.474284567319465e-11,2.7799358576885425e-05,3.582283549140433e-06,1.3436224522115235e-06,6.260744625611649e-06
burgers,11,B5,95,2095,0.15833333333333333,45.18924359086864,0.021549914289516095,0.0,0.0,0.0032521272295828398,0.09956419597135728,0.037344492090675585,0.0031040150206536055,0.0,0.0,2.780125942081213e-05,0.0,0.0,6.260744625611649e-06
burgers,11,P,96,2096,0.16,45.18924359086864,0.014145062861788276,7.270779402411926e-08,1.563796189337853e-08,0.0009491769965307179,0.09279640139247554,0.019958612763265535,0.0028498629108071327,4.638367556708545e-08,4.038895953795141e-11,1.9744466044357978e-05,5.140153475071036e-06,1.1055420570539277e-06,6.305861195589897e-06
burgers,11,B5,96,2096,0.16,45.18924359086864,0.014145227328223469,0.0,0.0,0.0009491862653321707,0.09279660434955143,0.01995924539693995,0.00284986337646842,0.0,0.0,1.9743578377529047e-05,0.0,0.0,6.305861195589897e-06
burgers,11,P,97,2097,0.16166666666666665,45.18924359086864,0.011803763344725516,6.176567501982892e-08,5.69252752933218e-09,0.0005269341511841881,0.07801836468420521,0.007190429421425344,0.002212951658293605,3.051264130249365e-08,1.802755687785318e-11,1.0505050340725575e-05,5.232710383627673e-06,4.82263780040615e-07,6.365616460158329e-06
burgers,11,B5,97,2097,0.16166666666666665,45.18924359086864,0.011803750271283215,0.0,0.0,0.0005269312021711887,0.07801809200039125,0.00719042271319951,0.002212951658293605,0.0,0.0,1.0506765647733118e-05,0.0,0.0,6.365616460158329e-06
burgers,11,P,98,2098,0.16333333333333333,45.18924359086864,0.020749451983617058,7.926948018291785e-08,1.0785861567307842e-08,0.0015512988803230872,0.09910631282332055,0.013484975341851745,0.002411849796772003,3.21746718157101e-08,3.430386877334435e-11,2.290519478265196e-05,3.820316808632145e-06,5.198142859784407e-07,6.4201087469631865e-06
burgers,11,B5,98,2098,0.16333333333333333,45.18924359086864,0.020749392002461738,0.0,0.0,0.0015513722807839454,0.0991062856881642,0.013484752843767482,0.002411847934126854,0.0,0.0,2.2904705474502407e-05,0.0,0.0,6.4201087469631865e-06
burgers,11,P,99,2099,0.165,45.18924359086864,0.016155380185181513,6.322585514083085e-08,1.8346926273950455e-08,0.0018706371330106206,0.07824938200344385,0.022706464571283693,0.002259255386888981,2.742830851332201e-08,4.576292816915739e-11,2.7293765015201643e-05,3.913609857279907e-06,1.1356542565788166e-06,6.4785241925648155e-06
burgers,11,B5,99,2099,0.165,45.18924359086864,0.016155361741639805,0.0,0.0,0.0018706575463882534,0.07824939933541673,0.02270638115766655,0.0022592544555664062,0.0,0.0,2.7293002858641557e-05,0.0,0.0,6.4785241925648155e-06
burgers,11,P,100,2100,0.16666666666666666,45.18924359086864,0.013823497108018848,5.3508352301475707e-08,7.3928447720304615e-09,0.0013137455401788234,0.06556060810108198,0.009058013632686367,0.0015919770812615752,2.4468818082823418e-08,1.6664379945408037e-11,2.0408022464835085e-05,3.870826020604883e-06,5.348027864629103e-07,6.541419182575401e-06
burgers,11,B5,100,2100,0.16666666666666666,45.18924359086864,0.013823539196928358,0.0,0.0,0.001313744538233405,0.06556070847851327,0.009058272822218424,0.001591977896168828,0.0,0.0,2.0405708710313775e-05,0.0,0.0,6.541419182575401e-06
heat,11,P,1,2001,0.0016666666666666668,58.285075719187034,0.005458177240196487,4.5249413570129067e-10,4.198296429618142e-10,0.0029276298445464616,0.09223143281971326,0.08557346501384007,0.0005244543426670134,9.802393619029459e-11,1.496752049558181e-12,5.364895514503587e-06,8.290205975154474e-08,7.691755406365311e-08,2.3304990564536397e-07
heat,11,B5,1,2001,0.0016666666666666668,58.285075719187034,0.005458177240196487,0.0,0.0,0.0029276298445464616,0.09223143281971326,0.08557346501384007,0.0005244543426670134,0.0,0.0,5.364895514503587e-06,0.0,0.0,2.3304990564536397e-07
heat,11,P,2,2002,0.0033333333333333335,58.285075719187034,0.04685731902740744,6.048378649190476e-09,4.774389893845384e-09,0.053916091530967075,0.6164175337158587,0.4865795882483062,0.0010778151918202639,2.681039279472941e-10,5.074728484655289e-11,0.0005846839630976319,1.29080766350561e-07,1.0189208415984668e-07,8.656501445855635e-07
heat,11,B5,2,2002,0.0033333333333333335,58.285075719187034,0.046857318798260855,0.0,0.0,0.05391609789745068,0.6164175177254841,0.4865795571211403,0.0010778153082355857,0.0,0.0,0.0005846841377206147,0.0,0.0,8.656501445855635e-07
heat,11,P,3,2003,0.005,58.285075719187034,0.013495910032387525,1.44969232554034e-09,1.7391822080104415e-09,0.026383015756025623,0.09849645275868454,0.11816526605980956,0.0006171349086798728,3.603431997234452e-10,7.55047153272459e-12,8.75304831424728e-05,1.0741715987001721e-07,1.2886735343053909e-07,1.2019434333092756e-06
heat,11,B5,3,2003,0.005,58.285075719187034,0.013495911428444737,0.0,0.0,0.02638303609539294,0.0984964415139135,0.11816524256834948,0.0006171350250951946,0.0,0.0,8.752880239626393e-05,0.0,0.0,1.2019434333092756e-06
heat,11,P,4,2004,0.006666666666666667,58.285075719187034,0.028966624133995318,4.753192915029249e-09,3.9407027997276854e-09,0.05649589621278067,0.24220965406142683,0.2008073911850567,0.0009014061652123928,6.756973869315175e-10,2.7816993500295872e-11,0.00034216363565064967,1.640920561899682e-07,1.360428740849668e-07,1.4661452406617365e-06
heat,11,B5,4,2004,0.006666666666666667,58.285075719187034,0.028966626330501073,0.0,0.0,0.05649590456545274,0.2422096747169789,0.2008074445306235,0.0009014062816277146,0.0,0.0,0.000342164741596207,0.0,0.0,1.4661452406617365e-06
heat,11,P,5,2005,0.008333333333333333,58.285075719187034,0.01843567184299021,4.5194804684894685e-09,3.087899975230141e-09,0.026525152582707354,0.18424024618668677,0.1258807154007684,0.0008408668218180537,8.17743650571856e-10,2.971219797975877e-11,0.00020540427067317069,2.451486719323391e-07,1.674959286284027e-07,1.7273673091235652e-06
heat,11,B5,5,2005,0.008333333333333333,58.285075719187034,0.01843568257458916,0.0,0.0,0.026525196729609783,0.18424037623133882,0.12588080574507662,0.0008408671128563583,0.0,0.0,0.00020540271361824125,0.0,0.0,1.7273673091235652e-06
heat,11,P,6,2006,0.01,58.285075719187034,0.025739056246896753,8.502636976870488e-09,7.720623579826677e-09,0.05959110834740655,0.2888473514253732,0.26228118310438353,0.0007742468151263893,5.932886404380611e-10,5.886980486424775e-11,0.00040000604349188507,3.303398887399228e-07,2.9995752391883133e-07,1.971430266859707e-06
heat,11,B5,6,2006,0.01,58.285075719187034,0.025739075670695544,0.0,0.0,0.0595910708736086,0.2888475529092212,0.26228128995175276,0.0007742470479570329,0.0,0.0,0.00040000557783059776,0.0,0.0,1.971430266859707e-06
heat,11,P,7,2007,0.011666666666666667,58.285075719187034,0.012790330450920708,4.180513518342835e-09,2.266301026150658e-09,0.004459935397938271,0.12172998509908575,0.06599112391650858,0.0004620700201485306,6.912770356137798e-10,1.0628067870221969e-11,1.5252840057655703e-05,3.2684953171338135e-07,1.7718862189268293e-07,2.1793680337989717e-06
heat,11,B5,7,2007,0.011666666666666667,58.285075719187034,0.012790379096248635,0.0,0.0,0.004459933709843071,0.12173026173882068,0.06599137382165453,0.0004620703693944961,0.0,0.0,1.5252980119839776e-05,0.0,0.0,2.1793680337989717e-06
heat,11,P,8,2008,0.013333333333333334,58.285075719187034,0.010399163915168357,1.6776353797636887e-09,2.618571187093865e-09,0.007857414558778008,0.04274384374243793,0.06671759803060495,0.0008003429975360632,1.1542079514370585e-09,1.216912508261725e-11,3.771659612539224e-05,1.613240634967459e-07,2.5180593444386257e-07,2.380606482038635e-06
heat,11,B5,8,2008,0.013333333333333334,58.285075719187034,0.01039920715962526,0.0,0.0,0.007857380806165506,0.04274396861666288,0.06671748289544314,0.0008003432885743678,0.0,0.0,3.771600313484669e-05,0.0,0.0,2.380606482038635e-06
heat,11,P,9,2009,0.015,58.285075719187034,0.014898593161672318,4.202030619738497e-09,3.746042851155934e-09,0.022461878895800383,0.09516618057022756,0.08483912843246177,0.000901701336260885,1.3236162166307963e-09,2.6754714763099763e-11,0.00011031356552848592,2.8204210787824703e-07,2.514360121459584e-07,2.5993445884705863e-06
heat,11,B5,9,2009,0.015,58.285075719187034,0.014898582513530162,0.0,0.0,0.022461900115441528,0.09516594570737374,0.0848389029977324,0.0009017010452225804,0.0,0.0,0.00011031375470338389,0.0,0.0,2.5993445884705863e-06
heat,11,P,10,2010,0.016666666666666666,58.285075719187034,0.015135544762864387,1.0386028493376608e-08,1.0836290753406582e-08,0.01469669446964605,0.21169738196002486,0.22087503517774446,0.0007266266620717943,1.4973560169551092e-09,7.306875937640456e-11,8.888920274330303e-05,6.862011679195789e-07,7.159498335331687e-07,2.7946972297319518e-06
heat,11,B5,10,2010,0.016666666666666666,58.285075719187034,0.015135576973399078,0.0,0.0,0.014696708970541195,0.21169815243127854,0.22087584239230754,0.0007266272441484034,0.0,0.0,8.889058517524973e-05,0.0,0.0,2.7946972297319518e-06
heat,11,P,11,2011,0.018333333333333333,58.285075719187034,0.029585503962376032,1.561535406058645e-08,1.3146403034215451e-08,0.021483482307846476,0.28935109710003376,0.2436016564745072,0.0008667679503560066,1.367222779435906e-09,1.1303344371604851e-10,0.0001274681417271495,5.278042273825904e-07,4.443528510088511e-07,2.9596547310425884e-06
heat,11,B5,11,2011,0.018333333333333333,58.285075719187034,0.029585515376776946,0.0,0.0,0.021483466556543897,0.28935160045780006,0.24360198492668972,0.0008667682413943112,0.0,0.0,0.0001274687674595043,0.0,0.0,2.9596547310425884e-06
heat,11,P,12,2012,0.02,58.285075719187034,0.015964496186325942,7.383550297799665e-09,6.358474966950564e-09,0.009986315224495336,0.1254151510903708,0.1080034739920068,0.0008308961987495422,1.0800784711051392e-09,5.2218306068052556e-11,4.789377635461278e-05,4.624981716694506e-07,3.9828848293983647e-07,3.1068915288672186e-06
heat,11,B5,12,2012,0.02,58.285075719187034,0.01596453785132499,0.0,0.0,0.009986278957995198,0.1254155573387578,0.10800394887090305,0.0008308965479955077,0.0,0.0,4.7893172450130805e-05,0.0,0.0,3.1068915288672186e-06
heat,11,P,13,2013,0.021666666666666667,58.285075719187034,0.00475999361278349,3.11272641643456e-09,2.674185447903179e-09,0.0074620254681629595,0.04880491950985176,0.04192896601388462,0.0007393516134470701,1.9027588393782935e-09,2.4648925261994137e-11,3.2939042284851894e-05,6.539349985838192e-07,5.618044193843786e-07,3.2205077250065856e-06
heat,11,B5,13,2013,0.021666666666666667,58.285075719187034,0.004760011590379161,0.0,0.0,0.007462060883469754,0.04880531240673657,0.04192917812380947,0.000739351729862392,0.0,0.0,3.294059933978133e-05,0.0,0.0,3.2205077250065856e-06
heat,11,P,14,2014,0.023333333333333334,58.285075719187034,0.007525212820935658,1.2291431345975497e-08,1.371133933568681e-08,0.0067722214689919236,0.1789535788945967,0.19962632656274162,0.0006648199632763863,1.6795096424715439e-09,4.522716923194281e-11,2.3745791622786783e-05,1.6333666088193402e-06,1.8220533640644587e-06,3.3267522770326866e-06
heat,11,B5,14,2014,0.023333333333333334,58.285075719187034,0.0075251789686785805,0.0,0.0,0.006772201256192283,0.17895298604790574,0.19962559970519714,0.0006648198468610644,0.0,0.0,2.3745664293528534e-05,0.0,0.0,3.3267522770326866e-06
heat,11,P,15,2015,0.025,58.285075719187034,0.010013283657204422,7.382827558664742e-09,7.805239999122019e-09,0.002971307991847355,0.1003222975361718,0.10606228640587688,0.000648690911475569,1.8632655418571176e-09,5.0639482190861784e-11,1.2889201570942532e-05,7.373033473742549e-07,7.794885540375413e-07,3.4267867534042593e-06
heat,11,B5,15,2015,0.025,58.285075719187034,0.010013288434435262,0.0,0.0,0.002971264176693261,0.1003220990554138,0.10606226901156787,0.0006486907950602472,0.0,0.0,1.2887083357782103e-05,0.0,0.0,3.4267867534042593e-06
heat,11,P,16,2016,0.02666666666666667,58.285075719187034,0.012150365338594907,1.0612413104793347e-08,8.13537979634683e-09,0.003864897980013098,0.13519485295759914,0.10363915258063411,0.0005690877442248166,1.6434278382604361e-09,6.07260630669515e-11,1.2870365935668815e-05,8.734233752695199e-07,6.695584510949052e-07,3.5415506497605336e-06
heat,11,B5,16,2016,0.02666666666666667,58.285075719187034,0.012150377039339574,0.0,0.0,0.0038648617235892864,0.13519504908611588,0.10363923620853885,0.0005690877442248166,0.0,0.0,1.287090162804816e-05,0.0,0.0,3.5415506497605336e-06
heat,11,P,17,2017,0.028333333333333332,58.285075719187034,0.009641063234940255,8.592075680933711e-09,7.998901513186284e-09,0.008302249933249049,0.10301849340550244,0.09590636676049222,0.000578378327190876,1.5456953494918935e-09,5.7453711926891415e-11,3.393292354303412e-05,8.911958641444339e-07,8.29670060061156e-07,3.655636018055966e-06
heat,11,B5,17,2017,0.028333333333333332,58.285075719187034,0.009641070137534758,0.0,0.0,0.008302220574387559,0.10301884134966928,0.09590637224649926,0.0005783785018138587,0.0,0.0,3.3933181839529425e-05,0.0,0.0,3.655636018055966e-06
heat,11,P,18,2018,0.03,58.285075719187034,0.008628218574414844,1.0875034293102486e-08,6.502007119310709e-09,0.016646212104659094,0.12314707192443233,0.07362764167310956,0.0007194403442554176,2.323944592319549e-09,5.036324482454724e-11,7.31088948668912e-05,1.2604031990276763e-06,7.535746878957188e-07,3.872464335114634e-06
heat,11,B5,18,2018,0.03,58.285075719187034,0.008628200838491092,0.0,0.0,0.016646121546425204,0.12314674643057874,0.07362734434958276,0.0007194403442554176,0.0,0.0,7.31068939785473e-05,0.0,0.0,3.872464335114634e-06
heat,11,P,19,2019,0.03166666666666667,58.285075719187034,0.010435535429030753,9.649277162042688e-09,4.614234313057978e-09,0.008619705450951184,0.10351592292660743,0.049500778836906546,0.0005637302529066801,2.176214097815432e-09,3.610196863679249e-11,4.181959593552165e-05,9.246556851504943e-07,4.421655548426944e-07,4.078901880773894e-06
heat,11,B5,19,2019,0.03166666666666667,58.285075719187034,0.010435536507272643,0.0,0.0,0.008619751518255368,0.10351602010599098,0.04950095925381654,0.0005637303693220019,0.0,0.0,4.1819446778390557e-05,0.0,0.0,4.078901880773894e-06
heat,11,P,20,2020,0.03333333333333333,58.285075719187034,0.010382211182125128,7.478039664466538e-09,7.561148733398329e-09,0.010257861004933427,0.07621206937596695,0.07705907095089506,0.0006090185488574207,2.1928678872740193e-09,5.469847838557307e-11,3.643789023044519e-05,7.202742781173002e-07,7.282792269161532e-07,4.2668742857742935e-06
heat,11,B5,20,2020,0.03333333333333333,58.285075719187034,0.010382216867085296,0.0,0.0,0.010257838839483335,0.07621185358855322,0.07705869300630888,0.0006090187234804034,0.0,0.0,3.6438334063859656e-05,0.0,0.0,4.2668742857742935e-06
heat,11,P,21,2021,0.035,58.285075719187034,0.01139478750129603,4.00109204087126e-09,9.492528431685186e-09,0.005398935333222256,0.03883517353822041,0.09213584137556205,0.0008690655813552439,3.022590178147766e-09,6.385288131571798e-11,1.946657539519947e-05,3.5113353719112183e-07,8.330588377014944e-07,4.4391293405970935e-06
heat,11,B5,21,2021,0.035,58.285075719187034,0.01139480448662592,0.0,0.0,0.005399006392824976,0.038835589226111,0.09213602030347981,0.0008690655813552439,0.0,0.0,1.9466353478492238e-05,0.0,0.0,4.4391293405970935e-06
heat,11,P,22,2022,0.03666666666666667,58.285075719187034,0.0024912769506845287,7.01041889965501e-09,3.6369323406871868e-09,0.0005724972813816253,0.06495121463410379,0.03369601390749339,0.0006158900796435773,2.9634801279598832e-09,2.6065554228904553e-11,7.4262788984924555e-06,2.813986175936303e-06,1.4598667320740339e-06,4.63099211883013e-06
heat,11,B5,22,2022,0.03666666666666667,58.285075719187034,0.0024913069324540215,0.0,0.0,0.0005726044431043434,0.06495095082810838,0.033695940821362194,0.0006158899632282555,0.0,0.0,7.427116997860139e-06,0.0,0.0,4.63099211883013e-06
heat,11,P,23,2023,0.03833333333333333,58.285075719187034,0.0038813399644898306,4.329395516859802e-09,6.19993096984896e-09,0.004301384858349153,0.0383676685841116,0.054944601748811696,0.00047029656707309186,1.836292340406942e-09,3.520243471721862e-11,1.5142711163207423e-05,1.1154383683133164e-06,1.5973686991018034e-06,4.812930395836546e-06
heat,11,B5,23,2023,0.03833333333333333,58.285075719187034,0.003881331689578134,0.0,0.0,0.004301359648897952,0.03836797572912026,0.05494462498679581,0.00047029656707309186,0.0,0.0,1.5143188647925854e-05,0.0,0.0,4.812930395836546e-06
heat,11,P,24,2024,0.04,58.285075719187034,0.005433171000234311,8.715053180193998e-09,1.3071205353156884e-08,0.006394918268555491,0.07401585845418927,0.11101212055984987,0.0007394247222691774,2.8897115811332696e-09,5.856216900301803e-11,2.6406185497762635e-05,1.6040454423058197e-06,2.4058151956920137e-06,4.977961472637282e-06
heat,11,B5,24,2024,0.04,58.285075719187034,0.00543317091778032,0.0,0.0,0.006394823510805361,0.07401583398986278,0.11101268811345472,0.0007394246058538556,0.0,0.0,2.6403973606647924e-05,0.0,0.0,4.977961472637282e-06
heat,11,P,25,2025,0.041666666666666664,58.285075719187034,0.005979696678546055,1.560195687596161e-08,9.866801976025892e-09,0.006204007376824229,0.12720525237775265,0.0804456200710913,0.0006777484086342156,2.3459789666446795e-09,5.885918141768087e-11,2.3699947632849216e-05,2.609155232227461e-06,1.6500505805630554e-06,5.156624212862724e-06
heat,11,B5,25,2025,0.041666666666666664,58.285075719187034,0.005979729440517046,0.0,0.0,0.006204024540541565,0.1272059289535068,0.08044636094252725,0.0006777484668418765,0.0,0.0,2.3701903046458028e-05,0.0,0.0,5.156624212862724e-06
heat,11,P,26,2026,0.043333333333333335,58.285075719187034,0.00884028254433633,1.6529993696078227e-08,1.2581176053691245e-08,0.011538685575352427,0.12958816208374305,0.09863110331134159,0.0006586895906366408,3.0289899477509152e-09,5.590874638250476e-11,4.513544263318181e-05,1.869849024980365e-06,1.4231644736006293e-06,5.3280108495303954e-06
heat,11,B5,26,2026,0.043333333333333335,58.285075719187034,0.008840330890447142,0.0,0.0,0.011538672790171732,0.1295888717737779,0.09863153278874638,0.0006586898234672844,0.0,0.0,4.513395469984971e-05,0.0,0.0,5.3280108495303954e-06
heat,11,P,27,2027,0.045,58.285075719187034,0.007546388990777403,7.01841085863986e-09,1.0226050324764234e-08,0.006435828281583547,0.05298355047385541,0.07719873002623256,0.0004311937955208123,2.5271695847095543e-09,4.951578036482829e-11,2.047212365141604e-05,9.300356590704779e-07,1.3550918641037057e-06,5.4833050090199395e-06
heat,11,B5,27,2027,0.045,58.285075719187034,0.007546476584819404,0.0,0.0,0.006435853034627339,0.05298399089827319,0.07719954763358239,0.00043119414476677775,0.0,0.0,2.0470237359404564e-05,0.0,0.0,5.4833050090199395e-06
heat,11,P,28,2028,0.04666666666666667,58.285075719187034,0.0031522205215078016,2.7711460747702116e-09,6.8493914838684094e-09,0.004723075832303226,0.020172853113373114,0.04986087841507224,0.0004240661801304668,2.042099822574528e-09,3.271296081241992e-11,1.2672401680902112e-05,8.791092044044842e-07,2.1728782733106945e-06,5.620087696713751e-06
heat,11,B5,28,2028,0.04666666666666667,58.285075719187034,0.0031522532053998155,0.0,0.0,0.004723079350040282,0.020173002811589808,0.049861095496472885,0.00042406638385728,0.0,0.0,1.2672227057919372e-05,0.0,0.0,5.620087696713751e-06
heat,11,P,29,2029,0.04833333333333333,58.285075719187034,0.0024910442270842555,1.2187916380915522e-08,1.0518069360561227e-08,0.0024410303847376314,0.0856638244607168,0.07392715480030392,0.0006376909441314638,3.3633407170441387e-09,4.463348440841841e-11,5.114206487633055e-06,4.892693693833516e-06,4.22235351994233e-06,5.7621481343929875e-06
heat,11,B5,29,2029,0.04833333333333333,58.285075719187034,0.002491148063858061,0.0,0.0,0.002441119523567185,0.08566490873524743,0.07392909095583958,0.0006376911769621074,0.0,0.0,5.111307928018505e-06,0.0,0.0,5.7621481343929875e-06
heat,11,P,30,2030,0.05,58.285075719187034,0.002784280278531575,1.3745167929779257e-08,3.880322172354901e-09,0.0026381749816042953,0.09338879873249668,0.026364073124145647,0.0008081613341346383,5.480456533035749e-09,3.663866779413105e-11,1.4861778254271485e-05,4.936704122700046e-06,1.393653578008812e-06,5.873415939416438e-06
heat,11,B5,30,2030,0.05,58.285075719187034,0.002784290237124329,0.0,0.0,0.0026381468440967283,0.09338722471333973,0.026363226463201588,0.0008081612177193165,0.0,0.0,1.4860672308714129e-05,0.0,0.0,5.873415939416438e-06
heat,11,P,31,2031,0.051666666666666666,58.285075719187034,0.004961333853585438,3.375901406112841e-09,2.6487307922956626e-09,0.004426749127903699,0.022196988507729297,0.017415748219895825,0.00045761337969452143,2.5845423579085036e-09,2.6152947862900788e-11,1.531164161860943e-05,6.804422975231062e-07,5.338747341869542e-07,5.996840766240798e-06
heat,11,B5,31,2031,0.051666666666666666,58.285075719187034,0.004961294089116388,0.0,0.0,0.004426740677727042,0.02219652660269454,0.017415453231650863,0.00045761317596770823,0.0,0.0,1.5310686649172567e-05,0.0,0.0,5.996840766240798e-06
heat,11,P,32,2032,0.05333333333333334,58.285075719187034,0.004728708675719788,4.7097552534053655e-09,3.795375131602991e-09,0.004021857417119802,0.029999525145256917,0.02417523757554654,0.00035131859476678073,2.115541075653482e-09,3.121770897340781e-11,1.4963443391025066e-05,9.959918397147743e-07,8.026240125746956e-07,6.1149726468453075e-06
heat,11,B5,32,2032,0.05333333333333334,58.285075719187034,0.004728711063521467,0.0,0.0,0.004021862906365329,0.029999214418207704,0.024175306669089597,0.0003513185656629503,0.0,0.0,1.4963467037887312e-05,0.0,0.0,6.1149726468453075e-06
heat,11,P,33,2033,0.055,58.285075719187034,0.004897892769696701,1.3110837164419627e-08,8.713608618244207e-09,0.004640573606524705,0.08098088159716353,0.053820797080498556,0.0005194772966206074,3.2883267220285006e-09,4.6065071895862175e-11,1.4370517419592943e-05,2.6768322176296862e-06,1.7790525493239392e-06,6.221972530559591e-06
heat,11,B5,33,2033,0.055,58.285075719187034,0.004897905303115695,0.0,0.0,0.004640584422419951,0.08098073750590387,0.053820795785848294,0.0005194774130359292,0.0,0.0,1.4370866665558424e-05,0.0,0.0,6.221972530559591e-06
heat,11,P,34,2034,0.056666666666666664,58.285075719187034,0.006738997167726445,1.4610607929026871e-08,1.3084621861300193e-08,0.004621324827026435,0.08759017806669031,0.07844192971961511,0.000454774679383263,3.6603002850910116e-09,5.21524108620941e-11,1.3251172276795842e-05,2.1680685664920814e-06,1.941627446285838e-06,6.28933514548752e-06
heat,11,B5,34,2034,0.056666666666666664,58.285075719187034,0.006739041607299885,0.0,0.0,0.0046213799898430045,0.08759084634944747,0.07844258232687336,0.00045477491221390665,0.0,0.0,1.3250461961433757e-05,0.0,0.0,6.28933514548752e-06
heat,11,P,35,2035,0.058333333333333334,58.285075719187034,0.00725214260054373,1.9425240151750814e-08,1.1771265906468083e-08,0.007187669672066305,0.11312651224450526,0.06855215919459041,0.000869487936142832,4.853569546270364e-09,7.204162266738479e-11,2.527151991671417e-05,2.678551873799945e-06,1.6231431943417013e-06,6.329437704659572e-06
heat,11,B5,35,2035,0.058333333333333334,58.285075719187034,0.007252183249289495,0.0,0.0,0.007187721189242246,0.11312733042278915,0.0685525940432432,0.0008694882853887975,0.0,0.0,2.5273022401961498e-05,0.0,0.0,6.329437704659572e-06
heat,11,P,36,2036,0.06,58.285075719187034,0.0039178722006105535,6.863705511710411e-09,2.9508733073102496e-09,0.0017970629115292998,0.038861726906021195,0.01670759715142445,0.0005151412915438414,3.737046672114275e-09,2.525559969490665e-11,6.0715715335391e-06,1.7518962233226455e-06,7.531826349135103e-07,6.351849084183247e-06
heat,11,B5,36,2036,0.06,58.285075719187034,0.003917944848236053,0.0,0.0,0.0017970292463607527,0.038860814807526636,0.016707067789077,0.0005151414661668241,0.0,0.0,6.0726774790964555e-06,0.0,0.0,6.351849084183247e-06
heat,11,P,37,2037,0.06166666666666667,58.285075719187034,0.0035727472617461432,6.8436964913777315e-09,5.279529077071148e-09,0.0028814505912782857,0.037701183250495006,0.029084356076271262,0.0005004095728509128,3.4774434443107793e-09,3.4569732493272554e-11,6.423029390134616e-06,1.9155277409779457e-06,1.4777225172347714e-06,6.3853607524226786e-06
heat,11,B5,37,2037,0.06166666666666667,58.285075719187034,0.003572726261652125,0.0,0.0,0.0028814591558279676,0.03770107891901129,0.02908393645941575,0.0005004095728509128,0.0,0.0,6.425904757634271e-06,0.0,0.0,6.3853607524226786e-06
heat,11,P,38,2038,0.06333333333333334,58.285075719187034,0.003363708378172827,8.3071070031004e-09,3.2899850671785915e-09,0.004030896826467835,0.04455866581031074,0.01764722023803156,0.0007034532027319074,4.951586696222421e-09,2.5923185473231136e-11,1.0561105227679946e-05,2.469627586328645e-06,9.78082728136414e-07,6.4099309195597535e-06
heat,11,B5,38,2038,0.06333333333333334,58.285075719187034,0.003363690636894217,0.0,0.0,0.004030889231934832,0.04455833206607509,0.017646786955352583,0.0007034532027319074,0.0,0.0,1.0561931958363857e-05,0.0,0.0,6.4099309195597535e-06
heat,11,P,39,2039,0.065,58.285075719187034,0.0072055037125937065,1.1164293908357602e-08,1.400212571070914e-08,0.0072606366343428135,0.05834889358834114,0.07318049514507369,0.000538039777893573,3.415059568467882e-09,5.5282996930250405e-11,1.6984413377940655e-05,1.5494119986149979e-06,1.9432542496975427e-06,6.440365698597749e-06
heat,11,B5,39,2039,0.065,58.285075719187034,0.0072054352464970915,0.0,0.0,0.0072605369705063556,0.05834824709449973,0.0731799783490113,0.0005380395450629294,0.0,0.0,1.6983249224722385e-05,0.0,0.0,6.440365698597749e-06
heat,11,P,40,2040,0.06666666666666667,58.285075719187034,0.0060390263442665635,1.7061523148508848e-08,1.2974262670802085e-08,0.0036433708686094885,0.08694083385306413,0.06611327852054973,0.0007012111018411815,5.475001785271161e-09,6.261969415222168e-11,9.474868420511484e-06,2.8252109157806564e-06,2.14840305890035e-06,6.494480091265541e-06
heat,11,B5,40,2040,0.06666666666666667,58.285075719187034,0.006038999176236454,0.0,0.0,0.003643398722887787,0.08694056979071967,0.06611302160560907,0.0007012111018411815,0.0,0.0,9.471760677115526e-06,0.0,0.0,6.494480091265541e-06
heat,11,P,41,2041,0.06833333333333333,58.285075719187034,0.006621839181048551,1.6852443963337787e-08,1.067774334317291e-08,0.003058292151159625,0.083780901725988,0.053083755030756546,0.0006633966113440692,4.786572915804754e-09,4.393004016112201e-11,6.666861281701131e-06,2.5449793482706184e-06,1.6125041776508557e-06,6.556223325416804e-06
heat,11,B5,41,2041,0.06833333333333333,58.285075719187034,0.0066218605450125536,0.0,0.0,0.0030583332620200006,0.0837812780064043,0.05308380523468489,0.0006633967277593911,0.0,0.0,6.665894943580497e-06,0.0,0.0,6.556223325416804e-06
heat,11,P,42,2042,0.07,58.285075719187034,0.0032147756478359624,1.2877253638845882e-08,1.7066732089563236e-08,0.001802269640824701,0.06249423850628659,0.08282607326882241,0.000681545352563262,4.368923001152325e-09,6.897164089858521e-11,4.452571829460794e-06,4.005646131951464e-06,5.308840789885841e-06,6.623285420584939e-06
heat,11,B5,42,2042,0.07,58.285075719187034,0.003214837831510698,0.0,0.0,0.001802287667167214,0.0624946775314208,0.08282650782620933,0.0006815457018092275,0.0,0.0,4.4528746911964845e-06,0.0,0.0,6.623285420584939e-06
heat,11,P,43,2043,0.07166666666666667,58.285075719187034,0.0021408331295732943,6.731578589238521e-09,5.901711646582171e-09,0.00011031208351219226,0.03190909026184626,0.027975347939065632,0.00038923518150113523,3.179016605514562e-09,3.187583183517084e-11,1.3086712442600401e-06,3.144373326556397e-06,2.7567359478216248e-06,6.672236459632413e-06
heat,11,B5,43,2043,0.07166666666666667,58.285075719187034,0.002140844366710048,0.0,0.0,0.00011025268254327353,0.0319096462848018,0.02797582031503287,0.0003892352688126266,0.0,0.0,1.3072975661998498e-06,0.0,0.0,6.672236459632413e-06
heat,11,P,44,2044,0.07333333333333333,58.285075719187034,0.0023161803539499255,9.714205517238276e-09,2.4781817040475357e-09,0.0017623305628870498,0.04500083816325442,0.0114801213033249,0.0005127237527631223,4.738046843755228e-09,2.6999551899775653e-11,4.830898433283437e-06,4.194062651758548e-06,1.0699433227733493e-06,6.712766416297278e-06
heat,11,B5,44,2044,0.07333333333333333,58.285075719187034,0.0023161247871336748,0.0,0.0,0.0017623248248283953,0.04500074758037718,0.011479895554624489,0.0005127235781401396,0.0,0.0,4.830211310036248e-06,0.0,0.0,6.712766416297278e-06
heat,11,P,45,2045,0.075,58.285075719187034,0.004212947643850922,2.263765911836316e-08,7.705665966408687e-09,0.0028883362838487098,0.10253803478036658,0.03490307306078274,0.0006494982517324388,5.338231634510748e-09,4.8045994266443515e-11,7.479055966541637e-06,5.373354010559408e-06,1.8290438471637835e-06,6.740531949204071e-06
heat,11,B5,45,2045,0.075,58.285075719187034,0.004212873550526239,0.0,0.0,0.0028882741780931675,0.1025371957309493,0.034902388579831974,0.000649498135317117,0.0,0.0,7.478753104805946e-06,0.0,0.0,6.740531949204071e-06
heat,11,P,46,2046,0.07666666666666666,58.285075719187034,0.0052874274938211506,1.3795642126786313e-08,9.918741140405329e-09,0.0028957121946974096,0.06112939282582772,0.043950591660332605,0.0004789226222783327,4.715277057698586e-09,5.4431514850961094e-11,7.554202056780923e-06,2.6091406724551403e-06,1.8759105731466386e-06,6.758630521728891e-06
heat,11,B5,46,2046,0.07666666666666666,58.285075719187034,0.005287400162920589,0.0,0.0,0.0028956709299733665,0.06112949178564456,0.04395030874735343,0.00047892244765534997,0.0,0.0,7.55522660256247e-06,0.0,0.0,6.758630521728891e-06
heat,11,P,47,2047,0.07833333333333334,58.285075719187034,0.003547739949981003,1.6849791213004085e-08,1.3423176802375964e-08,0.0033121498648802233,0.07307396572168612,0.05821346376609732,0.0006601059576496482,4.505375628127695e-09,9.111723875410149e-11,1.0552071216807235e-05,4.749443716441029e-06,3.783585322381885e-06,6.785778141581207e-06
heat,11,B5,47,2047,0.07833333333333334,58.285075719187034,0.0035477327777837225,0.0,0.0,0.0033121854697046337,0.07307398587887484,0.058213482203290194,0.0006601059576496482,0.0,0.0,1.0551931154623162e-05,0.0,0.0,6.785778141581207e-06
heat,11,P,48,2048,0.08,58.285075719187034,0.00240676601009778,7.526083978526235e-09,4.7402098970983345e-09,0.0022853445339186505,0.031959047970496555,0.020129006215552976,0.00046377559192478657,5.272320802163222e-09,2.4000206336194374e-11,4.562945377983851e-06,3.127052628693419e-06,1.9695350014128517e-06,6.824824453990511e-06
heat,11,B5,48,2048,0.08,58.285075719187034,0.002406791301775171,0.0,0.0,0.0022853496693291545,0.031959554076754285,0.02012952810845827,0.000463775621028617,0.0,0.0,4.562828962662024e-06,0.0,0.0,6.824824453990511e-06
heat,11,P,49,2049,0.08166666666666667,58.285075719187034,0.0028995880437280826,1.3891937342548094e-08,7.060225618651e-09,0.0013365900275550552,0.05778734221953222,0.02936895501378022,0.0007345550111494958,5.878348030563529e-09,5.940118535940897e-11,3.9198671402118634e-06,4.791003802280422e-06,2.434906446080343e-06,6.852819753892838e-06
heat,11,B5,49,2049,0.08166666666666667,58.285075719187034,0.002899645401324693,0.0,0.0,0.0013366888118506845,0.05778849297816755,0.02936929304395034,0.0007345551857724786,0.0,0.0,3.922602900274796e-06,0.0,0.0,6.852819753892838e-06
heat,11,P,50,2050,0.08333333333333333,58.285075719187034,0.003070643415272145,1.3158571927011257e-08,4.542292579870343e-09,0.00039470712819498246,0.0536419737932107,0.01851702000927178,0.0005383482202887535,4.470037673343086e-09,3.1631558483624644e-11,2.303323753949371e-06,4.285281664932442e-06,1.479264103828796e-06,6.871733671334095e-06
heat,11,B5,50,2050,0.08333333333333333,58.285075719187034,0.0030705747137083086,0.0,0.0,0.0003946806172201241,0.05364133966973417,0.01851617219583624,0.0005383479874581099,0.0,0.0,2.300366759300232e-06,0.0,0.0,6.871733671334095e-06
heat,11,P,51,2051,0.085,58.285075719187034,0.0030658092985884054,1.6954979229441213e-08,4.04399044917596e-09,0.0006647750395104709,0.06776307301616323,0.016162403044861235,0.0006015388062223792,7.431711690486509e-09,1.6155013091156967e-11,1.6954029433691176e-06,5.530343729222759e-06,1.319061316383227e-06,6.874313547515972e-06
heat,11,B5,51,2051,0.085,58.285075719187034,0.003065780814046586,0.0,0.0,0.0006647461591971608,0.06776367369107543,0.016161659341025116,0.0006015387480147183,0.0,0.0,1.6960548236966133e-06,0.0,0.0,6.874313547515972e-06
heat,11,P,52,2052,0.08666666666666667,58.285075719187034,0.00538959341741404,1.5224365966468e-08,1.0608749737894623e-08,0.0040724528037472995,0.05967629859683642,0.04158405509844032,0.0006522363401018083,5.862724972161004e-09,6.360520443671192e-11,1.359191992378328e-05,2.8247707734830847e-06,1.9683766318285224e-06,6.886962584135403e-06
heat,11,B5,52,2052,0.08666666666666667,58.285075719187034,0.005389561934181704,0.0,0.0,0.004072382346016224,0.0596778751341802,0.04158371062480224,0.0006522362236864865,0.0,0.0,1.3592839422926772e-05,0.0,0.0,6.886962584135403e-06
heat,11,P,53,2053,0.08833333333333333,58.285075719187034,0.004552609362627447,1.546786682672212e-08,2.1157031481925714e-08,0.0020391820795346823,0.059486791886152704,0.08136635740376819,0.0007619866519235075,6.210667091721689e-09,1.137777094761816e-10,7.226295110740466e-06,3.397582703602567e-06,4.647231905202461e-06,6.924109738605609e-06
heat,11,B5,53,2053,0.08833333333333333,58.285075719187034,0.004552613677879749,0.0,0.0,0.0020391371784626742,0.05948738666554292,0.08136704411936803,0.0007619866519235075,0.0,0.0,7.228867616504431e-06,0.0,0.0,6.924109738605609e-06
heat,11,P,54,2054,0.09,58.285075719187034,0.0029319455500958053,1.8256707597640363e-08,1.1618650289172455e-08,0.0008661396422469538,0.06891197480289839,0.043855888845934825,0.0007483756053261459,7.067156637674543e-09,4.51910141252565e-11,2.4080277398752514e-06,6.226823549654188e-06,3.9627783294927835e-06,6.962613525617782e-06
heat,11,B5,54,2054,0.09,58.285075719187034,0.002931993372304482,0.0,0.0,0.0008661833058332061,0.06891353916554757,0.04385411481101669,0.0007483758963644505,0.0,0.0,2.4101464077830315e-06,0.0,0.0,6.962613525617782e-06
heat,11,P,55,2055,0.09166666666666666,58.285075719187034,0.0011783372580739674,7.294782259157467e-09,4.7073912661735046e-09,0.0002647129225874298,0.02703433261903395,0.017445507313316122,0.0005399999208748341,4.3926875470390314e-09,3.915085269867724e-11,2.4516600660717813e-06,6.190742259207724e-06,3.9949439211214425e-06,6.999357045654647e-06
heat,11,B5,55,2055,0.09166666666666666,58.285075719187034,0.00117834521488558,0.0,0.0,0.0002646793877780373,0.027034708577146627,0.0174460037968458,0.000539999979082495,0.0,0.0,2.451567070238525e-06,0.0,0.0,6.999357045654647e-06
heat,11,P,56,2056,0.09333333333333334,58.285075719187034,0.002891426059386478,1.3702601442740808e-08,9.284412494756834e-09,0.0025397303100969156,0.04987477785747641,0.033793437113676286,0.0005728775868192315,5.397447377930575e-09,6.744699243554919e-11,6.311503511824412e-06,4.7390461181802855e-06,3.2110150161428865e-06,7.0208535523627445e-06
heat,11,B5,56,2056,0.09333333333333334,58.285075719187034,0.00289136583723807,0.0,0.0,0.0025396391155877002,0.049874660773100855,0.03379236789799891,0.0005728774121962488,0.0,0.0,6.310921435215278e-06,0.0,0.0,7.0208535523627445e-06
heat,11,P,57,2057,0.095,58.285075719187034,0.002565405482054999,7.311116853077104e-09,1.9941032396455758e-09,0.003510018383779044,0.02614416545415097,0.007130808349650038,0.0006353756180033088,6.034022614898049e-09,2.1237997471779124e-11,6.568815933860606e-06,2.8498874365936835e-06,7.773052851076837e-07,7.050881597091653e-06
heat,11,B5,57,2057,0.095,58.285075719187034,0.002565365744763453,0.0,0.0,0.0035099721350816885,0.026144932845023013,0.007130859850839063,0.000635375501587987,0.0,0.0,6.57116788715939e-06,0.0,0.0,7.050881597091653e-06
heat,11,P,58,2058,0.09666666666666666,58.285075719187034,0.004304325494690243,1.513233912535074e-08,1.0262098952094875e-08,0.0023652703886495843,0.05317947391556637,0.03606402416590297,0.0008138249977491796,8.205738311062305e-09,5.1939768458408864e-11,7.628510047652526e-06,3.5156121775683056e-06,2.3841363681148322e-06,7.097255669376175e-06
heat,11,B5,58,2058,0.09666666666666666,58.285075719187034,0.004304309359733454,0.0,0.0,0.002365291001776995,0.05317959231738139,0.036063811812192544,0.0008138249395415187,0.0,0.0,7.628393632330699e-06,0.0,0.0,7.097255669376175e-06
heat,11,P,59,2059,0.09833333333333333,58.285075719187034,0.0014766662865977902,2.0634051483426983e-08,3.5496112243370496e-09,0.0016938871926257843,0.07128505616898113,0.012262944417619381,0.0005159957800060511,5.882080156283109e-09,3.066511627958235e-11,3.5098987609671894e-06,1.3973401892290389e-05,2.403800544884981e-06,7.145618903325118e-06
heat,11,B5,59,2059,0.09833333333333333,58.285075719187034,0.0014766825649263566,0.0,0.0,0.0016938859877124184,0.07128414389205816,0.012263212910001563,0.0005159957800060511,0.0,0.0,3.5096193187200697e-06,0.0,0.0,7.145618903325118e-06
heat,11,P,60,2060,0.1,58.285075719187034,0.002266573195631447,6.489086753635065e-09,5.875380961446826e-09,0.0025805703627829685,0.02204440243752967,0.019959550811276688,0.00041366639197804034,5.185941454044496e-09,4.824515092982651e-11,7.872912647144403e-06,2.8629504514312693e-06,2.5921867305105926e-06,7.21112207369017e-06
heat,11,B5,60,2060,0.1,58.285075719187034,0.002266591756821058,0.0,0.0,0.0025806155009540387,0.022044379090246945,0.019959246027846766,0.00041366639197804034,0.0,0.0,7.872656169638503e-06,0.0,0.0,7.21112207369017e-06
heat,11,P,61,2061,0.10166666666666667,58.285075719187034,0.00186179521728389,1.037091844838614e-08,1.5256172998752344e-08,0.0016804161779477278,0.0346539986786614,0.050977878826767326,0.0005481219268403947,5.091899346609807e-09,5.135726566241061e-11,2.5442452624702128e-06,5.570386233731936e-06,8.194334616998887e-06,7.267948928990288e-06
heat,11,B5,61,2061,0.10166666666666667,58.285075719187034,0.0018618552335813489,0.0,0.0,0.001680463337420267,0.03465353168400315,0.05097722727417904,0.0005481220432557166,0.0,0.0,2.5434653707634425e-06,0.0,0.0,7.267948928990288e-06
heat,11,P,62,2062,0.10333333333333333,58.285075719187034,0.0045477415925447556,2.77826806902293e-08,2.2508684201278936e-08,0.0008593654431607798,0.09133736442836592,0.07399875433074314,0.0009276922792196274,9.593405181362868e-09,1.181940517680502e-10,3.371620550751686e-06,6.109115947962886e-06,4.949420221715779e-06,7.3162996523128336e-06
heat,11,B5,62,2062,0.10333333333333333,58.285075719187034,0.004547657373574233,0.0,0.0,0.0008592909267632556,0.09133666540122977,0.07399814704611483,0.0009276921628043056,0.0,0.0,3.3714575238263933e-06,0.0,0.0,7.3162996523128336e-06
heat,11,P,63,2063,0.105,58.285075719187034,0.0021181627544450865,1.3119256110704335e-08,1.2057088506982025e-08,0.0015005578328138355,0.04244579309470082,0.03900927718650383,0.0005643873591907322,6.728559931445943e-09,4.657061195012524e-11,2.323684839211637e-06,6.193695967494859e-06,5.692238937579055e-06,7.367370101662851e-06
heat,11,B5,63,2063,0.105,58.285075719187034,0.0021181427648070492,0.0,0.0,0.001500547526417705,0.04244549964447726,0.03900958709754807,0.0005643874173983932,0.0,0.0,2.323580019947258e-06,0.0,0.0,7.367370101662851e-06
heat,11,P,64,2064,0.10666666666666667,58.285075719187034,0.003660013489888862,1.243335740035116e-08,6.138475076509293e-09,0.0029825716368588368,0.039598109883615805,0.019549989491022945,0.0006027939962223172,8.112025717821325e-09,5.12446474143502e-11,4.516344233707059e-06,3.3970796650612086e-06,1.6771728009930617e-06,7.416114678226874e-06
heat,11,B5,64,2064,0.10666666666666667,58.285075719187034,0.0036600747743923685,0.0,0.0,0.0029826301893141074,0.039598172874295526,0.019550478148887756,0.000602794112637639,0.0,0.0,4.515901764534647e-06,0.0,0.0,7.416114678226874e-06
heat,11,P,65,2065,0.10833333333333334,58.285075719187034,0.0009871714679079702,1.545612008016844e-08,2.5466595931268186e-08,0.0011388293616643535,0.048467781499492615,0.07985894138954641,0.0004662388819269836,5.344486186942277e-09,9.79280545543304e-11,2.7318717457092134e-06,1.565697610053834e-05,2.579754050756492e-05,7.4824036475775044e-06
heat,11,B5,65,2065,0.10833333333333334,58.285075719187034,0.0009872152044199626,0.0,0.0,0.0011388426220001692,0.04846704576428779,0.07985665065478659,0.0004662389401346445,0.0,0.0,2.7330127068125876e-06,0.0,0.0,7.4824036475775044e-06
heat,11,P,66,2066,0.11,58.285075719187034,0.003013225227399442,7.059120403301844e-09,8.775867137072901e-09,0.0018695368076420045,0.02180081176797692,0.027102672044019088,0.0006964326603338122,7.659890499667199e-09,6.267594082620676e-11,7.022219051577849e-06,2.3427124992558897e-06,2.912449775500816e-06,7.512206459978572e-06
heat,11,B5,66,2066,0.11,58.285075719187034,0.0030132248350783182,0.0,0.0,0.00186963676710576,0.021800999199287355,0.02710235173348051,0.0006964327767491341,0.0,0.0,7.024430942692561e-06,0.0,0.0,7.512206459978572e-06
heat,11,P,67,2067,0.11166666666666666,58.285075719187034,0.0026742992833392694,9.165859557384154e-09,4.648624851832757e-09,0.00018477449244313658,0.02788459673842732,0.014142157787542164,0.00039305241080000997,5.224397359171462e-09,3.85944748382272e-11,1.5328405424952507e-06,3.4273873588071954e-06,1.7382590201453601e-06,7.5477795519682264e-06
heat,11,B5,67,2067,0.11166666666666666,58.285075719187034,0.002674256809572945,0.0,0.0,0.00018474763026876388,0.027883946315128832,0.01414144767274338,0.00039305241080000997,0.0,0.0,1.53235157540621e-06,0.0,0.0,7.5477795519682264e-06
heat,11,P,68,2068,0.11333333333333333,58.285075719187034,0.0015947091659642447,1.0592807183019941e-08,5.048037262696649e-09,0.0016597434165533354,0.031751788511385715,0.015131419406898152,0.0005425033159554005,7.78058151240657e-09,4.963483790643153e-11,2.4727312393224565e-06,6.642469617094711e-06,3.165490843369137e-06,7.602699739085676e-06
heat,11,B5,68,2068,0.11333333333333333,58.285075719187034,0.001594678141907113,0.0,0.0,0.0016597330269978359,0.031751671773463754,0.015131073115711852,0.0005425032577477396,0.0,0.0,2.469820856276783e-06,0.0,0.0,7.602699739085676e-06
heat,11,P,69,2069,0.115,58.285075719187034,0.002384309125343642,1.579786525295306e-08,6.338314194720954e-09,0.0024349173707847328,0.04666758153568322,0.018723655353435033,0.0005334804300218821,5.663015389956172e-09,6.177151151698368e-11,3.929063950636191e-06,6.625762190410679e-06,2.658344141432347e-06,7.674041898678506e-06
heat,11,B5,69,2069,0.115,58.285075719187034,0.0023842739416829006,0.0,0.0,0.0024348830574234125,0.046667706962796665,0.01872332365024497,0.0005334804300218821,0.0,0.0,3.926991666958202e-06,0.0,0.0,7.674041898678506e-06
heat,11,P,70,2070,0.11666666666666667,58.285075719187034,0.0015857879707768421,1.4379740358729152e-08,7.712325398178688e-09,0.0018186565556707983,0.04187154639257037,0.022457081392837305,0.0006809779442846775,7.486093522857118e-09,8.53727019634043e-11,6.753520665370161e-06,9.067883363804834e-06,4.863402636608848e-06,7.743005625729919e-06
heat,11,B5,70,2070,0.11666666666666667,58.285075719187034,0.0015858192229002512,0.0,0.0,0.0018186310773088841,0.04187203920252727,0.022457647787164022,0.0006809779442846775,0.0,0.0,6.752414719812805e-06,0.0,0.0,7.743005625729919e-06
heat,11,P,71,2071,0.11833333333333333,58.285075719187034,0.002048598350776964,1.9273320177726563e-08,5.926915207994304e-09,0.0013567572319787768,0.05533044488708682,0.017015171449329486,0.0007930261199362576,8.823612951402993e-09,5.3081844475499906e-11,3.653369049061439e-06,9.408052178904102e-06,2.8931562918355498e-06,7.807053404774167e-06
heat,11,B5,71,2071,0.11833333333333333,58.285075719187034,0.00204861067666734,0.0,0.0,0.0013568014456370053,0.05533060816696296,0.01701525249815355,0.0007930261199362576,0.0,0.0,3.6532990179694025e-06,0.0,0.0,7.807053404774167e-06
heat,11,P,72,2072,0.12,58.285075719187034,0.004889228867856767,6.659185538584678e-09,7.877970508659502e-09,0.0005133645334858359,0.018851876874116713,0.022302206210702055,0.0006442824960686266,8.046833421815336e-09,5.716277798328839e-11,1.7435057770853746e-06,1.3620114170486329e-06,1.6112910075557322e-06,7.870136037414848e-06
heat,11,B5,72,2072,0.12,58.285075719187034,0.00488916079395911,0.0,0.0,0.0005133225432127249,0.018852547021099716,0.022302164476686818,0.0006442824378609657,0.0,0.0,1.7445767070967122e-06,0.0,0.0,7.870136037414848e-06
heat,11,P,73,2073,0.12166666666666667,58.285075719187034,0.001042979740385863,6.796282573825971e-09,1.1590645991566848e-08,0.000776375657674594,0.01897643027934606,0.03236314968060658,0.0005151584045961499,6.4584817494051094e-09,5.364745800373605e-11,3.003538722623489e-06,6.5162172482004345e-06,1.1113011636523974e-05,7.92776354563322e-06
heat,11,B5,73,2073,0.12166666666666667,58.285075719187034,0.001043007716893034,0.0,0.0,0.000776359178029451,0.018975791753901582,0.03236320660028691,0.000515158346388489,0.0,0.0,3.0052615329623222e-06,0.0,0.0,7.92776354563322e-06
heat,11,P,74,2074,0.12333333333333334,58.285075719187034,0.0019759246152458434,1.3231285971837723e-08,9.0131507745357e-09,0.0022544842678559585,0.0364448618618885,0.024826235414390108,0.0007151002064347267,1.0089679314262412e-08,6.045140776844704e-11,3.862986432068283e-06,6.696250388171561e-06,4.561485142192172e-06,7.992482393638072e-06
heat,11,B5,74,2074,0.12333333333333334,58.285075719187034,0.001975860330027561,0.0,0.0,0.002254375960916289,0.03644594228932819,0.0248249233953374,0.0007151000900194049,0.0,0.0,3.863370693579782e-06,0.0,0.0,7.992482393638072e-06
heat,11,P,75,2075,0.125,58.285075719187034,0.0013287865553009643,9.715173265573125e-09,8.543389506215046e-09,0.0005680948338012298,0.026403122633397103,0.023218541591050617,0.00045666887308470905,7.33616056791675e-09,6.602310365089181e-11,5.63962385058403e-06,7.3113121342296255e-06,6.4294671496582125e-06,8.037385333413294e-06
heat,11,B5,75,2075,0.125,58.285075719187034,0.0013287771328695042,0.0,0.0,0.0005680571717680319,0.02640375175027566,0.02321796121247709,0.00045666887308470905,0.0,0.0,5.639717073790962e-06,0.0,0.0,8.037385333413294e-06
heat,11,P,76,2076,0.12666666666666668,58.285075719187034,0.002334862837538798,9.705710699215295e-09,1.0520221906937108e-08,0.00114821411828113,0.026030332452812784,0.0282148197600432,0.000631278264336288,7.227439091650467e-09,5.5508361795908456e-11,4.323176199250156e-06,4.156865466858079e-06,4.505713028533435e-06,8.072094956177029e-06
heat,11,B5,76,2076,0.12666666666666668,58.285075719187034,0.0023348198811514466,0.0,0.0,0.00114823197957195,0.02602907784537557,0.02821549018832534,0.0006312780897133052,0.0,0.0,4.324037490732735e-06,0.0,0.0,8.072094956177029e-06
heat,11,P,77,2077,0.12833333333333333,58.285075719187034,0.0026996377346770336,1.9262631003552506e-08,1.1182731909825004e-08,0.0014282323668987872,0.05099068927914725,0.029602145615643498,0.0006203189259395003,6.3396115024261235e-09,5.695470137179193e-11,5.71543341720826e-06,7.135265134326238e-06,4.142308342405367e-06,8.083904033884052e-06
heat,11,B5,77,2077,0.12833333333333333,58.285075719187034,0.002699722374568037,0.0,0.0,0.001428392693310043,0.05098903496581393,0.029599969352083956,0.000620319158770144,0.0,0.0,5.712569873139728e-06,0.0,0.0,8.083904033884052e-06
heat,11,P,78,2078,0.13,58.285075719187034,0.0018302714770856482,9.155108504027147e-09,9.33810890130516e-09,0.0007772558780269846,0.023924059706527112,0.024402274656345268,0.0004624458961188793,6.744690583815327e-09,7.540875562872529e-11,2.2709136828780174e-06,5.002049487546448e-06,5.1020348719930246e-06,8.107105679557868e-06
heat,11,B5,78,2078,0.13,58.285075719187034,0.0018303475260963522,0.0,0.0,0.0007772112932846051,0.0239240574289549,0.02440269495950768,0.0004624459834303707,0.0,0.0,2.2715191789757228e-06,0.0,0.0,8.107105679557868e-06
heat,11,P,79,2079,0.13166666666666665,58.285075719187034,0.0020822101598042594,1.3989037839661467e-08,6.791854164180092e-09,0.000638635246465994,0.03609331059626524,0.01752375713414105,0.0003429237112868577,5.877082376315457e-09,3.1340614131680766e-11,1.4233286265152856e-06,6.718360187511775e-06,3.2618485373342757e-06,8.137432508080669e-06
heat,11,B5,79,2079,0.13166666666666665,58.285075719187034,0.002082195628747305,0.0,0.0,0.0006386370012744697,0.03609299370345758,0.017523401967007933,0.00034292376949451864,0.0,0.0,1.4248071238398552e-06,0.0,0.0,8.137432508080669e-06
heat,11,P,80,2080,0.13333333333333333,58.285075719187034,0.002150908934260009,2.5170742856244965e-08,6.717513887101927e-09,0.001911154805770349,0.06413159419811941,0.01711530195243069,0.0004997710348106921,7.890386122255677e-09,6.233318722292935e-11,3.705394874486956e-06,1.1702374961264743e-05,3.1231047396309207e-06,8.17538980356313e-06
heat,11,B5,80,2080,0.13333333333333333,58.285075719187034,0.0021509701487945716,0.0,0.0,0.0019112334333390088,0.06412994411383516,0.01711475158652324,0.0004997710348106921,0.0,0.0,3.7034392335044686e-06,0.0,0.0,8.17538980356313e-06
heat,11,P,81,2081,0.135,58.285075719187034,0.0011145209587373368,2.3295037057679648e-08,5.8514319342106624e-09,0.0021325523082030896,0.05861980651747129,0.014724586925337353,0.0006487630889751017,7.918113276161876e-09,6.19583759298159e-11,3.0377066195796942e-06,2.090138985279475e-05,5.250176668584023e-06,8.24025633862281e-06
heat,11,B5,81,2081,0.135,58.285075719187034,0.001114548344068146,0.0,0.0,0.0021326629820912135,0.05862084385849571,0.014723748688902315,0.0006487630889751017,0.0,0.0,3.0402559332287638e-06,0.0,0.0,8.24025633862281e-06
heat,11,P,82,2082,0.13666666666666666,58.285075719187034,0.0007131629057311157,2.210867678396316e-08,6.057139268990845e-09,0.0005288787254448979,0.05495596993290033,0.015056350532267537,0.0005501286359503865,8.09009481628209e-09,4.063393718722885e-11,1.7786981061362894e-06,3.100087877018496e-05,8.493345938655105e-06,8.30465823563966e-06
heat,11,B5,82,2082,0.13666666666666666,58.285075719187034,0.0007131672028995756,0.0,0.0,0.0005288643902472762,0.05495563188957471,0.015056132248673915,0.0005501286359503865,0.0,0.0,1.7764162976163789e-06,0.0,0.0,8.30465823563966e-06
heat,11,P,83,2083,0.13833333333333334,58.285075719187034,0.001740187100988348,7.40779143734532e-09,8.231525616922166e-09,0.00021294353909792743,0.01819184237771363,0.020214743670038,0.0005983422743156552,9.238474873995983e-09,7.065736190581262e-11,1.9017373915630742e-06,4.256893659962212e-06,4.73025320797231e-06,8.37188058216433e-06
heat,11,B5,83,2083,0.13833333333333334,58.285075719187034,0.0017402162840233126,0.0,0.0,0.00021290548150213235,0.018191703161839025,0.02021483497402123,0.0005983423907309771,0.0,0.0,1.9007362652700976e-06,0.0,0.0,8.37188058216433e-06
heat,11,P,84,2084,0.14,58.285075719187034,0.003372026872369851,1.5096036350290224e-08,3.346120863097686e-08,0.0019806869137377024,0.036631075725578915,0.0811948244015958,0.0005312965949997306,9.849045135013057e-09,1.105462596462381e-10,4.093651568837231e-06,4.476843430278114e-06,9.923173775735785e-06,8.446638729096202e-06
heat,11,B5,84,2084,0.14,58.285075719187034,0.003372137361738789,0.0,0.0,0.001980866775158006,0.036631727023722145,0.08119569203885071,0.0005312967696227133,0.0,0.0,4.094786618225044e-06,0.0,0.0,8.446638729096202e-06
heat,11,P,85,2085,0.14166666666666666,58.285075719187034,0.0013473465971731693,2.5752080125162757e-08,1.0355207821153767e-08,0.00030749270798085485,0.061753187472808294,0.02483166783294735,0.0006521529867313802,1.0888004275955154e-08,9.363160247133351e-11,2.0104926079511642e-06,1.9113181551942525e-05,7.685630292071648e-06,8.565298376681708e-06
heat,11,B5,85,2085,0.14166666666666666,58.285075719187034,0.0013473454631034946,0.0,0.0,0.0003073491955735301,0.06175367455247314,0.024832356520495553,0.0006521529867313802,0.0,0.0,2.009666104640928e-06,0.0,0.0,8.565298376681708e-06
heat,11,P,86,2086,0.14333333333333334,58.285075719187034,0.0014846955673066774,1.4492890411336256e-08,2.078390281566236e-08,0.0009279564784561123,0.03434966820005414,0.049260024097734355,0.0007302606827579439,1.0331461908208439e-08,1.5026634103687542e-10,4.746799731947249e-06,9.761523325369112e-06,1.3998763971098496e-05,8.727550292789494e-06
heat,11,B5,86,2086,0.14333333333333334,58.285075719187034,0.0014847331879670894,0.0,0.0,0.0009279036924494679,0.034349831889425475,0.049260605788361944,0.0007302606827579439,0.0,0.0,4.747044386022026e-06,0.0,0.0,8.727550292789494e-06
heat,11,P,87,2087,0.145,58.285075719187034,0.0038143197045656797,3.9269455350683765e-08,1.8840163944175365e-08,0.002630113674069371,0.09200292131616944,0.04413991005689494,0.0007309312932193279,1.262311588590137e-08,1.4140713600063748e-10,7.290963822015328e-06,1.0295271081676467e-05,4.9393248084642694e-06,8.886689224257622e-06
heat,11,B5,87,2087,0.145,58.285075719187034,0.0038144506123252843,0.0,0.0,0.002630297987581285,0.09200360333321406,0.044140758359577745,0.0007309314678423107,0.0,0.0,7.291313067980809e-06,0.0,0.0,8.886689224257622e-06
heat,11,P,88,2088,0.14666666666666667,58.285075719187034,0.002026072165775929,2.7314711635539674e-08,8.40467189559213e-09,0.0013611647146108661,0.06326738999392933,0.019467225412173498,0.0011316968593746424,1.6796226631754507e-08,1.112894845722856e-10,8.411449925915804e-06,1.3481608452519708e-05,4.148258900922898e-06,9.040871235469575e-06
heat,11,B5,88,2088,0.14666666666666667,58.285075719187034,0.002025922545176757,0.0,0.0,0.0013612600768593598,0.06326676851230385,0.019468188622763973,0.0011316966265439987,0.0,0.0,8.410541340708733e-06,0.0,0.0,9.040871235469575e-06
heat,11,P,89,2089,0.14833333333333334,58.285075719187034,0.0021288960073703846,1.747187649925299e-08,2.0063843882134662e-09,0.00041895457736208205,0.040014332285076844,0.004595049166243946,0.0004526267293840647,6.732380875007493e-09,4.589823660028358e-11,1.9588392206060234e-06,8.207012667018094e-06,9.42452980919324e-07,9.197459221658948e-06
heat,11,B5,89,2089,0.14833333333333334,58.285075719187034,0.0021288937548388665,0.0,0.0,0.0004188991142690987,0.04001494606074457,0.0045947128290298855,0.00045262681669555604,0.0,0.0,1.9605156467150664e-06,0.0,0.0,9.197459221658948e-06
heat,11,P,90,2090,0.15,58.285075719187034,0.0040867495482650095,2.835702166799614e-08,1.5897036503746903e-08,0.0011588709012817,0.06422204098029329,0.0360030786352686,0.00043698467197827995,8.889222691266241e-09,8.259086470285837e-11,1.9144151792716e-06,6.938771591724979e-06,3.889897415048553e-06,9.354643229049906e-06
heat,11,B5,90,2090,0.15,58.285075719187034,0.004086863835345964,0.0,0.0,0.0011589010081552399,0.06422428692688112,0.03600459546551596,0.0004369848466012627,0.0,0.0,1.9149156287312508e-06,0.0,0.0,9.354643229049906e-06
heat,11,P,91,2091,0.15166666666666667,58.285075719187034,0.002400462320436401,1.5200269463762417e-08,1.447815677792077e-08,0.0007386476288985744,0.034046769979826655,0.03242932598613832,0.0006386512541212142,1.0834360963940526e-08,9.582454968404264e-11,4.8608285396767315e-06,6.332225810984206e-06,6.031403473681129e-06,9.41343991405115e-06
heat,11,B5,91,2091,0.15166666666666667,58.285075719187034,0.002400608249374615,0.0,0.0,0.0007387341176345279,0.03404763739327233,0.032432844283389974,0.0006386515451595187,0.0,0.0,4.859641194343567e-06,0.0,0.0,9.41343991405115e-06
heat,11,P,92,2092,0.15333333333333332,58.285075719187034,0.001771438137135334,3.641993430188682e-08,1.3624399024153733e-08,0.0016843502863785646,0.08068955410494624,0.030185300862838698,0.0007787257200106978,1.1538062061333676e-08,9.6300967200591e-11,4.8488727770745754e-06,2.055952931033934e-05,7.69115146532089e-06,9.487227297770569e-06
heat,11,B5,92,2092,0.15333333333333332,58.285075719187034,0.0017713072615282326,0.0,0.0,0.0016842776084663288,0.0806922487596961,0.03018309360177856,0.0007787256618030369,0.0,0.0,4.847242962568998e-06,0.0,0.0,9.487227297770569e-06
heat,11,P,93,2093,0.155,58.285075719187034,0.0033242659818018155,2.162297721415756e-08,1.6190940730085242e-08,0.00034291842675282015,0.04739129041149741,0.03548584295830259,0.0004841320333071053,8.64952642842809e-09,8.503837911622014e-11,1.3851561107003363e-06,6.504586977254297e-06,4.8705310642169025e-06,9.595937773370405e-06
heat,11,B5,93,2093,0.155,58.285075719187034,0.003324227452114837,0.0,0.0,0.00034291962426711284,0.047390578837346146,0.035483701966538404,0.00048413194599561393,0.0,0.0,1.382338837174757e-06,0.0,0.0,9.595937773370405e-06
heat,11,P,94,2094,0.15666666666666668,58.285075719187034,0.0010926039375040804,1.1424298293229869e-08,1.2335964943977717e-08,0.0010421613360196394,0.024772378136812632,0.026749228514810153,0.00048509365296922624,9.466522676859768e-09,7.067842144881098e-11,4.600267857313156e-06,1.045602885097346e-05,1.1290426952110126e-05,9.712462810844166e-06
heat,11,B5,94,2094,0.15666666666666668,58.285075719187034,0.0010925651724571722,0.0,0.0,0.001042107758115817,0.02477265628476996,0.026749623222445854,0.00048509365296922624,0.0,0.0,4.600919965014327e-06,0.0,0.0,9.712462810844166e-06
heat,11,P,95,2095,0.15833333333333333,58.285075719187034,0.003104630336350533,1.8656140135937552e-08,1.5221178753900346e-08,0.0006571343012627714,0.04002803075643733,0.03265808233530805,0.0005305689410306513,9.685209079179913e-09,8.439104970392464e-11,1.5865429077166482e-06,6.009134136680404e-06,4.902734659158395e-06,9.810175276217198e-06
heat,11,B5,95,2095,0.15833333333333333,58.285075719187034,0.0031047813786484876,0.0,0.0,0.0006570580234158575,0.040028413474669414,0.03265890684553008,0.0005305692902766168,0.0,0.0,1.5871831919866963e-06,0.0,0.0,9.810175276217198e-06
heat,11,P,96,2096,0.16,58.285075719187034,0.0033845800421012317,1.3691803169367791e-08,1.4913065132047106e-08,0.003463395569468046,0.029070693033574468,0.03166370091274281,0.0008421915117651224,1.2577252128664895e-08,1.771310736975451e-10,7.761968845443334e-06,4.045347723810242e-06,4.406178889712031e-06,9.92701414242993e-06
heat,11,B5,96,2096,0.16,58.285075719187034,0.003384465008564387,0.0,0.0,0.003463351815243696,0.02907114540987717,0.031663729949594564,0.0008421913953498006,0.0,0.0,7.762678251310717e-06,0.0,0.0,9.92701414242993e-06
heat,11,P,97,2097,0.16166666666666665,58.285075719187034,0.001410286518047804,1.4953919155141033e-08,1.3175263142507945e-08,0.0003714441490348609,0.03142312098008946,0.027685574914119878,0.00032759419991634786,7.270949176074737e-09,1.1484092149460778e-10,1.2558651860672398e-06,1.0603461753176985e-05,9.342259869821252e-06,1.0070807092114632e-05
heat,11,B5,97,2097,0.16166666666666665,58.285075719187034,0.0014102675139895475,0.0,0.0,0.00037144005556966964,0.03142300433456725,0.027685502740155795,0.0003275943163316697,0.0,0.0,1.2563541531562805e-06,0.0,0.0,1.0070807092114632e-05
heat,11,P,98,2098,0.16333333333333333,58.285075719187034,0.0035426923070086035,2.4905376207264338e-08,2.2850194999349114e-08,0.0007568228013889614,0.051800385602173746,0.04752584079037202,0.0004469872801564634,8.557887731797109e-09,9.579344262267142e-11,2.2664667085336987e-06,7.030070367102828e-06,6.449951906391632e-06,1.0244355523656054e-05
heat,11,B5,98,2098,0.16333333333333333,58.285075719187034,0.0035427318303567095,0.0,0.0,0.0007568720018807544,0.051799417054427276,0.04752715554749776,0.0004469872801564634,0.0,0.0,2.2669323698210064e-06,0.0,0.0,1.0244355523656054e-05
heat,11,P,99,2099,0.165,58.285075719187034,0.0032280418761570146,2.8146900065387554e-08,2.105610401203873e-08,0.0015989722642064958,0.05795106107168538,0.043351968826483324,0.0006840088171884418,1.1205777639133885e-08,1.5197715308445936e-10,5.610869266092777e-06,8.71949656951057e-06,6.5228720133909886e-06,1.0445066221673857e-05
heat,11,B5,99,2099,0.165,58.285075719187034,0.0032279976882612148,0.0,0.0,0.0015989635133969238,0.05795102682747802,0.04335259331855297,0.0006840088753961027,0.0,0.0,5.610124389932025e-06,0.0,0.0,1.0445066221673857e-05
heat,11,P,100,2100,0.16666666666666666,58.285075719187034,0.0033956903170917476,3.776671303225566e-08,1.8433090767118766e-08,0.0009196316890847459,0.07697951937452174,0.03757198616357761,0.0004120774974580854,1.0600213151690241e-08,9.610326423548088e-11,1.5915138646960258e-06,1.1121954449780658e-05,5.428378045647537e-06,1.0638179157509429e-05
heat,11,B5,100,2100,0.16666666666666666,58.285075719187034,0.003395603896779649,0.0,0.0,0.0009195880539319293,0.07697753128904655,0.037571504711473094,0.00041207735193893313,0.0,0.0,1.5905127384030493e-06,0.0,0.0,1.0638179157509429e-05
