claim_id,claim,status,evidence_artifact,evidence_locator,support_exact_json,source_sha256,verification,scope_caveat
C001,Completed test comprises 1280 parents and 25600 controller executions.,VERIFIED,reports/analysis_20260928/audit.json,independent_test_parents;control_executions;raw_test_shards_read,"{""independent_test_parents"": 1280, ""control_executions"": 25600, ""raw_test_shards_read"": 120}",1933f8d81664727664e609b61c41cfca9e0480f23a8a65d88c4d22d260f468b4,Independent raw reaggregation / source inspection as specified,Seeds and ticks are not additional independent parents.
C002,Host replay comprises 120 rows and 2400000 requests.,VERIFIED,reports/analysis_20260928/audit.json,latency_rows;latency_requests,"{""latency_rows"": 120, ""latency_requests"": 2400000}",1933f8d81664727664e609b61c41cfca9e0480f23a8a65d88c4d22d260f468b4,Independent raw reaggregation / source inspection as specified,Repeated frozen observations; not independent environmental replicates.
C003,1694 numerical checks passed.,VERIFIED_ARITHMETIC_ONLY,reports/analysis_20260928/audit.json,status;arithmetic_checks;failed_checks,"{""status"": ""PASS"", ""checks"": 1694, ""failures"": []}",1933f8d81664727664e609b61c41cfca9e0480f23a8a65d88c4d22d260f468b4,Independent raw reaggregation / source inspection as specified,"Not a measure of scientific effect, unit-test count, or independent experiments."
C004,All 24 selected operator field gates fail.,SUPPORTED_NEGATIVE,reports/source_audit.json,operator_checkpoints;failed_field_gates,"{""total"": 24, ""fail"": 24}",4195a45c3e4099129ace1b288cfffe93b5b549c3b0c3aeeabc6d7cbbabb099d9,Independent raw reaggregation / source inspection as specified,Validation result; not universal impossibility.
G2_00,burgers P seed 11 selected validation error,G2_FAIL_RETAINED,evidence/confirmatory_checkpoint_manifest_v3.json,checkpoints[0].metadata.validation,"{""selection_score"": 0.07912969409892412, ""validation_field_nrmse"": 0.1582564264535904, ""validation_normalized_teacher_regret_mean"": 2.9617442578455666e-06, ""validation_teacher_best_agreement"": 0.984375}",c1fa3e36b0750b1c5f0a9be0132b85c3df7764b4b493938ac4ff2b364bbb1007,Independent raw reaggregation / source inspection as specified,Pooled all-candidate validation error; distinct from selected-action test diagnostic.
G2_01,burgers P seed 23 selected validation error,G2_FAIL_RETAINED,evidence/confirmatory_checkpoint_manifest_v3.json,checkpoints[1].metadata.validation,"{""selection_score"": 0.07990055351922365, ""validation_field_nrmse"": 0.15979814529418945, ""validation_normalized_teacher_regret_mean"": 2.9617442578455666e-06, ""validation_teacher_best_agreement"": 0.984375}",c1fa3e36b0750b1c5f0a9be0132b85c3df7764b4b493938ac4ff2b364bbb1007,Independent raw reaggregation / source inspection as specified,Pooled all-candidate validation error; distinct from selected-action test diagnostic.
G2_02,burgers P seed 37 selected validation error,G2_FAIL_RETAINED,evidence/confirmatory_checkpoint_manifest_v3.json,checkpoints[2].metadata.validation,"{""selection_score"": 0.08095040830096423, ""validation_field_nrmse"": 0.16182494163513184, ""validation_normalized_teacher_regret_mean"": 7.587496679661854e-05, ""validation_teacher_best_agreement"": 0.96875}",c1fa3e36b0750b1c5f0a9be0132b85c3df7764b4b493938ac4ff2b364bbb1007,Independent raw reaggregation / source inspection as specified,Pooled all-candidate validation error; distinct from selected-action test diagnostic.
G2_03,burgers P-no-rank seed 11 selected validation error,G2_FAIL_RETAINED,evidence/confirmatory_checkpoint_manifest_v3.json,checkpoints[3].metadata.validation,"{""selection_score"": 0.07923113375375124, ""validation_field_nrmse"": 0.15845930576324463, ""validation_normalized_teacher_regret_mean"": 2.9617442578455666e-06, ""validation_teacher_best_agreement"": 0.984375}",c1fa3e36b0750b1c5f0a9be0132b85c3df7764b4b493938ac4ff2b364bbb1007,Independent raw reaggregation / source inspection as specified,Pooled all-candidate validation error; distinct from selected-action test diagnostic.
G2_04,burgers P-no-rank seed 23 selected validation error,G2_FAIL_RETAINED,evidence/confirmatory_checkpoint_manifest_v3.json,checkpoints[4].metadata.validation,"{""selection_score"": 0.08000883372744738, ""validation_field_nrmse"": 0.15994179248809814, ""validation_normalized_teacher_regret_mean"": 7.587496679661854e-05, ""validation_teacher_best_agreement"": 0.96875}",c1fa3e36b0750b1c5f0a9be0132b85c3df7764b4b493938ac4ff2b364bbb1007,Independent raw reaggregation / source inspection as specified,Pooled all-candidate validation error; distinct from selected-action test diagnostic.
G2_05,burgers P-no-rank seed 37 selected validation error,G2_FAIL_RETAINED,evidence/confirmatory_checkpoint_manifest_v3.json,checkpoints[5].metadata.validation,"{""selection_score"": 0.08102249266823947, ""validation_field_nrmse"": 0.1619691103696823, ""validation_normalized_teacher_regret_mean"": 7.587496679661854e-05, ""validation_teacher_best_agreement"": 0.96875}",c1fa3e36b0750b1c5f0a9be0132b85c3df7764b4b493938ac4ff2b364bbb1007,Independent raw reaggregation / source inspection as specified,Pooled all-candidate validation error; distinct from selected-action test diagnostic.
G2_06,burgers B4 seed 11 selected validation error,G2_FAIL_RETAINED,evidence/confirmatory_checkpoint_manifest_v3.json,checkpoints[6].metadata.validation,"{""selection_score"": 0.0794169008731842, ""validation_field_nrmse"": 0.1588338017463684, ""validation_normalized_teacher_regret_mean"": 0.0, ""validation_teacher_best_agreement"": 1.0}",c1fa3e36b0750b1c5f0a9be0132b85c3df7764b4b493938ac4ff2b364bbb1007,Independent raw reaggregation / source inspection as specified,Pooled all-candidate validation error; distinct from selected-action test diagnostic.
G2_07,burgers B4 seed 23 selected validation error,G2_FAIL_RETAINED,evidence/confirmatory_checkpoint_manifest_v3.json,checkpoints[7].metadata.validation,"{""selection_score"": 0.07955851226518007, ""validation_field_nrmse"": 0.1591140627861023, ""validation_normalized_teacher_regret_mean"": 2.9617442578455666e-06, ""validation_teacher_best_agreement"": 0.984375}",c1fa3e36b0750b1c5f0a9be0132b85c3df7764b4b493938ac4ff2b364bbb1007,Independent raw reaggregation / source inspection as specified,Pooled all-candidate validation error; distinct from selected-action test diagnostic.
G2_08,burgers B4 seed 37 selected validation error,G2_FAIL_RETAINED,evidence/confirmatory_checkpoint_manifest_v3.json,checkpoints[8].metadata.validation,"{""selection_score"": 0.07959271043011995, ""validation_field_nrmse"": 0.15918245911598206, ""validation_normalized_teacher_regret_mean"": 2.9617442578455666e-06, ""validation_teacher_best_agreement"": 0.984375}",c1fa3e36b0750b1c5f0a9be0132b85c3df7764b4b493938ac4ff2b364bbb1007,Independent raw reaggregation / source inspection as specified,Pooled all-candidate validation error; distinct from selected-action test diagnostic.
G2_09,burgers B5 seed 11 selected validation error,G2_FAIL_RETAINED,evidence/confirmatory_checkpoint_manifest_v3.json,checkpoints[9].metadata.validation,"{""selection_score"": 0.07912972390124651, ""validation_field_nrmse"": 0.15825648605823517, ""validation_normalized_teacher_regret_mean"": 2.9617442578455666e-06, ""validation_teacher_best_agreement"": 0.984375}",c1fa3e36b0750b1c5f0a9be0132b85c3df7764b4b493938ac4ff2b364bbb1007,Independent raw reaggregation / source inspection as specified,Pooled all-candidate validation error; distinct from selected-action test diagnostic.
G2_10,burgers B5 seed 23 selected validation error,G2_FAIL_RETAINED,evidence/confirmatory_checkpoint_manifest_v3.json,checkpoints[10].metadata.validation,"{""selection_score"": 0.07990057587096544, ""validation_field_nrmse"": 0.15979818999767303, ""validation_normalized_teacher_regret_mean"": 2.9617442578455666e-06, ""validation_teacher_best_agreement"": 0.984375}",c1fa3e36b0750b1c5f0a9be0132b85c3df7764b4b493938ac4ff2b364bbb1007,Independent raw reaggregation / source inspection as specified,Pooled all-candidate validation error; distinct from selected-action test diagnostic.
G2_11,burgers B5 seed 37 selected validation error,G2_FAIL_RETAINED,evidence/confirmatory_checkpoint_manifest_v3.json,checkpoints[11].metadata.validation,"{""selection_score"": 0.08095043810328661, ""validation_field_nrmse"": 0.1618250012397766, ""validation_normalized_teacher_regret_mean"": 7.587496679661854e-05, ""validation_teacher_best_agreement"": 0.96875}",c1fa3e36b0750b1c5f0a9be0132b85c3df7764b4b493938ac4ff2b364bbb1007,Independent raw reaggregation / source inspection as specified,Pooled all-candidate validation error; distinct from selected-action test diagnostic.
G2_18,heat P seed 11 selected validation error,G2_FAIL_RETAINED,evidence/confirmatory_checkpoint_manifest_v3.json,checkpoints[18].metadata.validation,"{""selection_score"": 0.03946126123014437, ""validation_field_nrmse"": 0.07887555658817291, ""validation_normalized_teacher_regret_mean"": 4.696587211583392e-05, ""validation_teacher_best_agreement"": 0.96875}",c1fa3e36b0750b1c5f0a9be0132b85c3df7764b4b493938ac4ff2b364bbb1007,Independent raw reaggregation / source inspection as specified,Pooled all-candidate validation error; distinct from selected-action test diagnostic.
G2_19,heat P seed 23 selected validation error,G2_FAIL_RETAINED,evidence/confirmatory_checkpoint_manifest_v3.json,checkpoints[19].metadata.validation,"{""selection_score"": 0.04178607717221894, ""validation_field_nrmse"": 0.08353152126073837, ""validation_normalized_teacher_regret_mean"": 4.0633083699503914e-05, ""validation_teacher_best_agreement"": 0.984375}",c1fa3e36b0750b1c5f0a9be0132b85c3df7764b4b493938ac4ff2b364bbb1007,Independent raw reaggregation / source inspection as specified,Pooled all-candidate validation error; distinct from selected-action test diagnostic.
G2_20,heat P seed 37 selected validation error,G2_FAIL_RETAINED,evidence/confirmatory_checkpoint_manifest_v3.json,checkpoints[20].metadata.validation,"{""selection_score"": 0.04219834879040718, ""validation_field_nrmse"": 0.08439669758081436, ""validation_normalized_teacher_regret_mean"": 0.0, ""validation_teacher_best_agreement"": 1.0}",c1fa3e36b0750b1c5f0a9be0132b85c3df7764b4b493938ac4ff2b364bbb1007,Independent raw reaggregation / source inspection as specified,Pooled all-candidate validation error; distinct from selected-action test diagnostic.
G2_21,heat P-no-rank seed 11 selected validation error,G2_FAIL_RETAINED,evidence/confirmatory_checkpoint_manifest_v3.json,checkpoints[21].metadata.validation,"{""selection_score"": 0.038563906601893905, ""validation_field_nrmse"": 0.07700414955615997, ""validation_normalized_teacher_regret_mean"": 0.00012366364762783633, ""validation_teacher_best_agreement"": 0.9375}",c1fa3e36b0750b1c5f0a9be0132b85c3df7764b4b493938ac4ff2b364bbb1007,Independent raw reaggregation / source inspection as specified,Pooled all-candidate validation error; distinct from selected-action test diagnostic.
G2_22,heat P-no-rank seed 23 selected validation error,G2_FAIL_RETAINED,evidence/confirmatory_checkpoint_manifest_v3.json,checkpoints[22].metadata.validation,"{""selection_score"": 0.041249292161865014, ""validation_field_nrmse"": 0.08244631439447403, ""validation_normalized_teacher_regret_mean"": 5.226992925599916e-05, ""validation_teacher_best_agreement"": 0.953125}",c1fa3e36b0750b1c5f0a9be0132b85c3df7764b4b493938ac4ff2b364bbb1007,Independent raw reaggregation / source inspection as specified,Pooled all-candidate validation error; distinct from selected-action test diagnostic.
G2_23,heat P-no-rank seed 37 selected validation error,G2_FAIL_RETAINED,evidence/confirmatory_checkpoint_manifest_v3.json,checkpoints[23].metadata.validation,"{""selection_score"": 0.042005237452563016, ""validation_field_nrmse"": 0.08400676399469376, ""validation_normalized_teacher_regret_mean"": 3.7109104322752273e-06, ""validation_teacher_best_agreement"": 0.96875}",c1fa3e36b0750b1c5f0a9be0132b85c3df7764b4b493938ac4ff2b364bbb1007,Independent raw reaggregation / source inspection as specified,Pooled all-candidate validation error; distinct from selected-action test diagnostic.
G2_24,heat B4 seed 11 selected validation error,G2_FAIL_RETAINED,evidence/confirmatory_checkpoint_manifest_v3.json,checkpoints[24].metadata.validation,"{""selection_score"": 0.04173095431701768, ""validation_field_nrmse"": 0.08341123908758163, ""validation_normalized_teacher_regret_mean"": 5.0669546453718795e-05, ""validation_teacher_best_agreement"": 0.953125}",c1fa3e36b0750b1c5f0a9be0132b85c3df7764b4b493938ac4ff2b364bbb1007,Independent raw reaggregation / source inspection as specified,Pooled all-candidate validation error; distinct from selected-action test diagnostic.
G2_25,heat B4 seed 23 selected validation error,G2_FAIL_RETAINED,evidence/confirmatory_checkpoint_manifest_v3.json,checkpoints[25].metadata.validation,"{""selection_score"": 0.04208535701036453, ""validation_field_nrmse"": 0.08417071402072906, ""validation_normalized_teacher_regret_mean"": 0.0, ""validation_teacher_best_agreement"": 1.0}",c1fa3e36b0750b1c5f0a9be0132b85c3df7764b4b493938ac4ff2b364bbb1007,Independent raw reaggregation / source inspection as specified,Pooled all-candidate validation error; distinct from selected-action test diagnostic.
G2_26,heat B4 seed 37 selected validation error,G2_FAIL_RETAINED,evidence/confirmatory_checkpoint_manifest_v3.json,checkpoints[26].metadata.validation,"{""selection_score"": 0.04153428588983843, ""validation_field_nrmse"": 0.08306223899126053, ""validation_normalized_teacher_regret_mean"": 6.332788416330004e-06, ""validation_teacher_best_agreement"": 0.984375}",c1fa3e36b0750b1c5f0a9be0132b85c3df7764b4b493938ac4ff2b364bbb1007,Independent raw reaggregation / source inspection as specified,Pooled all-candidate validation error; distinct from selected-action test diagnostic.
G2_27,heat B5 seed 11 selected validation error,G2_FAIL_RETAINED,evidence/confirmatory_checkpoint_manifest_v3.json,checkpoints[27].metadata.validation,"{""selection_score"": 0.039461570429239146, ""validation_field_nrmse"": 0.07887617498636246, ""validation_normalized_teacher_regret_mean"": 4.696587211583392e-05, ""validation_teacher_best_agreement"": 0.96875}",c1fa3e36b0750b1c5f0a9be0132b85c3df7764b4b493938ac4ff2b364bbb1007,Independent raw reaggregation / source inspection as specified,Pooled all-candidate validation error; distinct from selected-action test diagnostic.
G2_28,heat B5 seed 23 selected validation error,G2_FAIL_RETAINED,evidence/confirmatory_checkpoint_manifest_v3.json,checkpoints[28].metadata.validation,"{""selection_score"": 0.0417861665791861, ""validation_field_nrmse"": 0.0835317000746727, ""validation_normalized_teacher_regret_mean"": 4.0633083699503914e-05, ""validation_teacher_best_agreement"": 0.984375}",c1fa3e36b0750b1c5f0a9be0132b85c3df7764b4b493938ac4ff2b364bbb1007,Independent raw reaggregation / source inspection as specified,Pooled all-candidate validation error; distinct from selected-action test diagnostic.
G2_29,heat B5 seed 37 selected validation error,G2_FAIL_RETAINED,evidence/confirmatory_checkpoint_manifest_v3.json,checkpoints[29].metadata.validation,"{""selection_score"": 0.04219838231801987, ""validation_field_nrmse"": 0.08439676463603973, ""validation_normalized_teacher_regret_mean"": 0.0, ""validation_teacher_best_agreement"": 1.0}",c1fa3e36b0750b1c5f0a9be0132b85c3df7764b4b493938ac4ff2b364bbb1007,Independent raw reaggregation / source inspection as specified,Pooled all-candidate validation error; distinct from selected-action test diagnostic.
CONTROL_0_B0,locked_nominal/burgers/B0: registered parent-averaged endpoints,VERIFIED,evidence/locked_test_analysis_v3.json,groups[0].controller_metrics[0];groups[0].paired_vs_h3_comparator.B0,"{""metrics"": {""mean_control_cost_over_parent_and_seed"": 0.2664725139151905, ""mean_fallback_rate_over_parent_and_seed"": 0.0, ""mean_field_nrmse_at_tick100"": null, ""mean_tracking_rmse_over_parent_and_seed"": 0.032748704299862104, ""mean_truth_violation_rate_over_parent_and_seed"": 0.0, ""method"": ""B0""}, ""comparison"": {""comparator_only_violation"": 0, ""method_only_violation"": 0, ""normalized_cost_difference_ci95"": [0.0, 0.0], ""normalized_cost_difference_mean"": 0.0, ""paired_both_violate"": 0, ""paired_neither_violate"": 384, ""parent_count"": 384, ""violation_rate_difference_ci95"": [0.0, 0.0], ""violation_rate_difference_mean"": 0.0}}",28f32812b8e1593da0a8a6f54bafc69460a0712a08e1bbc7991aa840308df3e9,Independent raw reaggregation / source inspection as specified,Cost denominator is the fixed observed comparator mean; fitted seeds averaged within parent; not original floored parent-wise estimand.
CONTROL_0_B1,locked_nominal/burgers/B1: registered parent-averaged endpoints,VERIFIED,evidence/locked_test_analysis_v3.json,groups[0].controller_metrics[1];groups[0].paired_vs_h3_comparator.B1,"{""metrics"": {""mean_control_cost_over_parent_and_seed"": 0.33971799909582345, ""mean_fallback_rate_over_parent_and_seed"": 0.0, ""mean_field_nrmse_at_tick100"": 0.3797418264222401, ""mean_tracking_rmse_over_parent_and_seed"": 0.037131081360961875, ""mean_truth_violation_rate_over_parent_and_seed"": 0.0, ""method"": ""B1""}, ""comparison"": {""comparator_only_violation"": 0, ""method_only_violation"": 0, ""normalized_cost_difference_ci95"": [0.23298713901975623, 0.31975186821214785], ""normalized_cost_difference_mean"": 0.27487069530910263, ""paired_both_violate"": 0, ""paired_neither_violate"": 384, ""parent_count"": 384, ""violation_rate_difference_ci95"": [0.0, 0.0], ""violation_rate_difference_mean"": 0.0}}",28f32812b8e1593da0a8a6f54bafc69460a0712a08e1bbc7991aa840308df3e9,Independent raw reaggregation / source inspection as specified,Cost denominator is the fixed observed comparator mean; fitted seeds averaged within parent; not original floored parent-wise estimand.
CONTROL_0_P,locked_nominal/burgers/P: registered parent-averaged endpoints,VERIFIED,evidence/locked_test_analysis_v3.json,groups[0].controller_metrics[2];groups[0].paired_vs_h3_comparator.P,"{""metrics"": {""mean_control_cost_over_parent_and_seed"": 0.34118945636393655, ""mean_fallback_rate_over_parent_and_seed"": 0.0, ""mean_field_nrmse_at_tick100"": 0.3744782779217026, ""mean_tracking_rmse_over_parent_and_seed"": 0.03722108491233259, ""mean_truth_violation_rate_over_parent_and_seed"": 0.0, ""method"": ""P""}, ""comparison"": {""comparator_only_violation"": 0, ""method_only_violation"": 0, ""normalized_cost_difference_ci95"": [0.23550975075586966, 0.32872868455597754], ""normalized_cost_difference_mean"": 0.2803926804718251, ""paired_both_violate"": 0, ""paired_neither_violate"": 384, ""parent_count"": 384, ""violation_rate_difference_ci95"": [0.0, 0.0], ""violation_rate_difference_mean"": 0.0}}",28f32812b8e1593da0a8a6f54bafc69460a0712a08e1bbc7991aa840308df3e9,Independent raw reaggregation / source inspection as specified,Cost denominator is the fixed observed comparator mean; fitted seeds averaged within parent; not original floored parent-wise estimand.
CONTROL_0_P-no-rank,locked_nominal/burgers/P-no-rank: registered parent-averaged endpoints,VERIFIED,evidence/locked_test_analysis_v3.json,groups[0].controller_metrics[3];groups[0].paired_vs_h3_comparator.P-no-rank,"{""metrics"": {""mean_control_cost_over_parent_and_seed"": 0.34118125528960613, ""mean_fallback_rate_over_parent_and_seed"": 0.0, ""mean_field_nrmse_at_tick100"": 0.37594736969913356, ""mean_tracking_rmse_over_parent_and_seed"": 0.0372204788531325, ""mean_truth_violation_rate_over_parent_and_seed"": 0.0, ""method"": ""P-no-rank""}, ""comparison"": {""comparator_only_violation"": 0, ""method_only_violation"": 0, ""normalized_cost_difference_ci95"": [0.23648935287793774, 0.3286251039919058], ""normalized_cost_difference_mean"": 0.2803619040355995, ""paired_both_violate"": 0, ""paired_neither_violate"": 384, ""parent_count"": 384, ""violation_rate_difference_ci95"": [0.0, 0.0], ""violation_rate_difference_mean"": 0.0}}",28f32812b8e1593da0a8a6f54bafc69460a0712a08e1bbc7991aa840308df3e9,Independent raw reaggregation / source inspection as specified,Cost denominator is the fixed observed comparator mean; fitted seeds averaged within parent; not original floored parent-wise estimand.
CONTROL_0_B4,locked_nominal/burgers/B4: registered parent-averaged endpoints,VERIFIED,evidence/locked_test_analysis_v3.json,groups[0].controller_metrics[4];groups[0].paired_vs_h3_comparator.B4,"{""metrics"": {""mean_control_cost_over_parent_and_seed"": 0.34078455738970614, ""mean_fallback_rate_over_parent_and_seed"": 0.0, ""mean_field_nrmse_at_tick100"": 0.3751508166218021, ""mean_tracking_rmse_over_parent_and_seed"": 0.037201328465465144, ""mean_truth_violation_rate_over_parent_and_seed"": 0.0, ""method"": ""B4""}, ""comparison"": {""comparator_only_violation"": 0, ""method_only_violation"": 0, ""normalized_cost_difference_ci95"": [0.2343555906568499, 0.32719140330195706], ""normalized_cost_difference_mean"": 0.2788732030282371, ""paired_both_violate"": 0, ""paired_neither_violate"": 384, ""parent_count"": 384, ""violation_rate_difference_ci95"": [0.0, 0.0], ""violation_rate_difference_mean"": 0.0}}",28f32812b8e1593da0a8a6f54bafc69460a0712a08e1bbc7991aa840308df3e9,Independent raw reaggregation / source inspection as specified,Cost denominator is the fixed observed comparator mean; fitted seeds averaged within parent; not original floored parent-wise estimand.
CONTROL_0_B5,locked_nominal/burgers/B5: registered parent-averaged endpoints,VERIFIED,evidence/locked_test_analysis_v3.json,groups[0].controller_metrics[5];groups[0].paired_vs_h3_comparator.B5,"{""metrics"": {""mean_control_cost_over_parent_and_seed"": 0.34118945636393655, ""mean_fallback_rate_over_parent_and_seed"": 0.0, ""mean_field_nrmse_at_tick100"": 0.37447846149249625, ""mean_tracking_rmse_over_parent_and_seed"": 0.03722108491233259, ""mean_truth_violation_rate_over_parent_and_seed"": 0.0, ""method"": ""B5""}, ""comparison"": {""comparator_only_violation"": 0, ""method_only_violation"": 0, ""normalized_cost_difference_ci95"": [0.23590639000730818, 0.328574949022047], ""normalized_cost_difference_mean"": 0.2803926804718251, ""paired_both_violate"": 0, ""paired_neither_violate"": 384, ""parent_count"": 384, ""violation_rate_difference_ci95"": [0.0, 0.0], ""violation_rate_difference_mean"": 0.0}}",28f32812b8e1593da0a8a6f54bafc69460a0712a08e1bbc7991aa840308df3e9,Independent raw reaggregation / source inspection as specified,Cost denominator is the fixed observed comparator mean; fitted seeds averaged within parent; not original floored parent-wise estimand.
CONTROL_0_B2,locked_nominal/burgers/B2: registered parent-averaged endpoints,VERIFIED,evidence/locked_test_analysis_v3.json,groups[0].controller_metrics[6];groups[0].paired_vs_h3_comparator.B2,"{""metrics"": {""mean_control_cost_over_parent_and_seed"": 0.2781477773912076, ""mean_fallback_rate_over_parent_and_seed"": 0.0, ""mean_field_nrmse_at_tick100"": null, ""mean_tracking_rmse_over_parent_and_seed"": 0.032973295810606595, ""mean_truth_violation_rate_over_parent_and_seed"": 0.0, ""method"": ""B2""}, ""comparison"": {""comparator_only_violation"": 0, ""method_only_violation"": 0, ""normalized_cost_difference_ci95"": [0.03716958416534351, 0.05127941724430126], ""normalized_cost_difference_mean"": 0.043814137917927654, ""paired_both_violate"": 0, ""paired_neither_violate"": 384, ""parent_count"": 384, ""violation_rate_difference_ci95"": [0.0, 0.0], ""violation_rate_difference_mean"": 0.0}}",28f32812b8e1593da0a8a6f54bafc69460a0712a08e1bbc7991aa840308df3e9,Independent raw reaggregation / source inspection as specified,Cost denominator is the fixed observed comparator mean; fitted seeds averaged within parent; not original floored parent-wise estimand.
CONTROL_0_B3,locked_nominal/burgers/B3: registered parent-averaged endpoints,VERIFIED,evidence/locked_test_analysis_v3.json,groups[0].controller_metrics[7];groups[0].paired_vs_h3_comparator.B3,"{""metrics"": {""mean_control_cost_over_parent_and_seed"": 0.2799057781479067, ""mean_fallback_rate_over_parent_and_seed"": 0.0, ""mean_field_nrmse_at_tick100"": null, ""mean_tracking_rmse_over_parent_and_seed"": 0.033203932166979595, ""mean_truth_violation_rate_over_parent_and_seed"": 0.0, ""method"": ""B3""}, ""comparison"": {""comparator_only_violation"": 0, ""method_only_violation"": 0, ""normalized_cost_difference_ci95"": [0.044039176460640976, 0.05752940432003598], ""normalized_cost_difference_mean"": 0.05041144407483452, ""paired_both_violate"": 0, ""paired_neither_violate"": 384, ""parent_count"": 384, ""violation_rate_difference_ci95"": [0.0, 0.0], ""violation_rate_difference_mean"": 0.0}}",28f32812b8e1593da0a8a6f54bafc69460a0712a08e1bbc7991aa840308df3e9,Independent raw reaggregation / source inspection as specified,Cost denominator is the fixed observed comparator mean; fitted seeds averaged within parent; not original floored parent-wise estimand.
MATCHED_0_P_vs_B5_cost_gap,locked_nominal/burgers/P_vs_B5_cost_gap,VERIFIED,evidence/locked_test_analysis_v3.json,groups[0].P_vs_B5_cost_gap,"{""paired_parent_bootstrap"": {""ci95_percentile"": [0.0, 0.0], ""mean"": 0.0, ""replicates"": 10000}}",28f32812b8e1593da0a8a6f54bafc69460a0712a08e1bbc7991aa840308df3e9,Independent raw reaggregation / source inspection as specified,Paired parent bootstrap conditional on fitted seeds; no equivalence conclusion from zero sample difference.
MATCHED_0_B1_vs_B0_cost_gap,locked_nominal/burgers/B1_vs_B0_cost_gap,VERIFIED,evidence/locked_test_analysis_v3.json,groups[0].B1_vs_B0_cost_gap,"{""paired_parent_bootstrap"": {""ci95_percentile"": [0.062221583761461426, 0.08529453651173442], ""mean"": 0.07324548518063294, ""replicates"": 10000}}",28f32812b8e1593da0a8a6f54bafc69460a0712a08e1bbc7991aa840308df3e9,Independent raw reaggregation / source inspection as specified,Paired parent bootstrap conditional on fitted seeds; no equivalence conclusion from zero sample difference.
CONTROL_1_B0,locked_nominal/heat/B0: registered parent-averaged endpoints,VERIFIED,evidence/locked_test_analysis_v3.json,groups[1].controller_metrics[0];groups[1].paired_vs_h3_comparator.B0,"{""metrics"": {""mean_control_cost_over_parent_and_seed"": 12.055011377213518, ""mean_fallback_rate_over_parent_and_seed"": 0.0, ""mean_field_nrmse_at_tick100"": null, ""mean_tracking_rmse_over_parent_and_seed"": 0.19443537046346057, ""mean_truth_violation_rate_over_parent_and_seed"": 0.9140625, ""method"": ""B0""}, ""comparison"": {""comparator_only_violation"": 0, ""method_only_violation"": 0, ""normalized_cost_difference_ci95"": [0.0, 0.0], ""normalized_cost_difference_mean"": 0.0, ""paired_both_violate"": 351, ""paired_neither_violate"": 33, ""parent_count"": 384, ""violation_rate_difference_ci95"": [0.0, 0.0], ""violation_rate_difference_mean"": 0.0}}",28f32812b8e1593da0a8a6f54bafc69460a0712a08e1bbc7991aa840308df3e9,Independent raw reaggregation / source inspection as specified,Cost denominator is the fixed observed comparator mean; fitted seeds averaged within parent; not original floored parent-wise estimand.
CONTROL_1_B1,locked_nominal/heat/B1: registered parent-averaged endpoints,VERIFIED,evidence/locked_test_analysis_v3.json,groups[1].controller_metrics[1];groups[1].paired_vs_h3_comparator.B1,"{""metrics"": {""mean_control_cost_over_parent_and_seed"": 13.563123097767113, ""mean_fallback_rate_over_parent_and_seed"": 0.0, ""mean_field_nrmse_at_tick100"": 0.018377059316599827, ""mean_tracking_rmse_over_parent_and_seed"": 0.22256724399026848, ""mean_truth_violation_rate_over_parent_and_seed"": 0.9140625, ""method"": ""B1""}, ""comparison"": {""comparator_only_violation"": 0, ""method_only_violation"": 0, ""normalized_cost_difference_ci95"": [0.11695017051967327, 0.13316247216157057], ""normalized_cost_difference_mean"": 0.12510247177404096, ""paired_both_violate"": 351, ""paired_neither_violate"": 33, ""parent_count"": 384, ""violation_rate_difference_ci95"": [0.0, 0.0], ""violation_rate_difference_mean"": 0.0}}",28f32812b8e1593da0a8a6f54bafc69460a0712a08e1bbc7991aa840308df3e9,Independent raw reaggregation / source inspection as specified,Cost denominator is the fixed observed comparator mean; fitted seeds averaged within parent; not original floored parent-wise estimand.
CONTROL_1_P,locked_nominal/heat/P: registered parent-averaged endpoints,VERIFIED,evidence/locked_test_analysis_v3.json,groups[1].controller_metrics[2];groups[1].paired_vs_h3_comparator.P,"{""metrics"": {""mean_control_cost_over_parent_and_seed"": 13.70631345480279, ""mean_fallback_rate_over_parent_and_seed"": 0.0, ""mean_field_nrmse_at_tick100"": 0.008077704815554575, ""mean_tracking_rmse_over_parent_and_seed"": 0.22429631018275809, ""mean_truth_violation_rate_over_parent_and_seed"": 0.9140625, ""method"": ""P""}, ""comparison"": {""comparator_only_violation"": 0, ""method_only_violation"": 0, ""normalized_cost_difference_ci95"": [0.12930612085453388, 0.14490742684800184], ""normalized_cost_difference_mean"": 0.13698054907775367, ""paired_both_violate"": 351, ""paired_neither_violate"": 33, ""parent_count"": 384, ""violation_rate_difference_ci95"": [0.0, 0.0], ""violation_rate_difference_mean"": 0.0}}",28f32812b8e1593da0a8a6f54bafc69460a0712a08e1bbc7991aa840308df3e9,Independent raw reaggregation / source inspection as specified,Cost denominator is the fixed observed comparator mean; fitted seeds averaged within parent; not original floored parent-wise estimand.
CONTROL_1_P-no-rank,locked_nominal/heat/P-no-rank: registered parent-averaged endpoints,VERIFIED,evidence/locked_test_analysis_v3.json,groups[1].controller_metrics[3];groups[1].paired_vs_h3_comparator.P-no-rank,"{""metrics"": {""mean_control_cost_over_parent_and_seed"": 13.678660134408995, ""mean_fallback_rate_over_parent_and_seed"": 0.0, ""mean_field_nrmse_at_tick100"": 0.008062824605682787, ""mean_tracking_rmse_over_parent_and_seed"": 0.2239010505388744, ""mean_truth_violation_rate_over_parent_and_seed"": 0.9140625, ""method"": ""P-no-rank""}, ""comparison"": {""comparator_only_violation"": 0, ""method_only_violation"": 0, ""normalized_cost_difference_ci95"": [0.127100036180337, 0.14242572040563475], ""normalized_cost_difference_mean"": 0.13468662172020107, ""paired_both_violate"": 351, ""paired_neither_violate"": 33, ""parent_count"": 384, ""violation_rate_difference_ci95"": [0.0, 0.0], ""violation_rate_difference_mean"": 0.0}}",28f32812b8e1593da0a8a6f54bafc69460a0712a08e1bbc7991aa840308df3e9,Independent raw reaggregation / source inspection as specified,Cost denominator is the fixed observed comparator mean; fitted seeds averaged within parent; not original floored parent-wise estimand.
CONTROL_1_B4,locked_nominal/heat/B4: registered parent-averaged endpoints,VERIFIED,evidence/locked_test_analysis_v3.json,groups[1].controller_metrics[4];groups[1].paired_vs_h3_comparator.B4,"{""metrics"": {""mean_control_cost_over_parent_and_seed"": 13.700599054584897, ""mean_fallback_rate_over_parent_and_seed"": 0.0, ""mean_field_nrmse_at_tick100"": 0.007930441710211905, ""mean_tracking_rmse_over_parent_and_seed"": 0.2241509203452127, ""mean_truth_violation_rate_over_parent_and_seed"": 0.9140625, ""method"": ""B4""}, ""comparison"": {""comparator_only_violation"": 0, ""method_only_violation"": 0, ""normalized_cost_difference_ci95"": [0.1289107318810701, 0.14437929813583505], ""normalized_cost_difference_mean"": 0.13650652213252026, ""paired_both_violate"": 351, ""paired_neither_violate"": 33, ""parent_count"": 384, ""violation_rate_difference_ci95"": [0.0, 0.0], ""violation_rate_difference_mean"": 0.0}}",28f32812b8e1593da0a8a6f54bafc69460a0712a08e1bbc7991aa840308df3e9,Independent raw reaggregation / source inspection as specified,Cost denominator is the fixed observed comparator mean; fitted seeds averaged within parent; not original floored parent-wise estimand.
CONTROL_1_B5,locked_nominal/heat/B5: registered parent-averaged endpoints,VERIFIED,evidence/locked_test_analysis_v3.json,groups[1].controller_metrics[5];groups[1].paired_vs_h3_comparator.B5,"{""metrics"": {""mean_control_cost_over_parent_and_seed"": 13.70631363277804, ""mean_fallback_rate_over_parent_and_seed"": 0.0, ""mean_field_nrmse_at_tick100"": 0.008077654602756308, ""mean_tracking_rmse_over_parent_and_seed"": 0.2242963168320212, ""mean_truth_violation_rate_over_parent_and_seed"": 0.9140625, ""method"": ""B5""}, ""comparison"": {""comparator_only_violation"": 0, ""method_only_violation"": 0, ""normalized_cost_difference_ci95"": [0.12928960096280173, 0.14499096433370062], ""normalized_cost_difference_mean"": 0.1369805638413438, ""paired_both_violate"": 351, ""paired_neither_violate"": 33, ""parent_count"": 384, ""violation_rate_difference_ci95"": [0.0, 0.0], ""violation_rate_difference_mean"": 0.0}}",28f32812b8e1593da0a8a6f54bafc69460a0712a08e1bbc7991aa840308df3e9,Independent raw reaggregation / source inspection as specified,Cost denominator is the fixed observed comparator mean; fitted seeds averaged within parent; not original floored parent-wise estimand.
CONTROL_1_B2,locked_nominal/heat/B2: registered parent-averaged endpoints,VERIFIED,evidence/locked_test_analysis_v3.json,groups[1].controller_metrics[6];groups[1].paired_vs_h3_comparator.B2,"{""metrics"": {""mean_control_cost_over_parent_and_seed"": 16.883116915972508, ""mean_fallback_rate_over_parent_and_seed"": 0.0, ""mean_field_nrmse_at_tick100"": null, ""mean_tracking_rmse_over_parent_and_seed"": 0.2571701133618571, ""mean_truth_violation_rate_over_parent_and_seed"": 0.9140625, ""method"": ""B2""}, ""comparison"": {""comparator_only_violation"": 0, ""method_only_violation"": 0, ""normalized_cost_difference_ci95"": [0.3769881167694974, 0.42410856094979776], ""normalized_cost_difference_mean"": 0.4005060955715989, ""paired_both_violate"": 351, ""paired_neither_violate"": 33, ""parent_count"": 384, ""violation_rate_difference_ci95"": [0.0, 0.0], ""violation_rate_difference_mean"": 0.0}}",28f32812b8e1593da0a8a6f54bafc69460a0712a08e1bbc7991aa840308df3e9,Independent raw reaggregation / source inspection as specified,Cost denominator is the fixed observed comparator mean; fitted seeds averaged within parent; not original floored parent-wise estimand.
CONTROL_1_B3,locked_nominal/heat/B3: registered parent-averaged endpoints,VERIFIED,evidence/locked_test_analysis_v3.json,groups[1].controller_metrics[7];groups[1].paired_vs_h3_comparator.B3,"{""metrics"": {""mean_control_cost_over_parent_and_seed"": 16.735509783937953, ""mean_fallback_rate_over_parent_and_seed"": 0.0, ""mean_field_nrmse_at_tick100"": null, ""mean_tracking_rmse_over_parent_and_seed"": 0.25474331300985936, ""mean_truth_violation_rate_over_parent_and_seed"": 0.9140625, ""method"": ""B3""}, ""comparison"": {""comparator_only_violation"": 0, ""method_only_violation"": 0, ""normalized_cost_difference_ci95"": [0.3638870176328662, 0.4125456092625816], ""normalized_cost_difference_mean"": 0.3882616332964686, ""paired_both_violate"": 351, ""paired_neither_violate"": 33, ""parent_count"": 384, ""violation_rate_difference_ci95"": [0.0, 0.0], ""violation_rate_difference_mean"": 0.0}}",28f32812b8e1593da0a8a6f54bafc69460a0712a08e1bbc7991aa840308df3e9,Independent raw reaggregation / source inspection as specified,Cost denominator is the fixed observed comparator mean; fitted seeds averaged within parent; not original floored parent-wise estimand.
MATCHED_1_P_vs_B5_cost_gap,locked_nominal/heat/P_vs_B5_cost_gap,VERIFIED,evidence/locked_test_analysis_v3.json,groups[1].P_vs_B5_cost_gap,"{""paired_parent_bootstrap"": {""ci95_percentile"": [-8.61458525809137e-06, 6.862739512521661e-06], ""mean"": -1.77975247002878e-07, ""replicates"": 10000}}",28f32812b8e1593da0a8a6f54bafc69460a0712a08e1bbc7991aa840308df3e9,Independent raw reaggregation / source inspection as specified,Paired parent bootstrap conditional on fitted seeds; no equivalence conclusion from zero sample difference.
MATCHED_1_B1_vs_B0_cost_gap,locked_nominal/heat/B1_vs_B0_cost_gap,VERIFIED,evidence/locked_test_analysis_v3.json,groups[1].B1_vs_B0_cost_gap,"{""paired_parent_bootstrap"": {""ci95_percentile"": [1.4152253323753121, 1.6065153099464948], ""mean"": 1.5081117205535968, ""replicates"": 10000}}",28f32812b8e1593da0a8a6f54bafc69460a0712a08e1bbc7991aa840308df3e9,Independent raw reaggregation / source inspection as specified,Paired parent bootstrap conditional on fitted seeds; no equivalence conclusion from zero sample difference.
CONTROL_2_B0,locked_coefficient_ood/burgers/B0: registered parent-averaged endpoints,VERIFIED,evidence/locked_test_analysis_v3.json,groups[2].controller_metrics[0];groups[2].paired_vs_h3_comparator.B0,"{""metrics"": {""mean_control_cost_over_parent_and_seed"": 0.38903927566715957, ""mean_fallback_rate_over_parent_and_seed"": 0.0, ""mean_field_nrmse_at_tick100"": null, ""mean_tracking_rmse_over_parent_and_seed"": 0.036635418719763085, ""mean_truth_violation_rate_over_parent_and_seed"": 0.0, ""method"": ""B0""}, ""comparison"": {""comparator_only_violation"": 0, ""method_only_violation"": 0, ""normalized_cost_difference_ci95"": [0.0, 0.0], ""normalized_cost_difference_mean"": 0.0, ""paired_both_violate"": 0, ""paired_neither_violate"": 128, ""parent_count"": 128, ""violation_rate_difference_ci95"": [0.0, 0.0], ""violation_rate_difference_mean"": 0.0}}",28f32812b8e1593da0a8a6f54bafc69460a0712a08e1bbc7991aa840308df3e9,Independent raw reaggregation / source inspection as specified,Cost denominator is the fixed observed comparator mean; fitted seeds averaged within parent; not original floored parent-wise estimand.
CONTROL_2_B1,locked_coefficient_ood/burgers/B1: registered parent-averaged endpoints,VERIFIED,evidence/locked_test_analysis_v3.json,groups[2].controller_metrics[1];groups[2].paired_vs_h3_comparator.B1,"{""metrics"": {""mean_control_cost_over_parent_and_seed"": 0.536928536349823, ""mean_fallback_rate_over_parent_and_seed"": 0.0, ""mean_field_nrmse_at_tick100"": 0.5826620102938925, ""mean_tracking_rmse_over_parent_and_seed"": 0.0428276419418618, ""mean_truth_violation_rate_over_parent_and_seed"": 0.0, ""method"": ""B1""}, ""comparison"": {""comparator_only_violation"": 0, ""method_only_violation"": 0, ""normalized_cost_difference_ci95"": [0.25864999947910616, 0.5115458909821718], ""normalized_cost_difference_mean"": 0.38013966695020596, ""paired_both_violate"": 0, ""paired_neither_violate"": 128, ""parent_count"": 128, ""violation_rate_difference_ci95"": [0.0, 0.0], ""violation_rate_difference_mean"": 0.0}}",28f32812b8e1593da0a8a6f54bafc69460a0712a08e1bbc7991aa840308df3e9,Independent raw reaggregation / source inspection as specified,Cost denominator is the fixed observed comparator mean; fitted seeds averaged within parent; not original floored parent-wise estimand.
CONTROL_2_P,locked_coefficient_ood/burgers/P: registered parent-averaged endpoints,VERIFIED,evidence/locked_test_analysis_v3.json,groups[2].controller_metrics[2];groups[2].paired_vs_h3_comparator.P,"{""metrics"": {""mean_control_cost_over_parent_and_seed"": 0.5377795723435652, ""mean_fallback_rate_over_parent_and_seed"": 0.0, ""mean_field_nrmse_at_tick100"": 1.5080767334244836, ""mean_tracking_rmse_over_parent_and_seed"": 0.0428579130304953, ""mean_truth_violation_rate_over_parent_and_seed"": 0.0, ""method"": ""P""}, ""comparison"": {""comparator_only_violation"": 0, ""method_only_violation"": 0, ""normalized_cost_difference_ci95"": [0.2601310466099916, 0.5148306698555758], ""normalized_cost_difference_mean"": 0.38232719928169834, ""paired_both_violate"": 0, ""paired_neither_violate"": 128, ""parent_count"": 128, ""violation_rate_difference_ci95"": [0.0, 0.0], ""violation_rate_difference_mean"": 0.0}}",28f32812b8e1593da0a8a6f54bafc69460a0712a08e1bbc7991aa840308df3e9,Independent raw reaggregation / source inspection as specified,Cost denominator is the fixed observed comparator mean; fitted seeds averaged within parent; not original floored parent-wise estimand.
CONTROL_2_P-no-rank,locked_coefficient_ood/burgers/P-no-rank: registered parent-averaged endpoints,VERIFIED,evidence/locked_test_analysis_v3.json,groups[2].controller_metrics[3];groups[2].paired_vs_h3_comparator.P-no-rank,"{""metrics"": {""mean_control_cost_over_parent_and_seed"": 0.540584477822883, ""mean_fallback_rate_over_parent_and_seed"": 0.0, ""mean_field_nrmse_at_tick100"": 1.5209171130651762, ""mean_tracking_rmse_over_parent_and_seed"": 0.04290060143086779, ""mean_truth_violation_rate_over_parent_and_seed"": 0.0, ""method"": ""P-no-rank""}, ""comparison"": {""comparator_only_violation"": 0, ""method_only_violation"": 0, ""normalized_cost_difference_ci95"": [0.26374324245520364, 0.528342965557606], ""normalized_cost_difference_mean"": 0.389537025267796, ""paired_both_violate"": 0, ""paired_neither_violate"": 128, ""parent_count"": 128, ""violation_rate_difference_ci95"": [0.0, 0.0], ""violation_rate_difference_mean"": 0.0}}",28f32812b8e1593da0a8a6f54bafc69460a0712a08e1bbc7991aa840308df3e9,Independent raw reaggregation / source inspection as specified,Cost denominator is the fixed observed comparator mean; fitted seeds averaged within parent; not original floored parent-wise estimand.
CONTROL_2_B4,locked_coefficient_ood/burgers/B4: registered parent-averaged endpoints,VERIFIED,evidence/locked_test_analysis_v3.json,groups[2].controller_metrics[4];groups[2].paired_vs_h3_comparator.B4,"{""metrics"": {""mean_control_cost_over_parent_and_seed"": 0.5376551674121741, ""mean_fallback_rate_over_parent_and_seed"": 0.0, ""mean_field_nrmse_at_tick100"": 1.3279216328519396, ""mean_tracking_rmse_over_parent_and_seed"": 0.04285703671478225, ""mean_truth_violation_rate_over_parent_and_seed"": 0.0, ""method"": ""B4""}, ""comparison"": {""comparator_only_violation"": 0, ""method_only_violation"": 0, ""normalized_cost_difference_ci95"": [0.2606523955671248, 0.5160604343764256], ""normalized_cost_difference_mean"": 0.38200742454641534, ""paired_both_violate"": 0, ""paired_neither_violate"": 128, ""parent_count"": 128, ""violation_rate_difference_ci95"": [0.0, 0.0], ""violation_rate_difference_mean"": 0.0}}",28f32812b8e1593da0a8a6f54bafc69460a0712a08e1bbc7991aa840308df3e9,Independent raw reaggregation / source inspection as specified,Cost denominator is the fixed observed comparator mean; fitted seeds averaged within parent; not original floored parent-wise estimand.
CONTROL_2_B5,locked_coefficient_ood/burgers/B5: registered parent-averaged endpoints,VERIFIED,evidence/locked_test_analysis_v3.json,groups[2].controller_metrics[5];groups[2].paired_vs_h3_comparator.B5,"{""metrics"": {""mean_control_cost_over_parent_and_seed"": 0.5377795723435652, ""mean_fallback_rate_over_parent_and_seed"": 0.0, ""mean_field_nrmse_at_tick100"": 1.508086561477588, ""mean_tracking_rmse_over_parent_and_seed"": 0.0428579130304953, ""mean_truth_violation_rate_over_parent_and_seed"": 0.0, ""method"": ""B5""}, ""comparison"": {""comparator_only_violation"": 0, ""method_only_violation"": 0, ""normalized_cost_difference_ci95"": [0.25927621911320203, 0.5182651088393087], ""normalized_cost_difference_mean"": 0.38232719928169834, ""paired_both_violate"": 0, ""paired_neither_violate"": 128, ""parent_count"": 128, ""violation_rate_difference_ci95"": [0.0, 0.0], ""violation_rate_difference_mean"": 0.0}}",28f32812b8e1593da0a8a6f54bafc69460a0712a08e1bbc7991aa840308df3e9,Independent raw reaggregation / source inspection as specified,Cost denominator is the fixed observed comparator mean; fitted seeds averaged within parent; not original floored parent-wise estimand.
CONTROL_2_B2,locked_coefficient_ood/burgers/B2: registered parent-averaged endpoints,VERIFIED,evidence/locked_test_analysis_v3.json,groups[2].controller_metrics[6];groups[2].paired_vs_h3_comparator.B2,"{""metrics"": {""mean_control_cost_over_parent_and_seed"": 0.411125045904559, ""mean_fallback_rate_over_parent_and_seed"": 0.0, ""mean_field_nrmse_at_tick100"": null, ""mean_tracking_rmse_over_parent_and_seed"": 0.037178435114027734, ""mean_truth_violation_rate_over_parent_and_seed"": 0.0, ""method"": ""B2""}, ""comparison"": {""comparator_only_violation"": 0, ""method_only_violation"": 0, ""normalized_cost_difference_ci95"": [0.03548908884003016, 0.08261158538784791], ""normalized_cost_difference_mean"": 0.05677002713806931, ""paired_both_violate"": 0, ""paired_neither_violate"": 128, ""parent_count"": 128, ""violation_rate_difference_ci95"": [0.0, 0.0], ""violation_rate_difference_mean"": 0.0}}",28f32812b8e1593da0a8a6f54bafc69460a0712a08e1bbc7991aa840308df3e9,Independent raw reaggregation / source inspection as specified,Cost denominator is the fixed observed comparator mean; fitted seeds averaged within parent; not original floored parent-wise estimand.
CONTROL_2_B3,locked_coefficient_ood/burgers/B3: registered parent-averaged endpoints,VERIFIED,evidence/locked_test_analysis_v3.json,groups[2].controller_metrics[7];groups[2].paired_vs_h3_comparator.B3,"{""metrics"": {""mean_control_cost_over_parent_and_seed"": 0.41135105643601216, ""mean_fallback_rate_over_parent_and_seed"": 0.0, ""mean_field_nrmse_at_tick100"": null, ""mean_tracking_rmse_over_parent_and_seed"": 0.037303675189749995, ""mean_truth_violation_rate_over_parent_and_seed"": 0.0, ""method"": ""B3""}, ""comparison"": {""comparator_only_violation"": 0, ""method_only_violation"": 0, ""normalized_cost_difference_ci95"": [0.037789356858415016, 0.08066206078314411], ""normalized_cost_difference_mean"": 0.05735097241940518, ""paired_both_violate"": 0, ""paired_neither_violate"": 128, ""parent_count"": 128, ""violation_rate_difference_ci95"": [0.0, 0.0], ""violation_rate_difference_mean"": 0.0}}",28f32812b8e1593da0a8a6f54bafc69460a0712a08e1bbc7991aa840308df3e9,Independent raw reaggregation / source inspection as specified,Cost denominator is the fixed observed comparator mean; fitted seeds averaged within parent; not original floored parent-wise estimand.
MATCHED_2_P_vs_B5_cost_gap,locked_coefficient_ood/burgers/P_vs_B5_cost_gap,VERIFIED,evidence/locked_test_analysis_v3.json,groups[2].P_vs_B5_cost_gap,"{""paired_parent_bootstrap"": {""ci95_percentile"": [0.0, 0.0], ""mean"": 0.0, ""replicates"": 10000}}",28f32812b8e1593da0a8a6f54bafc69460a0712a08e1bbc7991aa840308df3e9,Independent raw reaggregation / source inspection as specified,Paired parent bootstrap conditional on fitted seeds; no equivalence conclusion from zero sample difference.
MATCHED_2_B1_vs_B0_cost_gap,locked_coefficient_ood/burgers/B1_vs_B0_cost_gap,VERIFIED,evidence/locked_test_analysis_v3.json,groups[2].B1_vs_B0_cost_gap,"{""paired_parent_bootstrap"": {""ci95_percentile"": [0.1007722110135657, 0.1997128329520679], ""mean"": 0.1478892606826634, ""replicates"": 10000}}",28f32812b8e1593da0a8a6f54bafc69460a0712a08e1bbc7991aa840308df3e9,Independent raw reaggregation / source inspection as specified,Paired parent bootstrap conditional on fitted seeds; no equivalence conclusion from zero sample difference.
CONTROL_3_B0,locked_coefficient_ood/heat/B0: registered parent-averaged endpoints,VERIFIED,evidence/locked_test_analysis_v3.json,groups[3].controller_metrics[0];groups[3].paired_vs_h3_comparator.B0,"{""metrics"": {""mean_control_cost_over_parent_and_seed"": 5.546748839786472, ""mean_fallback_rate_over_parent_and_seed"": 0.0, ""mean_field_nrmse_at_tick100"": null, ""mean_tracking_rmse_over_parent_and_seed"": 0.1220700511378909, ""mean_truth_violation_rate_over_parent_and_seed"": 0.890625, ""method"": ""B0""}, ""comparison"": {""comparator_only_violation"": 0, ""method_only_violation"": 0, ""normalized_cost_difference_ci95"": [0.0, 0.0], ""normalized_cost_difference_mean"": 0.0, ""paired_both_violate"": 114, ""paired_neither_violate"": 14, ""parent_count"": 128, ""violation_rate_difference_ci95"": [0.0, 0.0], ""violation_rate_difference_mean"": 0.0}}",28f32812b8e1593da0a8a6f54bafc69460a0712a08e1bbc7991aa840308df3e9,Independent raw reaggregation / source inspection as specified,Cost denominator is the fixed observed comparator mean; fitted seeds averaged within parent; not original floored parent-wise estimand.
CONTROL_3_B1,locked_coefficient_ood/heat/B1: registered parent-averaged endpoints,VERIFIED,evidence/locked_test_analysis_v3.json,groups[3].controller_metrics[1];groups[3].paired_vs_h3_comparator.B1,"{""metrics"": {""mean_control_cost_over_parent_and_seed"": 6.856707474104863, ""mean_fallback_rate_over_parent_and_seed"": 0.0, ""mean_field_nrmse_at_tick100"": 0.024862725653688217, ""mean_tracking_rmse_over_parent_and_seed"": 0.15567122153777704, ""mean_truth_violation_rate_over_parent_and_seed"": 0.890625, ""method"": ""B1""}, ""comparison"": {""comparator_only_violation"": 0, ""method_only_violation"": 0, ""normalized_cost_difference_ci95"": [0.211399243322526, 0.2610151492818013], ""normalized_cost_difference_mean"": 0.23616692807904716, ""paired_both_violate"": 114, ""paired_neither_violate"": 14, ""parent_count"": 128, ""violation_rate_difference_ci95"": [0.0, 0.0], ""violation_rate_difference_mean"": 0.0}}",28f32812b8e1593da0a8a6f54bafc69460a0712a08e1bbc7991aa840308df3e9,Independent raw reaggregation / source inspection as specified,Cost denominator is the fixed observed comparator mean; fitted seeds averaged within parent; not original floored parent-wise estimand.
CONTROL_3_P,locked_coefficient_ood/heat/P: registered parent-averaged endpoints,VERIFIED,evidence/locked_test_analysis_v3.json,groups[3].controller_metrics[2];groups[3].paired_vs_h3_comparator.P,"{""metrics"": {""mean_control_cost_over_parent_and_seed"": 7.042344923487267, ""mean_fallback_rate_over_parent_and_seed"": 0.0, ""mean_field_nrmse_at_tick100"": 0.01572445153942681, ""mean_tracking_rmse_over_parent_and_seed"": 0.15810779043232856, ""mean_truth_violation_rate_over_parent_and_seed"": 0.890625, ""method"": ""P""}, ""comparison"": {""comparator_only_violation"": 0, ""method_only_violation"": 0, ""normalized_cost_difference_ci95"": [0.2497855713661296, 0.28957531096645833], ""normalized_cost_difference_mean"": 0.26963472241125824, ""paired_both_violate"": 114, ""paired_neither_violate"": 14, ""parent_count"": 128, ""violation_rate_difference_ci95"": [0.0, 0.0], ""violation_rate_difference_mean"": 0.0}}",28f32812b8e1593da0a8a6f54bafc69460a0712a08e1bbc7991aa840308df3e9,Independent raw reaggregation / source inspection as specified,Cost denominator is the fixed observed comparator mean; fitted seeds averaged within parent; not original floored parent-wise estimand.
CONTROL_3_P-no-rank,locked_coefficient_ood/heat/P-no-rank: registered parent-averaged endpoints,VERIFIED,evidence/locked_test_analysis_v3.json,groups[3].controller_metrics[3];groups[3].paired_vs_h3_comparator.P-no-rank,"{""metrics"": {""mean_control_cost_over_parent_and_seed"": 7.189384145897327, ""mean_fallback_rate_over_parent_and_seed"": 0.0, ""mean_field_nrmse_at_tick100"": 0.016467147974860076, ""mean_tracking_rmse_over_parent_and_seed"": 0.16044062478646923, ""mean_truth_violation_rate_over_parent_and_seed"": 0.890625, ""method"": ""P-no-rank""}, ""comparison"": {""comparator_only_violation"": 0, ""method_only_violation"": 0, ""normalized_cost_difference_ci95"": [0.274399895430244, 0.3185636240182669], ""normalized_cost_difference_mean"": 0.2961438048768922, ""paired_both_violate"": 114, ""paired_neither_violate"": 14, ""parent_count"": 128, ""violation_rate_difference_ci95"": [0.0, 0.0], ""violation_rate_difference_mean"": 0.0}}",28f32812b8e1593da0a8a6f54bafc69460a0712a08e1bbc7991aa840308df3e9,Independent raw reaggregation / source inspection as specified,Cost denominator is the fixed observed comparator mean; fitted seeds averaged within parent; not original floored parent-wise estimand.
CONTROL_3_B4,locked_coefficient_ood/heat/B4: registered parent-averaged endpoints,VERIFIED,evidence/locked_test_analysis_v3.json,groups[3].controller_metrics[4];groups[3].paired_vs_h3_comparator.B4,"{""metrics"": {""mean_control_cost_over_parent_and_seed"": 7.112300941173007, ""mean_fallback_rate_over_parent_and_seed"": 0.0, ""mean_field_nrmse_at_tick100"": 0.015677071067329962, ""mean_tracking_rmse_over_parent_and_seed"": 0.15900466035027339, ""mean_truth_violation_rate_over_parent_and_seed"": 0.890625, ""method"": ""B4""}, ""comparison"": {""comparator_only_violation"": 0, ""method_only_violation"": 0, ""normalized_cost_difference_ci95"": [0.261920751188104, 0.30310847678687636], ""normalized_cost_difference_mean"": 0.28224679836897054, ""paired_both_violate"": 114, ""paired_neither_violate"": 14, ""parent_count"": 128, ""violation_rate_difference_ci95"": [0.0, 0.0], ""violation_rate_difference_mean"": 0.0}}",28f32812b8e1593da0a8a6f54bafc69460a0712a08e1bbc7991aa840308df3e9,Independent raw reaggregation / source inspection as specified,Cost denominator is the fixed observed comparator mean; fitted seeds averaged within parent; not original floored parent-wise estimand.
CONTROL_3_B5,locked_coefficient_ood/heat/B5: registered parent-averaged endpoints,VERIFIED,evidence/locked_test_analysis_v3.json,groups[3].controller_metrics[5];groups[3].paired_vs_h3_comparator.B5,"{""metrics"": {""mean_control_cost_over_parent_and_seed"": 7.042338175241427, ""mean_fallback_rate_over_parent_and_seed"": 0.0, ""mean_field_nrmse_at_tick100"": 0.01572434747868101, ""mean_tracking_rmse_over_parent_and_seed"": 0.15810755280564368, ""mean_truth_violation_rate_over_parent_and_seed"": 0.890625, ""method"": ""B5""}, ""comparison"": {""comparator_only_violation"": 0, ""method_only_violation"": 0, ""normalized_cost_difference_ci95"": [0.24976872751963525, 0.28956134298567904], ""normalized_cost_difference_mean"": 0.2696335057984215, ""paired_both_violate"": 114, ""paired_neither_violate"": 14, ""parent_count"": 128, ""violation_rate_difference_ci95"": [0.0, 0.0], ""violation_rate_difference_mean"": 0.0}}",28f32812b8e1593da0a8a6f54bafc69460a0712a08e1bbc7991aa840308df3e9,Independent raw reaggregation / source inspection as specified,Cost denominator is the fixed observed comparator mean; fitted seeds averaged within parent; not original floored parent-wise estimand.
CONTROL_3_B2,locked_coefficient_ood/heat/B2: registered parent-averaged endpoints,VERIFIED,evidence/locked_test_analysis_v3.json,groups[3].controller_metrics[6];groups[3].paired_vs_h3_comparator.B2,"{""metrics"": {""mean_control_cost_over_parent_and_seed"": 12.726168146707806, ""mean_fallback_rate_over_parent_and_seed"": 0.0, ""mean_field_nrmse_at_tick100"": null, ""mean_tracking_rmse_over_parent_and_seed"": 0.23192276959171965, ""mean_truth_violation_rate_over_parent_and_seed"": 0.890625, ""method"": ""B2""}, ""comparison"": {""comparator_only_violation"": 0, ""method_only_violation"": 0, ""normalized_cost_difference_ci95"": [1.185084606871789, 1.4035397232055793], ""normalized_cost_difference_mean"": 1.2943472860036176, ""paired_both_violate"": 114, ""paired_neither_violate"": 14, ""parent_count"": 128, ""violation_rate_difference_ci95"": [0.0, 0.0], ""violation_rate_difference_mean"": 0.0}}",28f32812b8e1593da0a8a6f54bafc69460a0712a08e1bbc7991aa840308df3e9,Independent raw reaggregation / source inspection as specified,Cost denominator is the fixed observed comparator mean; fitted seeds averaged within parent; not original floored parent-wise estimand.
CONTROL_3_B3,locked_coefficient_ood/heat/B3: registered parent-averaged endpoints,VERIFIED,evidence/locked_test_analysis_v3.json,groups[3].controller_metrics[7];groups[3].paired_vs_h3_comparator.B3,"{""metrics"": {""mean_control_cost_over_parent_and_seed"": 11.87892195186037, ""mean_fallback_rate_over_parent_and_seed"": 0.0, ""mean_field_nrmse_at_tick100"": null, ""mean_tracking_rmse_over_parent_and_seed"": 0.2221782803739033, ""mean_truth_violation_rate_over_parent_and_seed"": 0.890625, ""method"": ""B3""}, ""comparison"": {""comparator_only_violation"": 0, ""method_only_violation"": 0, ""normalized_cost_difference_ci95"": [1.0413473458919524, 1.2457630606394676], ""normalized_cost_difference_mean"": 1.1416008359083483, ""paired_both_violate"": 114, ""paired_neither_violate"": 14, ""parent_count"": 128, ""violation_rate_difference_ci95"": [0.0, 0.0], ""violation_rate_difference_mean"": 0.0}}",28f32812b8e1593da0a8a6f54bafc69460a0712a08e1bbc7991aa840308df3e9,Independent raw reaggregation / source inspection as specified,Cost denominator is the fixed observed comparator mean; fitted seeds averaged within parent; not original floored parent-wise estimand.
MATCHED_3_P_vs_B5_cost_gap,locked_coefficient_ood/heat/P_vs_B5_cost_gap,VERIFIED,evidence/locked_test_analysis_v3.json,groups[3].P_vs_B5_cost_gap,"{""paired_parent_bootstrap"": {""ci95_percentile"": [0.0, 2.024473752217093e-05], ""mean"": 6.748245840723643e-06, ""replicates"": 10000}}",28f32812b8e1593da0a8a6f54bafc69460a0712a08e1bbc7991aa840308df3e9,Independent raw reaggregation / source inspection as specified,Paired parent bootstrap conditional on fitted seeds; no equivalence conclusion from zero sample difference.
MATCHED_3_B1_vs_B0_cost_gap,locked_coefficient_ood/heat/B1_vs_B0_cost_gap,VERIFIED,evidence/locked_test_analysis_v3.json,groups[3].B1_vs_B0_cost_gap,"{""paired_parent_bootstrap"": {""ci95_percentile"": [1.1743855624235835, 1.4474603767168441], ""mean"": 1.3099586343183902, ""replicates"": 10000}}",28f32812b8e1593da0a8a6f54bafc69460a0712a08e1bbc7991aa840308df3e9,Independent raw reaggregation / source inspection as specified,Paired parent bootstrap conditional on fitted seeds; no equivalence conclusion from zero sample difference.
CONTROL_4_B0,locked_delay_dropout/burgers/B0: registered parent-averaged endpoints,VERIFIED,evidence/locked_test_analysis_v3.json,groups[4].controller_metrics[0];groups[4].paired_vs_h3_comparator.B0,"{""metrics"": {""mean_control_cost_over_parent_and_seed"": 0.2501530770118818, ""mean_fallback_rate_over_parent_and_seed"": 0.0, ""mean_field_nrmse_at_tick100"": null, ""mean_tracking_rmse_over_parent_and_seed"": 0.0315151680150802, ""mean_truth_violation_rate_over_parent_and_seed"": 0.0, ""method"": ""B0""}, ""comparison"": {""comparator_only_violation"": 0, ""method_only_violation"": 0, ""normalized_cost_difference_ci95"": [0.0, 0.0], ""normalized_cost_difference_mean"": 0.0, ""paired_both_violate"": 0, ""paired_neither_violate"": 128, ""parent_count"": 128, ""violation_rate_difference_ci95"": [0.0, 0.0], ""violation_rate_difference_mean"": 0.0}}",28f32812b8e1593da0a8a6f54bafc69460a0712a08e1bbc7991aa840308df3e9,Independent raw reaggregation / source inspection as specified,Cost denominator is the fixed observed comparator mean; fitted seeds averaged within parent; not original floored parent-wise estimand.
CONTROL_4_B1,locked_delay_dropout/burgers/B1: registered parent-averaged endpoints,VERIFIED,evidence/locked_test_analysis_v3.json,groups[4].controller_metrics[1];groups[4].paired_vs_h3_comparator.B1,"{""metrics"": {""mean_control_cost_over_parent_and_seed"": 0.3124569792712778, ""mean_fallback_rate_over_parent_and_seed"": 0.0, ""mean_field_nrmse_at_tick100"": 0.3763055625021857, ""mean_tracking_rmse_over_parent_and_seed"": 0.03537536705723008, ""mean_truth_violation_rate_over_parent_and_seed"": 0.0, ""method"": ""B1""}, ""comparison"": {""comparator_only_violation"": 0, ""method_only_violation"": 0, ""normalized_cost_difference_ci95"": [0.18602317504483187, 0.31687467664073754], ""normalized_cost_difference_mean"": 0.2490631056936257, ""paired_both_violate"": 0, ""paired_neither_violate"": 128, ""parent_count"": 128, ""violation_rate_difference_ci95"": [0.0, 0.0], ""violation_rate_difference_mean"": 0.0}}",28f32812b8e1593da0a8a6f54bafc69460a0712a08e1bbc7991aa840308df3e9,Independent raw reaggregation / source inspection as specified,Cost denominator is the fixed observed comparator mean; fitted seeds averaged within parent; not original floored parent-wise estimand.
CONTROL_4_P,locked_delay_dropout/burgers/P: registered parent-averaged endpoints,VERIFIED,evidence/locked_test_analysis_v3.json,groups[4].controller_metrics[2];groups[4].paired_vs_h3_comparator.P,"{""metrics"": {""mean_control_cost_over_parent_and_seed"": 0.31275862190644793, ""mean_fallback_rate_over_parent_and_seed"": 0.0, ""mean_field_nrmse_at_tick100"": 0.44627064720649895, ""mean_tracking_rmse_over_parent_and_seed"": 0.03542138068100285, ""mean_truth_violation_rate_over_parent_and_seed"": 0.0, ""method"": ""P""}, ""comparison"": {""comparator_only_violation"": 0, ""method_only_violation"": 0, ""normalized_cost_difference_ci95"": [0.18751243575831722, 0.32041338327487484], ""normalized_cost_difference_mean"": 0.2502689378935464, ""paired_both_violate"": 0, ""paired_neither_violate"": 128, ""parent_count"": 128, ""violation_rate_difference_ci95"": [0.0, 0.0], ""violation_rate_difference_mean"": 0.0}}",28f32812b8e1593da0a8a6f54bafc69460a0712a08e1bbc7991aa840308df3e9,Independent raw reaggregation / source inspection as specified,Cost denominator is the fixed observed comparator mean; fitted seeds averaged within parent; not original floored parent-wise estimand.
CONTROL_4_P-no-rank,locked_delay_dropout/burgers/P-no-rank: registered parent-averaged endpoints,VERIFIED,evidence/locked_test_analysis_v3.json,groups[4].controller_metrics[3];groups[4].paired_vs_h3_comparator.P-no-rank,"{""metrics"": {""mean_control_cost_over_parent_and_seed"": 0.31279156756623616, ""mean_fallback_rate_over_parent_and_seed"": 0.0, ""mean_field_nrmse_at_tick100"": 0.4459176514743982, ""mean_tracking_rmse_over_parent_and_seed"": 0.03542543112933002, ""mean_truth_violation_rate_over_parent_and_seed"": 0.0, ""method"": ""P-no-rank""}, ""comparison"": {""comparator_only_violation"": 0, ""method_only_violation"": 0, ""normalized_cost_difference_ci95"": [0.18700437379365817, 0.32114828677181045], ""normalized_cost_difference_mean"": 0.25040063989050654, ""paired_both_violate"": 0, ""paired_neither_violate"": 128, ""parent_count"": 128, ""violation_rate_difference_ci95"": [0.0, 0.0], ""violation_rate_difference_mean"": 0.0}}",28f32812b8e1593da0a8a6f54bafc69460a0712a08e1bbc7991aa840308df3e9,Independent raw reaggregation / source inspection as specified,Cost denominator is the fixed observed comparator mean; fitted seeds averaged within parent; not original floored parent-wise estimand.
CONTROL_4_B4,locked_delay_dropout/burgers/B4: registered parent-averaged endpoints,VERIFIED,evidence/locked_test_analysis_v3.json,groups[4].controller_metrics[4];groups[4].paired_vs_h3_comparator.B4,"{""metrics"": {""mean_control_cost_over_parent_and_seed"": 0.31271404140600234, ""mean_fallback_rate_over_parent_and_seed"": 0.0, ""mean_field_nrmse_at_tick100"": 0.4450324158339451, ""mean_tracking_rmse_over_parent_and_seed"": 0.03540823548909184, ""mean_truth_violation_rate_over_parent_and_seed"": 0.0, ""method"": ""B4""}, ""comparison"": {""comparator_only_violation"": 0, ""method_only_violation"": 0, ""normalized_cost_difference_ci95"": [0.18703826672711962, 0.3190182698948547], ""normalized_cost_difference_mean"": 0.250090725012945, ""paired_both_violate"": 0, ""paired_neither_violate"": 128, ""parent_count"": 128, ""violation_rate_difference_ci95"": [0.0, 0.0], ""violation_rate_difference_mean"": 0.0}}",28f32812b8e1593da0a8a6f54bafc69460a0712a08e1bbc7991aa840308df3e9,Independent raw reaggregation / source inspection as specified,Cost denominator is the fixed observed comparator mean; fitted seeds averaged within parent; not original floored parent-wise estimand.
CONTROL_4_B5,locked_delay_dropout/burgers/B5: registered parent-averaged endpoints,VERIFIED,evidence/locked_test_analysis_v3.json,groups[4].controller_metrics[5];groups[4].paired_vs_h3_comparator.B5,"{""metrics"": {""mean_control_cost_over_parent_and_seed"": 0.31275862190644793, ""mean_fallback_rate_over_parent_and_seed"": 0.0, ""mean_field_nrmse_at_tick100"": 0.4462708878757743, ""mean_tracking_rmse_over_parent_and_seed"": 0.03542138068100285, ""mean_truth_violation_rate_over_parent_and_seed"": 0.0, ""method"": ""B5""}, ""comparison"": {""comparator_only_violation"": 0, ""method_only_violation"": 0, ""normalized_cost_difference_ci95"": [0.18691248559222448, 0.3210761382215485], ""normalized_cost_difference_mean"": 0.2502689378935464, ""paired_both_violate"": 0, ""paired_neither_violate"": 128, ""parent_count"": 128, ""violation_rate_difference_ci95"": [0.0, 0.0], ""violation_rate_difference_mean"": 0.0}}",28f32812b8e1593da0a8a6f54bafc69460a0712a08e1bbc7991aa840308df3e9,Independent raw reaggregation / source inspection as specified,Cost denominator is the fixed observed comparator mean; fitted seeds averaged within parent; not original floored parent-wise estimand.
CONTROL_4_B2,locked_delay_dropout/burgers/B2: registered parent-averaged endpoints,VERIFIED,evidence/locked_test_analysis_v3.json,groups[4].controller_metrics[6];groups[4].paired_vs_h3_comparator.B2,"{""metrics"": {""mean_control_cost_over_parent_and_seed"": 0.2605463042062284, ""mean_fallback_rate_over_parent_and_seed"": 0.0, ""mean_field_nrmse_at_tick100"": null, ""mean_tracking_rmse_over_parent_and_seed"": 0.03163767241800727, ""mean_truth_violation_rate_over_parent_and_seed"": 0.0, ""method"": ""B2""}, ""comparison"": {""comparator_only_violation"": 0, ""method_only_violation"": 0, ""normalized_cost_difference_ci95"": [0.03271847823366303, 0.0511599135003257], ""normalized_cost_difference_mean"": 0.0415474689278075, ""paired_both_violate"": 0, ""paired_neither_violate"": 128, ""parent_count"": 128, ""violation_rate_difference_ci95"": [0.0, 0.0], ""violation_rate_difference_mean"": 0.0}}",28f32812b8e1593da0a8a6f54bafc69460a0712a08e1bbc7991aa840308df3e9,Independent raw reaggregation / source inspection as specified,Cost denominator is the fixed observed comparator mean; fitted seeds averaged within parent; not original floored parent-wise estimand.
CONTROL_4_B3,locked_delay_dropout/burgers/B3: registered parent-averaged endpoints,VERIFIED,evidence/locked_test_analysis_v3.json,groups[4].controller_metrics[7];groups[4].paired_vs_h3_comparator.B3,"{""metrics"": {""mean_control_cost_over_parent_and_seed"": 0.26046190071941216, ""mean_fallback_rate_over_parent_and_seed"": 0.0, ""mean_field_nrmse_at_tick100"": null, ""mean_tracking_rmse_over_parent_and_seed"": 0.031705010640733146, ""mean_truth_violation_rate_over_parent_and_seed"": 0.0, ""method"": ""B3""}, ""comparison"": {""comparator_only_violation"": 0, ""method_only_violation"": 0, ""normalized_cost_difference_ci95"": [0.03300202135746165, 0.05042568479089616], ""normalized_cost_difference_mean"": 0.04121006157777838, ""paired_both_violate"": 0, ""paired_neither_violate"": 128, ""parent_count"": 128, ""violation_rate_difference_ci95"": [0.0, 0.0], ""violation_rate_difference_mean"": 0.0}}",28f32812b8e1593da0a8a6f54bafc69460a0712a08e1bbc7991aa840308df3e9,Independent raw reaggregation / source inspection as specified,Cost denominator is the fixed observed comparator mean; fitted seeds averaged within parent; not original floored parent-wise estimand.
MATCHED_4_P_vs_B5_cost_gap,locked_delay_dropout/burgers/P_vs_B5_cost_gap,VERIFIED,evidence/locked_test_analysis_v3.json,groups[4].P_vs_B5_cost_gap,"{""paired_parent_bootstrap"": {""ci95_percentile"": [0.0, 0.0], ""mean"": 0.0, ""replicates"": 10000}}",28f32812b8e1593da0a8a6f54bafc69460a0712a08e1bbc7991aa840308df3e9,Independent raw reaggregation / source inspection as specified,Paired parent bootstrap conditional on fitted seeds; no equivalence conclusion from zero sample difference.
MATCHED_4_B1_vs_B0_cost_gap,locked_delay_dropout/burgers/B1_vs_B0_cost_gap,VERIFIED,evidence/locked_test_analysis_v3.json,groups[4].B1_vs_B0_cost_gap,"{""paired_parent_bootstrap"": {""ci95_percentile"": [0.04621752454623001, 0.07993762705953861], ""mean"": 0.062303902259396, ""replicates"": 10000}}",28f32812b8e1593da0a8a6f54bafc69460a0712a08e1bbc7991aa840308df3e9,Independent raw reaggregation / source inspection as specified,Paired parent bootstrap conditional on fitted seeds; no equivalence conclusion from zero sample difference.
CONTROL_5_B0,locked_delay_dropout/heat/B0: registered parent-averaged endpoints,VERIFIED,evidence/locked_test_analysis_v3.json,groups[5].controller_metrics[0];groups[5].paired_vs_h3_comparator.B0,"{""metrics"": {""mean_control_cost_over_parent_and_seed"": 12.996960565296146, ""mean_fallback_rate_over_parent_and_seed"": 0.0, ""mean_field_nrmse_at_tick100"": null, ""mean_tracking_rmse_over_parent_and_seed"": 0.2014636272026904, ""mean_truth_violation_rate_over_parent_and_seed"": 0.8984375, ""method"": ""B0""}, ""comparison"": {""comparator_only_violation"": 0, ""method_only_violation"": 0, ""normalized_cost_difference_ci95"": [0.0, 0.0], ""normalized_cost_difference_mean"": 0.0, ""paired_both_violate"": 115, ""paired_neither_violate"": 13, ""parent_count"": 128, ""violation_rate_difference_ci95"": [0.0, 0.0], ""violation_rate_difference_mean"": 0.0}}",28f32812b8e1593da0a8a6f54bafc69460a0712a08e1bbc7991aa840308df3e9,Independent raw reaggregation / source inspection as specified,Cost denominator is the fixed observed comparator mean; fitted seeds averaged within parent; not original floored parent-wise estimand.
CONTROL_5_B1,locked_delay_dropout/heat/B1: registered parent-averaged endpoints,VERIFIED,evidence/locked_test_analysis_v3.json,groups[5].controller_metrics[1];groups[5].paired_vs_h3_comparator.B1,"{""metrics"": {""mean_control_cost_over_parent_and_seed"": 14.18371912064578, ""mean_fallback_rate_over_parent_and_seed"": 0.0, ""mean_field_nrmse_at_tick100"": 0.019219443686819267, ""mean_tracking_rmse_over_parent_and_seed"": 0.2240523620962147, ""mean_truth_violation_rate_over_parent_and_seed"": 0.8984375, ""method"": ""B1""}, ""comparison"": {""comparator_only_violation"": 0, ""method_only_violation"": 0, ""normalized_cost_difference_ci95"": [0.08475326427083256, 0.098065944080513], ""normalized_cost_difference_mean"": 0.09131046827351764, ""paired_both_violate"": 115, ""paired_neither_violate"": 13, ""parent_count"": 128, ""violation_rate_difference_ci95"": [0.0, 0.0], ""violation_rate_difference_mean"": 0.0}}",28f32812b8e1593da0a8a6f54bafc69460a0712a08e1bbc7991aa840308df3e9,Independent raw reaggregation / source inspection as specified,Cost denominator is the fixed observed comparator mean; fitted seeds averaged within parent; not original floored parent-wise estimand.
CONTROL_5_P,locked_delay_dropout/heat/P: registered parent-averaged endpoints,VERIFIED,evidence/locked_test_analysis_v3.json,groups[5].controller_metrics[2];groups[5].paired_vs_h3_comparator.P,"{""metrics"": {""mean_control_cost_over_parent_and_seed"": 14.354605839906341, ""mean_fallback_rate_over_parent_and_seed"": 0.0, ""mean_field_nrmse_at_tick100"": 0.00897991962604768, ""mean_tracking_rmse_over_parent_and_seed"": 0.22646349954751444, ""mean_truth_violation_rate_over_parent_and_seed"": 0.8984375, ""method"": ""P""}, ""comparison"": {""comparator_only_violation"": 0, ""method_only_violation"": 0, ""normalized_cost_difference_ci95"": [0.09809200839490895, 0.11106200173975174], ""normalized_cost_difference_mean"": 0.10445867461007102, ""paired_both_violate"": 115, ""paired_neither_violate"": 13, ""parent_count"": 128, ""violation_rate_difference_ci95"": [0.0, 0.0], ""violation_rate_difference_mean"": 0.0}}",28f32812b8e1593da0a8a6f54bafc69460a0712a08e1bbc7991aa840308df3e9,Independent raw reaggregation / source inspection as specified,Cost denominator is the fixed observed comparator mean; fitted seeds averaged within parent; not original floored parent-wise estimand.
CONTROL_5_P-no-rank,locked_delay_dropout/heat/P-no-rank: registered parent-averaged endpoints,VERIFIED,evidence/locked_test_analysis_v3.json,groups[5].controller_metrics[3];groups[5].paired_vs_h3_comparator.P-no-rank,"{""metrics"": {""mean_control_cost_over_parent_and_seed"": 14.347180341872438, ""mean_fallback_rate_over_parent_and_seed"": 0.0, ""mean_field_nrmse_at_tick100"": 0.008996744277586307, ""mean_tracking_rmse_over_parent_and_seed"": 0.22630035072656038, ""mean_truth_violation_rate_over_parent_and_seed"": 0.8984375, ""method"": ""P-no-rank""}, ""comparison"": {""comparator_only_violation"": 0, ""method_only_violation"": 0, ""normalized_cost_difference_ci95"": [0.09710022224837987, 0.11102800001640521], ""normalized_cost_difference_mean"": 0.10388734887613525, ""paired_both_violate"": 115, ""paired_neither_violate"": 13, ""parent_count"": 128, ""violation_rate_difference_ci95"": [0.0, 0.0], ""violation_rate_difference_mean"": 0.0}}",28f32812b8e1593da0a8a6f54bafc69460a0712a08e1bbc7991aa840308df3e9,Independent raw reaggregation / source inspection as specified,Cost denominator is the fixed observed comparator mean; fitted seeds averaged within parent; not original floored parent-wise estimand.
CONTROL_5_B4,locked_delay_dropout/heat/B4: registered parent-averaged endpoints,VERIFIED,evidence/locked_test_analysis_v3.json,groups[5].controller_metrics[4];groups[5].paired_vs_h3_comparator.B4,"{""metrics"": {""mean_control_cost_over_parent_and_seed"": 14.320596899227155, ""mean_fallback_rate_over_parent_and_seed"": 0.0, ""mean_field_nrmse_at_tick100"": 0.008870132771941524, ""mean_tracking_rmse_over_parent_and_seed"": 0.2258129977034058, ""mean_truth_violation_rate_over_parent_and_seed"": 0.8984375, ""method"": ""B4""}, ""comparison"": {""comparator_only_violation"": 0, ""method_only_violation"": 0, ""normalized_cost_difference_ci95"": [0.09583966046509934, 0.10795491668301369], ""normalized_cost_difference_mean"": 0.10184199046239462, ""paired_both_violate"": 115, ""paired_neither_violate"": 13, ""parent_count"": 128, ""violation_rate_difference_ci95"": [0.0, 0.0], ""violation_rate_difference_mean"": 0.0}}",28f32812b8e1593da0a8a6f54bafc69460a0712a08e1bbc7991aa840308df3e9,Independent raw reaggregation / source inspection as specified,Cost denominator is the fixed observed comparator mean; fitted seeds averaged within parent; not original floored parent-wise estimand.
CONTROL_5_B5,locked_delay_dropout/heat/B5: registered parent-averaged endpoints,VERIFIED,evidence/locked_test_analysis_v3.json,groups[5].controller_metrics[5];groups[5].paired_vs_h3_comparator.B5,"{""metrics"": {""mean_control_cost_over_parent_and_seed"": 14.354605839906341, ""mean_fallback_rate_over_parent_and_seed"": 0.0, ""mean_field_nrmse_at_tick100"": 0.008979924634331837, ""mean_tracking_rmse_over_parent_and_seed"": 0.22646349954751444, ""mean_truth_violation_rate_over_parent_and_seed"": 0.8984375, ""method"": ""B5""}, ""comparison"": {""comparator_only_violation"": 0, ""method_only_violation"": 0, ""normalized_cost_difference_ci95"": [0.09808142887713178, 0.11094285716978985], ""normalized_cost_difference_mean"": 0.10445867461007102, ""paired_both_violate"": 115, ""paired_neither_violate"": 13, ""parent_count"": 128, ""violation_rate_difference_ci95"": [0.0, 0.0], ""violation_rate_difference_mean"": 0.0}}",28f32812b8e1593da0a8a6f54bafc69460a0712a08e1bbc7991aa840308df3e9,Independent raw reaggregation / source inspection as specified,Cost denominator is the fixed observed comparator mean; fitted seeds averaged within parent; not original floored parent-wise estimand.
CONTROL_5_B2,locked_delay_dropout/heat/B2: registered parent-averaged endpoints,VERIFIED,evidence/locked_test_analysis_v3.json,groups[5].controller_metrics[6];groups[5].paired_vs_h3_comparator.B2,"{""metrics"": {""mean_control_cost_over_parent_and_seed"": 17.847425690304277, ""mean_fallback_rate_over_parent_and_seed"": 0.0, ""mean_field_nrmse_at_tick100"": null, ""mean_tracking_rmse_over_parent_and_seed"": 0.2598477272391701, ""mean_truth_violation_rate_over_parent_and_seed"": 0.8984375, ""method"": ""B2""}, ""comparison"": {""comparator_only_violation"": 0, ""method_only_violation"": 0, ""normalized_cost_difference_ci95"": [0.3300402160754086, 0.4173537074256164], ""normalized_cost_difference_mean"": 0.37319995706993264, ""paired_both_violate"": 115, ""paired_neither_violate"": 13, ""parent_count"": 128, ""violation_rate_difference_ci95"": [0.0, 0.0], ""violation_rate_difference_mean"": 0.0}}",28f32812b8e1593da0a8a6f54bafc69460a0712a08e1bbc7991aa840308df3e9,Independent raw reaggregation / source inspection as specified,Cost denominator is the fixed observed comparator mean; fitted seeds averaged within parent; not original floored parent-wise estimand.
CONTROL_5_B3,locked_delay_dropout/heat/B3: registered parent-averaged endpoints,VERIFIED,evidence/locked_test_analysis_v3.json,groups[5].controller_metrics[7];groups[5].paired_vs_h3_comparator.B3,"{""metrics"": {""mean_control_cost_over_parent_and_seed"": 17.81619373078523, ""mean_fallback_rate_over_parent_and_seed"": 0.0, ""mean_field_nrmse_at_tick100"": null, ""mean_tracking_rmse_over_parent_and_seed"": 0.2584948838085446, ""mean_truth_violation_rate_over_parent_and_seed"": 0.8984375, ""method"": ""B3""}, ""comparison"": {""comparator_only_violation"": 0, ""method_only_violation"": 0, ""normalized_cost_difference_ci95"": [0.3261848597695651, 0.4185394687122919], ""normalized_cost_difference_mean"": 0.37079693681283965, ""paired_both_violate"": 115, ""paired_neither_violate"": 13, ""parent_count"": 128, ""violation_rate_difference_ci95"": [0.0, 0.0], ""violation_rate_difference_mean"": 0.0}}",28f32812b8e1593da0a8a6f54bafc69460a0712a08e1bbc7991aa840308df3e9,Independent raw reaggregation / source inspection as specified,Cost denominator is the fixed observed comparator mean; fitted seeds averaged within parent; not original floored parent-wise estimand.
MATCHED_5_P_vs_B5_cost_gap,locked_delay_dropout/heat/P_vs_B5_cost_gap,VERIFIED,evidence/locked_test_analysis_v3.json,groups[5].P_vs_B5_cost_gap,"{""paired_parent_bootstrap"": {""ci95_percentile"": [0.0, 0.0], ""mean"": 0.0, ""replicates"": 10000}}",28f32812b8e1593da0a8a6f54bafc69460a0712a08e1bbc7991aa840308df3e9,Independent raw reaggregation / source inspection as specified,Paired parent bootstrap conditional on fitted seeds; no equivalence conclusion from zero sample difference.
MATCHED_5_B1_vs_B0_cost_gap,locked_delay_dropout/heat/B1_vs_B0_cost_gap,VERIFIED,evidence/locked_test_analysis_v3.json,groups[5].B1_vs_B0_cost_gap,"{""paired_parent_bootstrap"": {""ci95_percentile"": [1.0991265440985163, 1.2739438351416281], ""mean"": 1.1867585553496338, ""replicates"": 10000}}",28f32812b8e1593da0a8a6f54bafc69460a0712a08e1bbc7991aa840308df3e9,Independent raw reaggregation / source inspection as specified,Paired parent bootstrap conditional on fitted seeds; no equivalence conclusion from zero sample difference.
LAT_SEED_00,burgers/B0/seed=None latency and deadline counts,VERIFIED,evidence/latency_analysis_v3.json,controller_groups[0],"{""deadline_miss_rate_5ms"": 0.0, ""deadline_misses"": {""10ms"": 0, ""1ms"": 21, ""2ms"": 0, ""5ms"": 0}, ""method"": ""B0"", ""p50_ms"": 0.5148, ""p95_ms"": 0.5577, ""p999_ms"": 0.8288002999999989, ""p99_ms"": 0.5893010000000003, ""pde"": ""burgers"", ""requests"": 60000, ""seed"": null}",f46114814f3f0b59dc27659336c73d9b8ade9d87c0cb62b30022aad879d584f4,Independent raw reaggregation / source inspection as specified,Three sequential sessions; 60000 replay requests. p99.9 descriptive; no scheduled/extended-tail claim.
LAT_SEED_01,burgers/B1/seed=None latency and deadline counts,VERIFIED,evidence/latency_analysis_v3.json,controller_groups[1],"{""deadline_miss_rate_5ms"": 1.0, ""deadline_misses"": {""10ms"": 60000, ""1ms"": 60000, ""2ms"": 60000, ""5ms"": 60000}, ""method"": ""B1"", ""p50_ms"": 14.39955, ""p95_ms"": 15.199405, ""p999_ms"": 15.9833, ""p99_ms"": 15.544308000000001, ""pde"": ""burgers"", ""requests"": 60000, ""seed"": null}",f46114814f3f0b59dc27659336c73d9b8ade9d87c0cb62b30022aad879d584f4,Independent raw reaggregation / source inspection as specified,Three sequential sessions; 60000 replay requests. p99.9 descriptive; no scheduled/extended-tail claim.
LAT_SEED_02,burgers/B2/seed=11 latency and deadline counts,VERIFIED,evidence/latency_analysis_v3.json,controller_groups[2],"{""deadline_miss_rate_5ms"": 0.0, ""deadline_misses"": {""10ms"": 0, ""1ms"": 60000, ""2ms"": 13510, ""5ms"": 0}, ""method"": ""B2"", ""p50_ms"": 1.9083, ""p95_ms"": 3.6122049999999994, ""p999_ms"": 4.0182, ""p99_ms"": 3.798104000000001, ""pde"": ""burgers"", ""requests"": 60000, ""seed"": 11}",f46114814f3f0b59dc27659336c73d9b8ade9d87c0cb62b30022aad879d584f4,Independent raw reaggregation / source inspection as specified,Three sequential sessions; 60000 replay requests. p99.9 descriptive; no scheduled/extended-tail claim.
LAT_SEED_03,burgers/B2/seed=23 latency and deadline counts,VERIFIED,evidence/latency_analysis_v3.json,controller_groups[3],"{""deadline_miss_rate_5ms"": 0.0, ""deadline_misses"": {""10ms"": 0, ""1ms"": 60000, ""2ms"": 9916, ""5ms"": 0}, ""method"": ""B2"", ""p50_ms"": 1.9025, ""p95_ms"": 3.5273, ""p999_ms"": 3.9386007999999975, ""p99_ms"": 3.731802, ""pde"": ""burgers"", ""requests"": 60000, ""seed"": 23}",f46114814f3f0b59dc27659336c73d9b8ade9d87c0cb62b30022aad879d584f4,Independent raw reaggregation / source inspection as specified,Three sequential sessions; 60000 replay requests. p99.9 descriptive; no scheduled/extended-tail claim.
LAT_SEED_04,burgers/B2/seed=37 latency and deadline counts,VERIFIED,evidence/latency_analysis_v3.json,controller_groups[4],"{""deadline_miss_rate_5ms"": 0.0, ""deadline_misses"": {""10ms"": 0, ""1ms"": 60000, ""2ms"": 11138, ""5ms"": 0}, ""method"": ""B2"", ""p50_ms"": 1.9002, ""p95_ms"": 3.5559, ""p999_ms"": 4.0399033999999885, ""p99_ms"": 3.7827020000000005, ""pde"": ""burgers"", ""requests"": 60000, ""seed"": 37}",f46114814f3f0b59dc27659336c73d9b8ade9d87c0cb62b30022aad879d584f4,Independent raw reaggregation / source inspection as specified,Three sequential sessions; 60000 replay requests. p99.9 descriptive; no scheduled/extended-tail claim.
LAT_SEED_05,burgers/B3/seed=11 latency and deadline counts,VERIFIED,evidence/latency_analysis_v3.json,controller_groups[5],"{""deadline_miss_rate_5ms"": 3.3333333333333335e-05, ""deadline_misses"": {""10ms"": 0, ""1ms"": 60000, ""2ms"": 12977, ""5ms"": 2}, ""method"": ""B3"", ""p50_ms"": 1.9074, ""p95_ms"": 3.6093, ""p999_ms"": 4.067600299999999, ""p99_ms"": 3.8169, ""pde"": ""burgers"", ""requests"": 60000, ""seed"": 11}",f46114814f3f0b59dc27659336c73d9b8ade9d87c0cb62b30022aad879d584f4,Independent raw reaggregation / source inspection as specified,Three sequential sessions; 60000 replay requests. p99.9 descriptive; no scheduled/extended-tail claim.
LAT_SEED_06,burgers/B3/seed=23 latency and deadline counts,VERIFIED,evidence/latency_analysis_v3.json,controller_groups[6],"{""deadline_miss_rate_5ms"": 5e-05, ""deadline_misses"": {""10ms"": 1, ""1ms"": 60000, ""2ms"": 13681, ""5ms"": 3}, ""method"": ""B3"", ""p50_ms"": 1.9094, ""p95_ms"": 3.6170199999999983, ""p999_ms"": 4.19360289999999, ""p99_ms"": 3.8376010000000003, ""pde"": ""burgers"", ""requests"": 60000, ""seed"": 23}",f46114814f3f0b59dc27659336c73d9b8ade9d87c0cb62b30022aad879d584f4,Independent raw reaggregation / source inspection as specified,Three sequential sessions; 60000 replay requests. p99.9 descriptive; no scheduled/extended-tail claim.
LAT_SEED_07,burgers/B3/seed=37 latency and deadline counts,VERIFIED,evidence/latency_analysis_v3.json,controller_groups[7],"{""deadline_miss_rate_5ms"": 0.0011666666666666668, ""deadline_misses"": {""10ms"": 0, ""1ms"": 60000, ""2ms"": 15648, ""5ms"": 70}, ""method"": ""B3"", ""p50_ms"": 1.9165, ""p95_ms"": 3.639004999999999, ""p999_ms"": 5.041210399999964, ""p99_ms"": 3.877101, ""pde"": ""burgers"", ""requests"": 60000, ""seed"": 37}",f46114814f3f0b59dc27659336c73d9b8ade9d87c0cb62b30022aad879d584f4,Independent raw reaggregation / source inspection as specified,Three sequential sessions; 60000 replay requests. p99.9 descriptive; no scheduled/extended-tail claim.
LAT_SEED_08,burgers/B4/seed=11 latency and deadline counts,VERIFIED,evidence/latency_analysis_v3.json,controller_groups[8],"{""deadline_miss_rate_5ms"": 0.1498, ""deadline_misses"": {""10ms"": 0, ""1ms"": 60000, ""2ms"": 60000, ""5ms"": 8988}, ""method"": ""B4"", ""p50_ms"": 3.1573, ""p95_ms"": 6.516, ""p999_ms"": 7.195900099999999, ""p99_ms"": 6.8011040000000005, ""pde"": ""burgers"", ""requests"": 60000, ""seed"": 11}",f46114814f3f0b59dc27659336c73d9b8ade9d87c0cb62b30022aad879d584f4,Independent raw reaggregation / source inspection as specified,Three sequential sessions; 60000 replay requests. p99.9 descriptive; no scheduled/extended-tail claim.
LAT_SEED_09,burgers/B4/seed=23 latency and deadline counts,VERIFIED,evidence/latency_analysis_v3.json,controller_groups[9],"{""deadline_miss_rate_5ms"": 0.14353333333333335, ""deadline_misses"": {""10ms"": 0, ""1ms"": 60000, ""2ms"": 60000, ""5ms"": 8612}, ""method"": ""B4"", ""p50_ms"": 3.1557, ""p95_ms"": 6.527905, ""p999_ms"": 7.29580289999999, ""p99_ms"": 6.830604, ""pde"": ""burgers"", ""requests"": 60000, ""seed"": 23}",f46114814f3f0b59dc27659336c73d9b8ade9d87c0cb62b30022aad879d584f4,Independent raw reaggregation / source inspection as specified,Three sequential sessions; 60000 replay requests. p99.9 descriptive; no scheduled/extended-tail claim.
LAT_SEED_10,burgers/B4/seed=37 latency and deadline counts,VERIFIED,evidence/latency_analysis_v3.json,controller_groups[10],"{""deadline_miss_rate_5ms"": 0.17726666666666666, ""deadline_misses"": {""10ms"": 0, ""1ms"": 60000, ""2ms"": 60000, ""5ms"": 10636}, ""method"": ""B4"", ""p50_ms"": 3.1658, ""p95_ms"": 6.5456, ""p999_ms"": 7.15670589999998, ""p99_ms"": 6.7953, ""pde"": ""burgers"", ""requests"": 60000, ""seed"": 37}",f46114814f3f0b59dc27659336c73d9b8ade9d87c0cb62b30022aad879d584f4,Independent raw reaggregation / source inspection as specified,Three sequential sessions; 60000 replay requests. p99.9 descriptive; no scheduled/extended-tail claim.
LAT_SEED_11,burgers/B5/seed=11 latency and deadline counts,VERIFIED,evidence/latency_analysis_v3.json,controller_groups[11],"{""deadline_miss_rate_5ms"": 0.15185, ""deadline_misses"": {""10ms"": 0, ""1ms"": 60000, ""2ms"": 60000, ""5ms"": 9111}, ""method"": ""B5"", ""p50_ms"": 3.12165, ""p95_ms"": 6.473705, ""p999_ms"": 7.188000299999999, ""p99_ms"": 6.7612, ""pde"": ""burgers"", ""requests"": 60000, ""seed"": 11}",f46114814f3f0b59dc27659336c73d9b8ade9d87c0cb62b30022aad879d584f4,Independent raw reaggregation / source inspection as specified,Three sequential sessions; 60000 replay requests. p99.9 descriptive; no scheduled/extended-tail claim.
LAT_SEED_12,burgers/B5/seed=23 latency and deadline counts,VERIFIED,evidence/latency_analysis_v3.json,controller_groups[12],"{""deadline_miss_rate_5ms"": 0.1351, ""deadline_misses"": {""10ms"": 0, ""1ms"": 60000, ""2ms"": 60000, ""5ms"": 8106}, ""method"": ""B5"", ""p50_ms"": 3.11705, ""p95_ms"": 6.4221, ""p999_ms"": 7.111401199999996, ""p99_ms"": 6.720102000000001, ""pde"": ""burgers"", ""requests"": 60000, ""seed"": 23}",f46114814f3f0b59dc27659336c73d9b8ade9d87c0cb62b30022aad879d584f4,Independent raw reaggregation / source inspection as specified,Three sequential sessions; 60000 replay requests. p99.9 descriptive; no scheduled/extended-tail claim.
LAT_SEED_13,burgers/B5/seed=37 latency and deadline counts,VERIFIED,evidence/latency_analysis_v3.json,controller_groups[13],"{""deadline_miss_rate_5ms"": 0.14518333333333333, ""deadline_misses"": {""10ms"": 0, ""1ms"": 60000, ""2ms"": 60000, ""5ms"": 8711}, ""method"": ""B5"", ""p50_ms"": 3.1111, ""p95_ms"": 6.422505, ""p999_ms"": 7.061601199999997, ""p99_ms"": 6.696601, ""pde"": ""burgers"", ""requests"": 60000, ""seed"": 37}",f46114814f3f0b59dc27659336c73d9b8ade9d87c0cb62b30022aad879d584f4,Independent raw reaggregation / source inspection as specified,Three sequential sessions; 60000 replay requests. p99.9 descriptive; no scheduled/extended-tail claim.
LAT_SEED_14,burgers/P/seed=11 latency and deadline counts,VERIFIED,evidence/latency_analysis_v3.json,controller_groups[14],"{""deadline_miss_rate_5ms"": 0.13566666666666666, ""deadline_misses"": {""10ms"": 0, ""1ms"": 60000, ""2ms"": 60000, ""5ms"": 8140}, ""method"": ""P"", ""p50_ms"": 3.1064, ""p95_ms"": 6.411, ""p999_ms"": 7.137706299999978, ""p99_ms"": 6.692603, ""pde"": ""burgers"", ""requests"": 60000, ""seed"": 11}",f46114814f3f0b59dc27659336c73d9b8ade9d87c0cb62b30022aad879d584f4,Independent raw reaggregation / source inspection as specified,Three sequential sessions; 60000 replay requests. p99.9 descriptive; no scheduled/extended-tail claim.
LAT_SEED_15,burgers/P/seed=23 latency and deadline counts,VERIFIED,evidence/latency_analysis_v3.json,controller_groups[15],"{""deadline_miss_rate_5ms"": 0.16405, ""deadline_misses"": {""10ms"": 0, ""1ms"": 60000, ""2ms"": 60000, ""5ms"": 9843}, ""method"": ""P"", ""p50_ms"": 3.11785, ""p95_ms"": 6.449709999999999, ""p999_ms"": 7.071101899999994, ""p99_ms"": 6.7155, ""pde"": ""burgers"", ""requests"": 60000, ""seed"": 23}",f46114814f3f0b59dc27659336c73d9b8ade9d87c0cb62b30022aad879d584f4,Independent raw reaggregation / source inspection as specified,Three sequential sessions; 60000 replay requests. p99.9 descriptive; no scheduled/extended-tail claim.
LAT_SEED_16,burgers/P/seed=37 latency and deadline counts,VERIFIED,evidence/latency_analysis_v3.json,controller_groups[16],"{""deadline_miss_rate_5ms"": 0.12706666666666666, ""deadline_misses"": {""10ms"": 0, ""1ms"": 60000, ""2ms"": 60000, ""5ms"": 7624}, ""method"": ""P"", ""p50_ms"": 3.1191, ""p95_ms"": 6.4407049999999995, ""p999_ms"": 7.163907699999974, ""p99_ms"": 6.731011000000002, ""pde"": ""burgers"", ""requests"": 60000, ""seed"": 37}",f46114814f3f0b59dc27659336c73d9b8ade9d87c0cb62b30022aad879d584f4,Independent raw reaggregation / source inspection as specified,Three sequential sessions; 60000 replay requests. p99.9 descriptive; no scheduled/extended-tail claim.
LAT_SEED_17,burgers/P-no-rank/seed=11 latency and deadline counts,VERIFIED,evidence/latency_analysis_v3.json,controller_groups[17],"{""deadline_miss_rate_5ms"": 0.15933333333333333, ""deadline_misses"": {""10ms"": 0, ""1ms"": 60000, ""2ms"": 60000, ""5ms"": 9560}, ""method"": ""P-no-rank"", ""p50_ms"": 3.1206, ""p95_ms"": 6.453205, ""p999_ms"": 7.085802599999991, ""p99_ms"": 6.735408000000002, ""pde"": ""burgers"", ""requests"": 60000, ""seed"": 11}",f46114814f3f0b59dc27659336c73d9b8ade9d87c0cb62b30022aad879d584f4,Independent raw reaggregation / source inspection as specified,Three sequential sessions; 60000 replay requests. p99.9 descriptive; no scheduled/extended-tail claim.
LAT_SEED_18,burgers/P-no-rank/seed=23 latency and deadline counts,VERIFIED,evidence/latency_analysis_v3.json,controller_groups[18],"{""deadline_miss_rate_5ms"": 0.12673333333333334, ""deadline_misses"": {""10ms"": 0, ""1ms"": 60000, ""2ms"": 60000, ""5ms"": 7604}, ""method"": ""P-no-rank"", ""p50_ms"": 3.1091, ""p95_ms"": 6.383909999999998, ""p999_ms"": 7.057501799999994, ""p99_ms"": 6.678902, ""pde"": ""burgers"", ""requests"": 60000, ""seed"": 23}",f46114814f3f0b59dc27659336c73d9b8ade9d87c0cb62b30022aad879d584f4,Independent raw reaggregation / source inspection as specified,Three sequential sessions; 60000 replay requests. p99.9 descriptive; no scheduled/extended-tail claim.
LAT_SEED_19,burgers/P-no-rank/seed=37 latency and deadline counts,VERIFIED,evidence/latency_analysis_v3.json,controller_groups[19],"{""deadline_miss_rate_5ms"": 0.1367, ""deadline_misses"": {""10ms"": 0, ""1ms"": 60000, ""2ms"": 60000, ""5ms"": 8202}, ""method"": ""P-no-rank"", ""p50_ms"": 3.1148, ""p95_ms"": 6.4333, ""p999_ms"": 7.079206699999977, ""p99_ms"": 6.710302, ""pde"": ""burgers"", ""requests"": 60000, ""seed"": 37}",f46114814f3f0b59dc27659336c73d9b8ade9d87c0cb62b30022aad879d584f4,Independent raw reaggregation / source inspection as specified,Three sequential sessions; 60000 replay requests. p99.9 descriptive; no scheduled/extended-tail claim.
LAT_SEED_20,heat/B0/seed=None latency and deadline counts,VERIFIED,evidence/latency_analysis_v3.json,controller_groups[20],"{""deadline_miss_rate_5ms"": 0.0, ""deadline_misses"": {""10ms"": 0, ""1ms"": 25, ""2ms"": 0, ""5ms"": 0}, ""method"": ""B0"", ""p50_ms"": 0.5527, ""p95_ms"": 0.6069, ""p999_ms"": 0.8981010999999962, ""p99_ms"": 0.6446, ""pde"": ""heat"", ""requests"": 60000, ""seed"": null}",f46114814f3f0b59dc27659336c73d9b8ade9d87c0cb62b30022aad879d584f4,Independent raw reaggregation / source inspection as specified,Three sequential sessions; 60000 replay requests. p99.9 descriptive; no scheduled/extended-tail claim.
LAT_SEED_21,heat/B1/seed=None latency and deadline counts,VERIFIED,evidence/latency_analysis_v3.json,controller_groups[21],"{""deadline_miss_rate_5ms"": 0.015616666666666666, ""deadline_misses"": {""10ms"": 0, ""1ms"": 58397, ""2ms"": 2758, ""5ms"": 937}, ""method"": ""B1"", ""p50_ms"": 1.696, ""p95_ms"": 1.950609999999999, ""p999_ms"": 6.657100499999998, ""p99_ms"": 5.680636000000008, ""pde"": ""heat"", ""requests"": 60000, ""seed"": null}",f46114814f3f0b59dc27659336c73d9b8ade9d87c0cb62b30022aad879d584f4,Independent raw reaggregation / source inspection as specified,Three sequential sessions; 60000 replay requests. p99.9 descriptive; no scheduled/extended-tail claim.
LAT_SEED_22,heat/B2/seed=11 latency and deadline counts,VERIFIED,evidence/latency_analysis_v3.json,controller_groups[22],"{""deadline_miss_rate_5ms"": 0.0, ""deadline_misses"": {""10ms"": 0, ""1ms"": 60000, ""2ms"": 21131, ""5ms"": 0}, ""method"": ""B2"", ""p50_ms"": 1.9618, ""p95_ms"": 3.6676, ""p999_ms"": 4.162401999999993, ""p99_ms"": 3.86, ""pde"": ""heat"", ""requests"": 60000, ""seed"": 11}",f46114814f3f0b59dc27659336c73d9b8ade9d87c0cb62b30022aad879d584f4,Independent raw reaggregation / source inspection as specified,Three sequential sessions; 60000 replay requests. p99.9 descriptive; no scheduled/extended-tail claim.
LAT_SEED_23,heat/B2/seed=23 latency and deadline counts,VERIFIED,evidence/latency_analysis_v3.json,controller_groups[23],"{""deadline_miss_rate_5ms"": 1.6666666666666667e-05, ""deadline_misses"": {""10ms"": 0, ""1ms"": 60000, ""2ms"": 19735, ""5ms"": 1}, ""method"": ""B2"", ""p50_ms"": 1.96, ""p95_ms"": 3.6782049999999993, ""p999_ms"": 4.136500799999997, ""p99_ms"": 3.8780030000000005, ""pde"": ""heat"", ""requests"": 60000, ""seed"": 23}",f46114814f3f0b59dc27659336c73d9b8ade9d87c0cb62b30022aad879d584f4,Independent raw reaggregation / source inspection as specified,Three sequential sessions; 60000 replay requests. p99.9 descriptive; no scheduled/extended-tail claim.
LAT_SEED_24,heat/B2/seed=37 latency and deadline counts,VERIFIED,evidence/latency_analysis_v3.json,controller_groups[24],"{""deadline_miss_rate_5ms"": 0.0, ""deadline_misses"": {""10ms"": 0, ""1ms"": 60000, ""2ms"": 21899, ""5ms"": 0}, ""method"": ""B2"", ""p50_ms"": 1.9683, ""p95_ms"": 3.693104999999999, ""p999_ms"": 4.174602499999991, ""p99_ms"": 3.9157020000000005, ""pde"": ""heat"", ""requests"": 60000, ""seed"": 37}",f46114814f3f0b59dc27659336c73d9b8ade9d87c0cb62b30022aad879d584f4,Independent raw reaggregation / source inspection as specified,Three sequential sessions; 60000 replay requests. p99.9 descriptive; no scheduled/extended-tail claim.
LAT_SEED_25,heat/B3/seed=11 latency and deadline counts,VERIFIED,evidence/latency_analysis_v3.json,controller_groups[25],"{""deadline_miss_rate_5ms"": 0.0075, ""deadline_misses"": {""10ms"": 4, ""1ms"": 60000, ""2ms"": 25056, ""5ms"": 450}, ""method"": ""B3"", ""p50_ms"": 1.9774, ""p95_ms"": 3.7705049999999996, ""p999_ms"": 8.205500999999996, ""p99_ms"": 4.218925000000005, ""pde"": ""heat"", ""requests"": 60000, ""seed"": 11}",f46114814f3f0b59dc27659336c73d9b8ade9d87c0cb62b30022aad879d584f4,Independent raw reaggregation / source inspection as specified,Three sequential sessions; 60000 replay requests. p99.9 descriptive; no scheduled/extended-tail claim.
LAT_SEED_26,heat/B3/seed=23 latency and deadline counts,VERIFIED,evidence/latency_analysis_v3.json,controller_groups[26],"{""deadline_miss_rate_5ms"": 0.007533333333333334, ""deadline_misses"": {""10ms"": 0, ""1ms"": 60000, ""2ms"": 23007, ""5ms"": 452}, ""method"": ""B3"", ""p50_ms"": 1.971, ""p95_ms"": 3.6741, ""p999_ms"": 6.688309399999968, ""p99_ms"": 4.120005000000001, ""pde"": ""heat"", ""requests"": 60000, ""seed"": 23}",f46114814f3f0b59dc27659336c73d9b8ade9d87c0cb62b30022aad879d584f4,Independent raw reaggregation / source inspection as specified,Three sequential sessions; 60000 replay requests. p99.9 descriptive; no scheduled/extended-tail claim.
LAT_SEED_27,heat/B3/seed=37 latency and deadline counts,VERIFIED,evidence/latency_analysis_v3.json,controller_groups[27],"{""deadline_miss_rate_5ms"": 3.3333333333333335e-05, ""deadline_misses"": {""10ms"": 0, ""1ms"": 60000, ""2ms"": 22619, ""5ms"": 2}, ""method"": ""B3"", ""p50_ms"": 1.9719, ""p95_ms"": 3.6717, ""p999_ms"": 4.104601999999993, ""p99_ms"": 3.862204000000001, ""pde"": ""heat"", ""requests"": 60000, ""seed"": 37}",f46114814f3f0b59dc27659336c73d9b8ade9d87c0cb62b30022aad879d584f4,Independent raw reaggregation / source inspection as specified,Three sequential sessions; 60000 replay requests. p99.9 descriptive; no scheduled/extended-tail claim.
LAT_SEED_28,heat/B4/seed=11 latency and deadline counts,VERIFIED,evidence/latency_analysis_v3.json,controller_groups[28],"{""deadline_miss_rate_5ms"": 0.21958333333333332, ""deadline_misses"": {""10ms"": 1651, ""1ms"": 60000, ""2ms"": 60000, ""5ms"": 13175}, ""method"": ""B4"", ""p50_ms"": 4.8132, ""p95_ms"": 9.847814999999999, ""p999_ms"": 10.748501699999995, ""p99_ms"": 10.262903000000001, ""pde"": ""heat"", ""requests"": 60000, ""seed"": 11}",f46114814f3f0b59dc27659336c73d9b8ade9d87c0cb62b30022aad879d584f4,Independent raw reaggregation / source inspection as specified,Three sequential sessions; 60000 replay requests. p99.9 descriptive; no scheduled/extended-tail claim.
LAT_SEED_29,heat/B4/seed=23 latency and deadline counts,VERIFIED,evidence/latency_analysis_v3.json,controller_groups[29],"{""deadline_miss_rate_5ms"": 0.21556666666666666, ""deadline_misses"": {""10ms"": 1258, ""1ms"": 60000, ""2ms"": 60000, ""5ms"": 12934}, ""method"": ""B4"", ""p50_ms"": 4.80275, ""p95_ms"": 9.809305, ""p999_ms"": 10.657703299999989, ""p99_ms"": 10.174104, ""pde"": ""heat"", ""requests"": 60000, ""seed"": 23}",f46114814f3f0b59dc27659336c73d9b8ade9d87c0cb62b30022aad879d584f4,Independent raw reaggregation / source inspection as specified,Three sequential sessions; 60000 replay requests. p99.9 descriptive; no scheduled/extended-tail claim.
LAT_SEED_30,heat/B4/seed=37 latency and deadline counts,VERIFIED,evidence/latency_analysis_v3.json,controller_groups[30],"{""deadline_miss_rate_5ms"": 0.21148333333333333, ""deadline_misses"": {""10ms"": 1414, ""1ms"": 60000, ""2ms"": 60000, ""5ms"": 12689}, ""method"": ""B4"", ""p50_ms"": 4.8069, ""p95_ms"": 9.8059, ""p999_ms"": 10.690002199999991, ""p99_ms"": 10.194102, ""pde"": ""heat"", ""requests"": 60000, ""seed"": 37}",f46114814f3f0b59dc27659336c73d9b8ade9d87c0cb62b30022aad879d584f4,Independent raw reaggregation / source inspection as specified,Three sequential sessions; 60000 replay requests. p99.9 descriptive; no scheduled/extended-tail claim.
LAT_SEED_31,heat/B5/seed=11 latency and deadline counts,VERIFIED,evidence/latency_analysis_v3.json,controller_groups[31],"{""deadline_miss_rate_5ms"": 0.20173333333333332, ""deadline_misses"": {""10ms"": 1041, ""1ms"": 60000, ""2ms"": 60000, ""5ms"": 12104}, ""method"": ""B5"", ""p50_ms"": 4.7626, ""p95_ms"": 9.739805, ""p999_ms"": 10.689504199999986, ""p99_ms"": 10.131308, ""pde"": ""heat"", ""requests"": 60000, ""seed"": 11}",f46114814f3f0b59dc27659336c73d9b8ade9d87c0cb62b30022aad879d584f4,Independent raw reaggregation / source inspection as specified,Three sequential sessions; 60000 replay requests. p99.9 descriptive; no scheduled/extended-tail claim.
LAT_SEED_32,heat/B5/seed=23 latency and deadline counts,VERIFIED,evidence/latency_analysis_v3.json,controller_groups[32],"{""deadline_miss_rate_5ms"": 0.18108333333333335, ""deadline_misses"": {""10ms"": 1106, ""1ms"": 60000, ""2ms"": 60000, ""5ms"": 10865}, ""method"": ""B5"", ""p50_ms"": 4.755, ""p95_ms"": 9.734905, ""p999_ms"": 10.681401999999993, ""p99_ms"": 10.169801000000001, ""pde"": ""heat"", ""requests"": 60000, ""seed"": 23}",f46114814f3f0b59dc27659336c73d9b8ade9d87c0cb62b30022aad879d584f4,Independent raw reaggregation / source inspection as specified,Three sequential sessions; 60000 replay requests. p99.9 descriptive; no scheduled/extended-tail claim.
LAT_SEED_33,heat/B5/seed=37 latency and deadline counts,VERIFIED,evidence/latency_analysis_v3.json,controller_groups[33],"{""deadline_miss_rate_5ms"": 0.20203333333333334, ""deadline_misses"": {""10ms"": 995, ""1ms"": 60000, ""2ms"": 60000, ""5ms"": 12122}, ""method"": ""B5"", ""p50_ms"": 4.7519, ""p95_ms"": 9.74621, ""p999_ms"": 10.634008599999971, ""p99_ms"": 10.128801000000001, ""pde"": ""heat"", ""requests"": 60000, ""seed"": 37}",f46114814f3f0b59dc27659336c73d9b8ade9d87c0cb62b30022aad879d584f4,Independent raw reaggregation / source inspection as specified,Three sequential sessions; 60000 replay requests. p99.9 descriptive; no scheduled/extended-tail claim.
LAT_SEED_34,heat/P/seed=11 latency and deadline counts,VERIFIED,evidence/latency_analysis_v3.json,controller_groups[34],"{""deadline_miss_rate_5ms"": 0.185, ""deadline_misses"": {""10ms"": 968, ""1ms"": 60000, ""2ms"": 60000, ""5ms"": 11100}, ""method"": ""P"", ""p50_ms"": 4.7578, ""p95_ms"": 9.738519999999998, ""p999_ms"": 10.5891001, ""p99_ms"": 10.116005000000001, ""pde"": ""heat"", ""requests"": 60000, ""seed"": 11}",f46114814f3f0b59dc27659336c73d9b8ade9d87c0cb62b30022aad879d584f4,Independent raw reaggregation / source inspection as specified,Three sequential sessions; 60000 replay requests. p99.9 descriptive; no scheduled/extended-tail claim.
LAT_SEED_35,heat/P/seed=23 latency and deadline counts,VERIFIED,evidence/latency_analysis_v3.json,controller_groups[35],"{""deadline_miss_rate_5ms"": 0.19093333333333334, ""deadline_misses"": {""10ms"": 1276, ""1ms"": 60000, ""2ms"": 60000, ""5ms"": 11456}, ""method"": ""P"", ""p50_ms"": 4.7555, ""p95_ms"": 9.7625, ""p999_ms"": 10.722300599999999, ""p99_ms"": 10.203202000000001, ""pde"": ""heat"", ""requests"": 60000, ""seed"": 23}",f46114814f3f0b59dc27659336c73d9b8ade9d87c0cb62b30022aad879d584f4,Independent raw reaggregation / source inspection as specified,Three sequential sessions; 60000 replay requests. p99.9 descriptive; no scheduled/extended-tail claim.
LAT_SEED_36,heat/P/seed=37 latency and deadline counts,VERIFIED,evidence/latency_analysis_v3.json,controller_groups[36],"{""deadline_miss_rate_5ms"": 0.17431666666666668, ""deadline_misses"": {""10ms"": 917, ""1ms"": 60000, ""2ms"": 60000, ""5ms"": 10459}, ""method"": ""P"", ""p50_ms"": 4.7528, ""p95_ms"": 9.725305, ""p999_ms"": 10.61540229999999, ""p99_ms"": 10.0957, ""pde"": ""heat"", ""requests"": 60000, ""seed"": 37}",f46114814f3f0b59dc27659336c73d9b8ade9d87c0cb62b30022aad879d584f4,Independent raw reaggregation / source inspection as specified,Three sequential sessions; 60000 replay requests. p99.9 descriptive; no scheduled/extended-tail claim.
LAT_SEED_37,heat/P-no-rank/seed=11 latency and deadline counts,VERIFIED,evidence/latency_analysis_v3.json,controller_groups[37],"{""deadline_miss_rate_5ms"": 0.18706666666666666, ""deadline_misses"": {""10ms"": 1327, ""1ms"": 60000, ""2ms"": 60000, ""5ms"": 11224}, ""method"": ""P-no-rank"", ""p50_ms"": 4.7603, ""p95_ms"": 9.765705, ""p999_ms"": 10.710409999999966, ""p99_ms"": 10.194501, ""pde"": ""heat"", ""requests"": 60000, ""seed"": 11}",f46114814f3f0b59dc27659336c73d9b8ade9d87c0cb62b30022aad879d584f4,Independent raw reaggregation / source inspection as specified,Three sequential sessions; 60000 replay requests. p99.9 descriptive; no scheduled/extended-tail claim.
LAT_SEED_38,heat/P-no-rank/seed=23 latency and deadline counts,VERIFIED,evidence/latency_analysis_v3.json,controller_groups[38],"{""deadline_miss_rate_5ms"": 0.19011666666666666, ""deadline_misses"": {""10ms"": 1014, ""1ms"": 60000, ""2ms"": 60000, ""5ms"": 11407}, ""method"": ""P-no-rank"", ""p50_ms"": 4.7617, ""p95_ms"": 9.7536, ""p999_ms"": 10.574500899999997, ""p99_ms"": 10.121704000000001, ""pde"": ""heat"", ""requests"": 60000, ""seed"": 23}",f46114814f3f0b59dc27659336c73d9b8ade9d87c0cb62b30022aad879d584f4,Independent raw reaggregation / source inspection as specified,Three sequential sessions; 60000 replay requests. p99.9 descriptive; no scheduled/extended-tail claim.
LAT_SEED_39,heat/P-no-rank/seed=37 latency and deadline counts,VERIFIED,evidence/latency_analysis_v3.json,controller_groups[39],"{""deadline_miss_rate_5ms"": 0.18778333333333333, ""deadline_misses"": {""10ms"": 1102, ""1ms"": 60000, ""2ms"": 60000, ""5ms"": 11267}, ""method"": ""P-no-rank"", ""p50_ms"": 4.7515, ""p95_ms"": 9.7547, ""p999_ms"": 10.652100299999999, ""p99_ms"": 10.151703000000001, ""pde"": ""heat"", ""requests"": 60000, ""seed"": 37}",f46114814f3f0b59dc27659336c73d9b8ade9d87c0cb62b30022aad879d584f4,Independent raw reaggregation / source inspection as specified,Three sequential sessions; 60000 replay requests. p99.9 descriptive; no scheduled/extended-tail claim.
LAT_POOL_00,burgers/B0 pooled descriptive latency,DERIVED_VERIFIED,reports/analysis_20260928/latency_pooled_descriptive.csv,CSV row 2,"{""pde"": ""burgers"", ""method"": ""B0"", ""n_requests"": ""60000"", ""p50_ms"": ""0.5148"", ""p95_ms"": ""0.5577"", ""p99_ms"": ""0.5893010000000003"", ""p999_ms"": ""0.8288002999999989"", ""miss_count_2ms"": ""0"", ""miss_count_5ms"": ""0"", ""miss_rate_5ms"": ""0.0"", ""cuda_stream_p99_ms"": """"}",f4b6cef4f93550ec44faf220b2ff34239c15317bb8bb1f24df1c2e8e6f594ee9,Independent raw reaggregation / source inspection as specified,Quantiles of concatenated raw arrays; different statistic from mean seed-specific H1 ratios.
LAT_POOL_01,burgers/B1 pooled descriptive latency,DERIVED_VERIFIED,reports/analysis_20260928/latency_pooled_descriptive.csv,CSV row 3,"{""pde"": ""burgers"", ""method"": ""B1"", ""n_requests"": ""60000"", ""p50_ms"": ""14.39955"", ""p95_ms"": ""15.199405"", ""p99_ms"": ""15.544308000000001"", ""p999_ms"": ""15.9833"", ""miss_count_2ms"": ""60000"", ""miss_count_5ms"": ""60000"", ""miss_rate_5ms"": ""1.0"", ""cuda_stream_p99_ms"": """"}",f4b6cef4f93550ec44faf220b2ff34239c15317bb8bb1f24df1c2e8e6f594ee9,Independent raw reaggregation / source inspection as specified,Quantiles of concatenated raw arrays; different statistic from mean seed-specific H1 ratios.
LAT_POOL_02,burgers/P pooled descriptive latency,DERIVED_VERIFIED,reports/analysis_20260928/latency_pooled_descriptive.csv,CSV row 4,"{""pde"": ""burgers"", ""method"": ""P"", ""n_requests"": ""180000"", ""p50_ms"": ""3.1147"", ""p95_ms"": ""6.4343"", ""p99_ms"": ""6.714201000000001"", ""p999_ms"": ""7.12820089999999"", ""miss_count_2ms"": ""180000"", ""miss_count_5ms"": ""25607"", ""miss_rate_5ms"": ""0.14226111111111112"", ""cuda_stream_p99_ms"": ""6.6051201820373535""}",f4b6cef4f93550ec44faf220b2ff34239c15317bb8bb1f24df1c2e8e6f594ee9,Independent raw reaggregation / source inspection as specified,Quantiles of concatenated raw arrays; different statistic from mean seed-specific H1 ratios.
LAT_POOL_03,burgers/P-no-rank pooled descriptive latency,DERIVED_VERIFIED,reports/analysis_20260928/latency_pooled_descriptive.csv,CSV row 5,"{""pde"": ""burgers"", ""method"": ""P-no-rank"", ""n_requests"": ""180000"", ""p50_ms"": ""3.1148"", ""p95_ms"": ""6.4278"", ""p99_ms"": ""6.7086"", ""p999_ms"": ""7.077001299999986"", ""miss_count_2ms"": ""180000"", ""miss_count_5ms"": ""25366"", ""miss_rate_5ms"": ""0.14092222222222223"", ""cuda_stream_p99_ms"": ""6.59721772670746""}",f4b6cef4f93550ec44faf220b2ff34239c15317bb8bb1f24df1c2e8e6f594ee9,Independent raw reaggregation / source inspection as specified,Quantiles of concatenated raw arrays; different statistic from mean seed-specific H1 ratios.
LAT_POOL_04,burgers/B4 pooled descriptive latency,DERIVED_VERIFIED,reports/analysis_20260928/latency_pooled_descriptive.csv,CSV row 6,"{""pde"": ""burgers"", ""method"": ""B4"", ""n_requests"": ""180000"", ""p50_ms"": ""3.1595"", ""p95_ms"": ""6.5311"", ""p99_ms"": ""6.809303000000003"", ""p999_ms"": ""7.211200699999992"", ""miss_count_2ms"": ""180000"", ""miss_count_5ms"": ""28236"", ""miss_rate_5ms"": ""0.15686666666666665"", ""cuda_stream_p99_ms"": ""6.69846423625946""}",f4b6cef4f93550ec44faf220b2ff34239c15317bb8bb1f24df1c2e8e6f594ee9,Independent raw reaggregation / source inspection as specified,Quantiles of concatenated raw arrays; different statistic from mean seed-specific H1 ratios.
LAT_POOL_05,burgers/B5 pooled descriptive latency,DERIVED_VERIFIED,reports/analysis_20260928/latency_pooled_descriptive.csv,CSV row 7,"{""pde"": ""burgers"", ""method"": ""B5"", ""n_requests"": ""180000"", ""p50_ms"": ""3.1167"", ""p95_ms"": ""6.4408"", ""p99_ms"": ""6.726501000000001"", ""p999_ms"": ""7.1303002999999965"", ""miss_count_2ms"": ""180000"", ""miss_count_5ms"": ""25928"", ""miss_rate_5ms"": ""0.14404444444444445"", ""cuda_stream_p99_ms"": ""6.615362663269046""}",f4b6cef4f93550ec44faf220b2ff34239c15317bb8bb1f24df1c2e8e6f594ee9,Independent raw reaggregation / source inspection as specified,Quantiles of concatenated raw arrays; different statistic from mean seed-specific H1 ratios.
LAT_POOL_06,burgers/B2 pooled descriptive latency,DERIVED_VERIFIED,reports/analysis_20260928/latency_pooled_descriptive.csv,CSV row 8,"{""pde"": ""burgers"", ""method"": ""B2"", ""n_requests"": ""180000"", ""p50_ms"": ""1.9035"", ""p95_ms"": ""3.567"", ""p99_ms"": ""3.777401000000001"", ""p999_ms"": ""4.012600399999996"", ""miss_count_2ms"": ""34564"", ""miss_count_5ms"": ""0"", ""miss_rate_5ms"": ""0.0"", ""cuda_stream_p99_ms"": ""3.6638723230361943""}",f4b6cef4f93550ec44faf220b2ff34239c15317bb8bb1f24df1c2e8e6f594ee9,Independent raw reaggregation / source inspection as specified,Quantiles of concatenated raw arrays; different statistic from mean seed-specific H1 ratios.
LAT_POOL_07,burgers/B3 pooled descriptive latency,DERIVED_VERIFIED,reports/analysis_20260928/latency_pooled_descriptive.csv,CSV row 9,"{""pde"": ""burgers"", ""method"": ""B3"", ""n_requests"": ""180000"", ""p50_ms"": ""1.911"", ""p95_ms"": ""3.6221"", ""p99_ms"": ""3.8398"", ""p999_ms"": ""4.533500599999994"", ""miss_count_2ms"": ""42306"", ""miss_count_5ms"": ""75"", ""miss_rate_5ms"": ""0.0004166666666666667"", ""cuda_stream_p99_ms"": ""3.7239042162895206""}",f4b6cef4f93550ec44faf220b2ff34239c15317bb8bb1f24df1c2e8e6f594ee9,Independent raw reaggregation / source inspection as specified,Quantiles of concatenated raw arrays; different statistic from mean seed-specific H1 ratios.
LAT_POOL_08,heat/B0 pooled descriptive latency,DERIVED_VERIFIED,reports/analysis_20260928/latency_pooled_descriptive.csv,CSV row 10,"{""pde"": ""heat"", ""method"": ""B0"", ""n_requests"": ""60000"", ""p50_ms"": ""0.5527"", ""p95_ms"": ""0.6069"", ""p99_ms"": ""0.6446"", ""p999_ms"": ""0.8981010999999962"", ""miss_count_2ms"": ""0"", ""miss_count_5ms"": ""0"", ""miss_rate_5ms"": ""0.0"", ""cuda_stream_p99_ms"": """"}",f4b6cef4f93550ec44faf220b2ff34239c15317bb8bb1f24df1c2e8e6f594ee9,Independent raw reaggregation / source inspection as specified,Quantiles of concatenated raw arrays; different statistic from mean seed-specific H1 ratios.
LAT_POOL_09,heat/B1 pooled descriptive latency,DERIVED_VERIFIED,reports/analysis_20260928/latency_pooled_descriptive.csv,CSV row 11,"{""pde"": ""heat"", ""method"": ""B1"", ""n_requests"": ""60000"", ""p50_ms"": ""1.696"", ""p95_ms"": ""1.950609999999999"", ""p99_ms"": ""5.680636000000008"", ""p999_ms"": ""6.657100499999998"", ""miss_count_2ms"": ""2758"", ""miss_count_5ms"": ""937"", ""miss_rate_5ms"": ""0.015616666666666666"", ""cuda_stream_p99_ms"": """"}",f4b6cef4f93550ec44faf220b2ff34239c15317bb8bb1f24df1c2e8e6f594ee9,Independent raw reaggregation / source inspection as specified,Quantiles of concatenated raw arrays; different statistic from mean seed-specific H1 ratios.
LAT_POOL_10,heat/P pooled descriptive latency,DERIVED_VERIFIED,reports/analysis_20260928/latency_pooled_descriptive.csv,CSV row 12,"{""pde"": ""heat"", ""method"": ""P"", ""n_requests"": ""180000"", ""p50_ms"": ""4.7553"", ""p95_ms"": ""9.7424"", ""p99_ms"": ""10.1408"", ""p999_ms"": ""10.643600199999996"", ""miss_count_2ms"": ""180000"", ""miss_count_5ms"": ""33015"", ""miss_rate_5ms"": ""0.18341666666666667"", ""cuda_stream_p99_ms"": ""10.029248552322388""}",f4b6cef4f93550ec44faf220b2ff34239c15317bb8bb1f24df1c2e8e6f594ee9,Independent raw reaggregation / source inspection as specified,Quantiles of concatenated raw arrays; different statistic from mean seed-specific H1 ratios.
LAT_POOL_11,heat/P-no-rank pooled descriptive latency,DERIVED_VERIFIED,reports/analysis_20260928/latency_pooled_descriptive.csv,CSV row 13,"{""pde"": ""heat"", ""method"": ""P-no-rank"", ""n_requests"": ""180000"", ""p50_ms"": ""4.758"", ""p95_ms"": ""9.7571"", ""p99_ms"": ""10.157602000000002"", ""p999_ms"": ""10.649100499999996"", ""miss_count_2ms"": ""180000"", ""miss_count_5ms"": ""33898"", ""miss_rate_5ms"": ""0.18832222222222222"", ""cuda_stream_p99_ms"": ""10.0448637008667""}",f4b6cef4f93550ec44faf220b2ff34239c15317bb8bb1f24df1c2e8e6f594ee9,Independent raw reaggregation / source inspection as specified,Quantiles of concatenated raw arrays; different statistic from mean seed-specific H1 ratios.
LAT_POOL_12,heat/B4 pooled descriptive latency,DERIVED_VERIFIED,reports/analysis_20260928/latency_pooled_descriptive.csv,CSV row 14,"{""pde"": ""heat"", ""method"": ""B4"", ""n_requests"": ""180000"", ""p50_ms"": ""4.8077"", ""p95_ms"": ""9.8203"", ""p99_ms"": ""10.214302000000002"", ""p999_ms"": ""10.705701499999984"", ""miss_count_2ms"": ""180000"", ""miss_count_5ms"": ""38798"", ""miss_rate_5ms"": ""0.21554444444444446"", ""cuda_stream_p99_ms"": ""10.102913866043092""}",f4b6cef4f93550ec44faf220b2ff34239c15317bb8bb1f24df1c2e8e6f594ee9,Independent raw reaggregation / source inspection as specified,Quantiles of concatenated raw arrays; different statistic from mean seed-specific H1 ratios.
LAT_POOL_13,heat/B5 pooled descriptive latency,DERIVED_VERIFIED,reports/analysis_20260928/latency_pooled_descriptive.csv,CSV row 15,"{""pde"": ""heat"", ""method"": ""B5"", ""n_requests"": ""180000"", ""p50_ms"": ""4.7566"", ""p95_ms"": ""9.7406"", ""p99_ms"": ""10.143701000000002"", ""p999_ms"": ""10.66860279999997"", ""miss_count_2ms"": ""180000"", ""miss_count_5ms"": ""35091"", ""miss_rate_5ms"": ""0.19495"", ""cuda_stream_p99_ms"": ""10.03267225265503""}",f4b6cef4f93550ec44faf220b2ff34239c15317bb8bb1f24df1c2e8e6f594ee9,Independent raw reaggregation / source inspection as specified,Quantiles of concatenated raw arrays; different statistic from mean seed-specific H1 ratios.
LAT_POOL_14,heat/B2 pooled descriptive latency,DERIVED_VERIFIED,reports/analysis_20260928/latency_pooled_descriptive.csv,CSV row 16,"{""pde"": ""heat"", ""method"": ""B2"", ""n_requests"": ""180000"", ""p50_ms"": ""1.9633"", ""p95_ms"": ""3.6794049999999987"", ""p99_ms"": ""3.885901000000001"", ""p999_ms"": ""4.1596"", ""miss_count_2ms"": ""62765"", ""miss_count_5ms"": ""1"", ""miss_rate_5ms"": ""5.555555555555556e-06"", ""cuda_stream_p99_ms"": ""3.769505989551546""}",f4b6cef4f93550ec44faf220b2ff34239c15317bb8bb1f24df1c2e8e6f594ee9,Independent raw reaggregation / source inspection as specified,Quantiles of concatenated raw arrays; different statistic from mean seed-specific H1 ratios.
LAT_POOL_15,heat/B3 pooled descriptive latency,DERIVED_VERIFIED,reports/analysis_20260928/latency_pooled_descriptive.csv,CSV row 17,"{""pde"": ""heat"", ""method"": ""B3"", ""n_requests"": ""180000"", ""p50_ms"": ""1.9733"", ""p95_ms"": ""3.707"", ""p99_ms"": ""3.9941"", ""p999_ms"": ""7.5932008999999905"", ""miss_count_2ms"": ""70682"", ""miss_count_5ms"": ""904"", ""miss_rate_5ms"": ""0.005022222222222222"", ""cuda_stream_p99_ms"": ""3.872256679534913""}",f4b6cef4f93550ec44faf220b2ff34239c15317bb8bb1f24df1c2e8e6f594ee9,Independent raw reaggregation / source inspection as specified,Quantiles of concatenated raw arrays; different statistic from mean seed-specific H1 ratios.
H1_burgers,burgers P/B4 mean seed-specific p99 ratio,MEANINGFUL_TARGET_NOT_MET,evidence/latency_analysis_v3.json,H1_p99_ratio_analysis[0],"{""bootstrap_replicates"": 10000, ""comparison"": ""P/B4 host-ready p99 ratio; <1 favors P"", ""hierarchical_seed_session_bootstrap_ci95"": [0.9786750183037668, 0.9928970228848052], ""interpretation"": ""descriptive with seed/session uncertainty; sessions are not independent environments"", ""learned_seeds"": 3, ""mean_per_seed_ratio"": 0.9859115128190182, ""pde"": ""burgers"", ""per_seed_p99_ratio"": {""11"": 0.9840465606760314, ""23"": 0.9831487815718785, ""37"": 0.9905391962091449}, ""sessions"": 3}",f46114814f3f0b59dc27659336c73d9b8ade9d87c0cb62b30022aad879d584f4,Independent raw reaggregation / source inspection as specified,"Target ratio <=0.75 and upper CI<1; three fitted seeds/three sequential sessions, not independent environments."
H1_heat,heat P/B4 mean seed-specific p99 ratio,MEANINGFUL_TARGET_NOT_MET,evidence/latency_analysis_v3.json,H1_p99_ratio_analysis[1],"{""bootstrap_replicates"": 10000, ""comparison"": ""P/B4 host-ready p99 ratio; <1 favors P"", ""hierarchical_seed_session_bootstrap_ci95"": [0.9849270197970985, 1.0016314919169], ""interpretation"": ""descriptive with seed/session uncertainty; sessions are not independent environments"", ""learned_seeds"": 3, ""mean_per_seed_ratio"": 0.9929645585620724, ""pde"": ""heat"", ""per_seed_p99_ratio"": {""11"": 0.9856865060499939, ""23"": 1.0028600061489445, ""37"": 0.9903471634872792}, ""sessions"": 3}",f46114814f3f0b59dc27659336c73d9b8ade9d87c0cb62b30022aad879d584f4,Independent raw reaggregation / source inspection as specified,"Target ratio <=0.75 and upper CI<1; three fitted seeds/three sequential sessions, not independent environments."
CAL_00,burgers/B1/seed=None passive forecast margin,DIAGNOSTIC_ONLY,evidence/calibration_lock_v3.json,groups[0],"{""action_selection_uses_margin"": false, ""calibration_query_sha256"": ""7e022f72ad6be8738ac63f944f2e2b358698a6517c4b570e776ffafda4536c2e"", ""checkpoint_sha256"": null, ""endpoint"": ""per-parent maximum absolute selected-action forecast error across 8 snapshots and 128 forecast grid"", ""finite_sample_order_index_zero_based"": 61, ""margin"": 0.06451894420098386, ""method"": ""B1"", ""parent_count"": 64, ""pde"": ""burgers"", ""query_count"": 512, ""seed"": null}",b8afd86d16cc1ed8cbaf31505673af942ec4446aedd44766dc8b4dd5f77e6d13,Independent raw reaggregation / source inspection as specified,"Margin not used for action selection; no OOD, conditional harm, trajectory or uniform safety guarantee."
CAL_01,burgers/P/seed=11 passive forecast margin,DIAGNOSTIC_ONLY,evidence/calibration_lock_v3.json,groups[1],"{""action_selection_uses_margin"": false, ""calibration_query_sha256"": ""7e022f72ad6be8738ac63f944f2e2b358698a6517c4b570e776ffafda4536c2e"", ""checkpoint_sha256"": ""7b222060d53a024baef3515715a5877d67ebf369748cc1ac16d4be1002457a0c"", ""endpoint"": ""per-parent maximum absolute selected-action forecast error across 8 snapshots and 128 forecast grid"", ""finite_sample_order_index_zero_based"": 61, ""margin"": 0.050406314432621, ""method"": ""P"", ""parent_count"": 64, ""pde"": ""burgers"", ""query_count"": 512, ""seed"": 11}",b8afd86d16cc1ed8cbaf31505673af942ec4446aedd44766dc8b4dd5f77e6d13,Independent raw reaggregation / source inspection as specified,"Margin not used for action selection; no OOD, conditional harm, trajectory or uniform safety guarantee."
CAL_02,burgers/P/seed=23 passive forecast margin,DIAGNOSTIC_ONLY,evidence/calibration_lock_v3.json,groups[2],"{""action_selection_uses_margin"": false, ""calibration_query_sha256"": ""7e022f72ad6be8738ac63f944f2e2b358698a6517c4b570e776ffafda4536c2e"", ""checkpoint_sha256"": ""5e4edea83527e6d459825ec1bd578d224c78a4541204db72e3c530022aac91eb"", ""endpoint"": ""per-parent maximum absolute selected-action forecast error across 8 snapshots and 128 forecast grid"", ""finite_sample_order_index_zero_based"": 61, ""margin"": 0.048977240920066833, ""method"": ""P"", ""parent_count"": 64, ""pde"": ""burgers"", ""query_count"": 512, ""seed"": 23}",b8afd86d16cc1ed8cbaf31505673af942ec4446aedd44766dc8b4dd5f77e6d13,Independent raw reaggregation / source inspection as specified,"Margin not used for action selection; no OOD, conditional harm, trajectory or uniform safety guarantee."
CAL_03,burgers/P/seed=37 passive forecast margin,DIAGNOSTIC_ONLY,evidence/calibration_lock_v3.json,groups[3],"{""action_selection_uses_margin"": false, ""calibration_query_sha256"": ""7e022f72ad6be8738ac63f944f2e2b358698a6517c4b570e776ffafda4536c2e"", ""checkpoint_sha256"": ""dcc4d82ec51e115c5c36049255f4862298374916ecc26da616f3574ab18d8fbb"", ""endpoint"": ""per-parent maximum absolute selected-action forecast error across 8 snapshots and 128 forecast grid"", ""finite_sample_order_index_zero_based"": 61, ""margin"": 0.05133502185344696, ""method"": ""P"", ""parent_count"": 64, ""pde"": ""burgers"", ""query_count"": 512, ""seed"": 37}",b8afd86d16cc1ed8cbaf31505673af942ec4446aedd44766dc8b4dd5f77e6d13,Independent raw reaggregation / source inspection as specified,"Margin not used for action selection; no OOD, conditional harm, trajectory or uniform safety guarantee."
CAL_04,burgers/P-no-rank/seed=11 passive forecast margin,DIAGNOSTIC_ONLY,evidence/calibration_lock_v3.json,groups[4],"{""action_selection_uses_margin"": false, ""calibration_query_sha256"": ""7e022f72ad6be8738ac63f944f2e2b358698a6517c4b570e776ffafda4536c2e"", ""checkpoint_sha256"": ""4eba43f50ab6acb6d2abd1160e271819cc67991799d04255300eb9be8d08cce5"", ""endpoint"": ""per-parent maximum absolute selected-action forecast error across 8 snapshots and 128 forecast grid"", ""finite_sample_order_index_zero_based"": 61, ""margin"": 0.051116615533828735, ""method"": ""P-no-rank"", ""parent_count"": 64, ""pde"": ""burgers"", ""query_count"": 512, ""seed"": 11}",b8afd86d16cc1ed8cbaf31505673af942ec4446aedd44766dc8b4dd5f77e6d13,Independent raw reaggregation / source inspection as specified,"Margin not used for action selection; no OOD, conditional harm, trajectory or uniform safety guarantee."
CAL_05,burgers/P-no-rank/seed=23 passive forecast margin,DIAGNOSTIC_ONLY,evidence/calibration_lock_v3.json,groups[5],"{""action_selection_uses_margin"": false, ""calibration_query_sha256"": ""7e022f72ad6be8738ac63f944f2e2b358698a6517c4b570e776ffafda4536c2e"", ""checkpoint_sha256"": ""f490a11ad0ad6992a3f1b2bf1f3f5f46d2eb1c9a80600c4efb9329a96fe023e7"", ""endpoint"": ""per-parent maximum absolute selected-action forecast error across 8 snapshots and 128 forecast grid"", ""finite_sample_order_index_zero_based"": 61, ""margin"": 0.048815906047821045, ""method"": ""P-no-rank"", ""parent_count"": 64, ""pde"": ""burgers"", ""query_count"": 512, ""seed"": 23}",b8afd86d16cc1ed8cbaf31505673af942ec4446aedd44766dc8b4dd5f77e6d13,Independent raw reaggregation / source inspection as specified,"Margin not used for action selection; no OOD, conditional harm, trajectory or uniform safety guarantee."
CAL_06,burgers/P-no-rank/seed=37 passive forecast margin,DIAGNOSTIC_ONLY,evidence/calibration_lock_v3.json,groups[6],"{""action_selection_uses_margin"": false, ""calibration_query_sha256"": ""7e022f72ad6be8738ac63f944f2e2b358698a6517c4b570e776ffafda4536c2e"", ""checkpoint_sha256"": ""9510f08b2f6fea87adf02ca75186bdd46c3ccd7b98d8c771cb8ceded4708aebe"", ""endpoint"": ""per-parent maximum absolute selected-action forecast error across 8 snapshots and 128 forecast grid"", ""finite_sample_order_index_zero_based"": 61, ""margin"": 0.05164257436990738, ""method"": ""P-no-rank"", ""parent_count"": 64, ""pde"": ""burgers"", ""query_count"": 512, ""seed"": 37}",b8afd86d16cc1ed8cbaf31505673af942ec4446aedd44766dc8b4dd5f77e6d13,Independent raw reaggregation / source inspection as specified,"Margin not used for action selection; no OOD, conditional harm, trajectory or uniform safety guarantee."
CAL_07,burgers/B4/seed=11 passive forecast margin,DIAGNOSTIC_ONLY,evidence/calibration_lock_v3.json,groups[7],"{""action_selection_uses_margin"": false, ""calibration_query_sha256"": ""7e022f72ad6be8738ac63f944f2e2b358698a6517c4b570e776ffafda4536c2e"", ""checkpoint_sha256"": ""ae65b087136663f66500d58fccad3cb7e7437ea5559c62675ebf39a334f0e20b"", ""endpoint"": ""per-parent maximum absolute selected-action forecast error across 8 snapshots and 128 forecast grid"", ""finite_sample_order_index_zero_based"": 61, ""margin"": 0.04871681332588196, ""method"": ""B4"", ""parent_count"": 64, ""pde"": ""burgers"", ""query_count"": 512, ""seed"": 11}",b8afd86d16cc1ed8cbaf31505673af942ec4446aedd44766dc8b4dd5f77e6d13,Independent raw reaggregation / source inspection as specified,"Margin not used for action selection; no OOD, conditional harm, trajectory or uniform safety guarantee."
CAL_08,burgers/B4/seed=23 passive forecast margin,DIAGNOSTIC_ONLY,evidence/calibration_lock_v3.json,groups[8],"{""action_selection_uses_margin"": false, ""calibration_query_sha256"": ""7e022f72ad6be8738ac63f944f2e2b358698a6517c4b570e776ffafda4536c2e"", ""checkpoint_sha256"": ""c196d8bb83988455c23d19855448c9f0dab59f59b34c4d9de9c8340f9e5e77e5"", ""endpoint"": ""per-parent maximum absolute selected-action forecast error across 8 snapshots and 128 forecast grid"", ""finite_sample_order_index_zero_based"": 61, ""margin"": 0.050292402505874634, ""method"": ""B4"", ""parent_count"": 64, ""pde"": ""burgers"", ""query_count"": 512, ""seed"": 23}",b8afd86d16cc1ed8cbaf31505673af942ec4446aedd44766dc8b4dd5f77e6d13,Independent raw reaggregation / source inspection as specified,"Margin not used for action selection; no OOD, conditional harm, trajectory or uniform safety guarantee."
CAL_09,burgers/B4/seed=37 passive forecast margin,DIAGNOSTIC_ONLY,evidence/calibration_lock_v3.json,groups[9],"{""action_selection_uses_margin"": false, ""calibration_query_sha256"": ""7e022f72ad6be8738ac63f944f2e2b358698a6517c4b570e776ffafda4536c2e"", ""checkpoint_sha256"": ""7fb44fbefacd2f214fde3e47449f752aa7439faa62edde03372c9caf2f2fa972"", ""endpoint"": ""per-parent maximum absolute selected-action forecast error across 8 snapshots and 128 forecast grid"", ""finite_sample_order_index_zero_based"": 61, ""margin"": 0.05209594964981079, ""method"": ""B4"", ""parent_count"": 64, ""pde"": ""burgers"", ""query_count"": 512, ""seed"": 37}",b8afd86d16cc1ed8cbaf31505673af942ec4446aedd44766dc8b4dd5f77e6d13,Independent raw reaggregation / source inspection as specified,"Margin not used for action selection; no OOD, conditional harm, trajectory or uniform safety guarantee."
CAL_10,burgers/B5/seed=11 passive forecast margin,DIAGNOSTIC_ONLY,evidence/calibration_lock_v3.json,groups[10],"{""action_selection_uses_margin"": false, ""calibration_query_sha256"": ""7e022f72ad6be8738ac63f944f2e2b358698a6517c4b570e776ffafda4536c2e"", ""checkpoint_sha256"": ""06ccfa4271a1aecef18288189df09be9cfcc52621810a6ee71c74b382aedc513"", ""endpoint"": ""per-parent maximum absolute selected-action forecast error across 8 snapshots and 128 forecast grid"", ""finite_sample_order_index_zero_based"": 61, ""margin"": 0.050406262278556824, ""method"": ""B5"", ""parent_count"": 64, ""pde"": ""burgers"", ""query_count"": 512, ""seed"": 11}",b8afd86d16cc1ed8cbaf31505673af942ec4446aedd44766dc8b4dd5f77e6d13,Independent raw reaggregation / source inspection as specified,"Margin not used for action selection; no OOD, conditional harm, trajectory or uniform safety guarantee."
CAL_11,burgers/B5/seed=23 passive forecast margin,DIAGNOSTIC_ONLY,evidence/calibration_lock_v3.json,groups[11],"{""action_selection_uses_margin"": false, ""calibration_query_sha256"": ""7e022f72ad6be8738ac63f944f2e2b358698a6517c4b570e776ffafda4536c2e"", ""checkpoint_sha256"": ""2f0e42319365b1351a924b6651dd5d083cdc12933e997ca12e05f30c5bfc5177"", ""endpoint"": ""per-parent maximum absolute selected-action forecast error across 8 snapshots and 128 forecast grid"", ""finite_sample_order_index_zero_based"": 61, ""margin"": 0.04897727072238922, ""method"": ""B5"", ""parent_count"": 64, ""pde"": ""burgers"", ""query_count"": 512, ""seed"": 23}",b8afd86d16cc1ed8cbaf31505673af942ec4446aedd44766dc8b4dd5f77e6d13,Independent raw reaggregation / source inspection as specified,"Margin not used for action selection; no OOD, conditional harm, trajectory or uniform safety guarantee."
CAL_12,burgers/B5/seed=37 passive forecast margin,DIAGNOSTIC_ONLY,evidence/calibration_lock_v3.json,groups[12],"{""action_selection_uses_margin"": false, ""calibration_query_sha256"": ""7e022f72ad6be8738ac63f944f2e2b358698a6517c4b570e776ffafda4536c2e"", ""checkpoint_sha256"": ""34b54b37f1aa4fa6249ce5038cc24d7e4b87e253f4af9bf5d74a118efae067e6"", ""endpoint"": ""per-parent maximum absolute selected-action forecast error across 8 snapshots and 128 forecast grid"", ""finite_sample_order_index_zero_based"": 61, ""margin"": 0.05133514106273651, ""method"": ""B5"", ""parent_count"": 64, ""pde"": ""burgers"", ""query_count"": 512, ""seed"": 37}",b8afd86d16cc1ed8cbaf31505673af942ec4446aedd44766dc8b4dd5f77e6d13,Independent raw reaggregation / source inspection as specified,"Margin not used for action selection; no OOD, conditional harm, trajectory or uniform safety guarantee."
CAL_13,heat/B1/seed=None passive forecast margin,DIAGNOSTIC_ONLY,evidence/calibration_lock_v3.json,groups[13],"{""action_selection_uses_margin"": false, ""calibration_query_sha256"": ""343cb46a426925e3713019966519f56935b28444b4a38f8ae60e55c68bdc5e37"", ""checkpoint_sha256"": null, ""endpoint"": ""per-parent maximum absolute selected-action forecast error across 8 snapshots and 128 forecast grid"", ""finite_sample_order_index_zero_based"": 61, ""margin"": 0.033023480451228604, ""method"": ""B1"", ""parent_count"": 64, ""pde"": ""heat"", ""query_count"": 512, ""seed"": null}",b8afd86d16cc1ed8cbaf31505673af942ec4446aedd44766dc8b4dd5f77e6d13,Independent raw reaggregation / source inspection as specified,"Margin not used for action selection; no OOD, conditional harm, trajectory or uniform safety guarantee."
CAL_14,heat/P/seed=11 passive forecast margin,DIAGNOSTIC_ONLY,evidence/calibration_lock_v3.json,groups[14],"{""action_selection_uses_margin"": false, ""calibration_query_sha256"": ""343cb46a426925e3713019966519f56935b28444b4a38f8ae60e55c68bdc5e37"", ""checkpoint_sha256"": ""335cd17c3fe439ab3d5987e117524559307f7447e41d9d3cdf2f7921630b26c4"", ""endpoint"": ""per-parent maximum absolute selected-action forecast error across 8 snapshots and 128 forecast grid"", ""finite_sample_order_index_zero_based"": 61, ""margin"": 0.06247645244002342, ""method"": ""P"", ""parent_count"": 64, ""pde"": ""heat"", ""query_count"": 512, ""seed"": 11}",b8afd86d16cc1ed8cbaf31505673af942ec4446aedd44766dc8b4dd5f77e6d13,Independent raw reaggregation / source inspection as specified,"Margin not used for action selection; no OOD, conditional harm, trajectory or uniform safety guarantee."
CAL_15,heat/P/seed=23 passive forecast margin,DIAGNOSTIC_ONLY,evidence/calibration_lock_v3.json,groups[15],"{""action_selection_uses_margin"": false, ""calibration_query_sha256"": ""343cb46a426925e3713019966519f56935b28444b4a38f8ae60e55c68bdc5e37"", ""checkpoint_sha256"": ""556334358dbfbe5233045bb2bafc85f77d500712640b0cd2d21d0526feabd2e4"", ""endpoint"": ""per-parent maximum absolute selected-action forecast error across 8 snapshots and 128 forecast grid"", ""finite_sample_order_index_zero_based"": 61, ""margin"": 0.06437025964260101, ""method"": ""P"", ""parent_count"": 64, ""pde"": ""heat"", ""query_count"": 512, ""seed"": 23}",b8afd86d16cc1ed8cbaf31505673af942ec4446aedd44766dc8b4dd5f77e6d13,Independent raw reaggregation / source inspection as specified,"Margin not used for action selection; no OOD, conditional harm, trajectory or uniform safety guarantee."
CAL_16,heat/P/seed=37 passive forecast margin,DIAGNOSTIC_ONLY,evidence/calibration_lock_v3.json,groups[16],"{""action_selection_uses_margin"": false, ""calibration_query_sha256"": ""343cb46a426925e3713019966519f56935b28444b4a38f8ae60e55c68bdc5e37"", ""checkpoint_sha256"": ""71d5a71cdd21cc57006e5d405b0824b0073aaff363ca17ea0eff36861b52d9a3"", ""endpoint"": ""per-parent maximum absolute selected-action forecast error across 8 snapshots and 128 forecast grid"", ""finite_sample_order_index_zero_based"": 61, ""margin"": 0.07334952801465988, ""method"": ""P"", ""parent_count"": 64, ""pde"": ""heat"", ""query_count"": 512, ""seed"": 37}",b8afd86d16cc1ed8cbaf31505673af942ec4446aedd44766dc8b4dd5f77e6d13,Independent raw reaggregation / source inspection as specified,"Margin not used for action selection; no OOD, conditional harm, trajectory or uniform safety guarantee."
CAL_17,heat/P-no-rank/seed=11 passive forecast margin,DIAGNOSTIC_ONLY,evidence/calibration_lock_v3.json,groups[17],"{""action_selection_uses_margin"": false, ""calibration_query_sha256"": ""343cb46a426925e3713019966519f56935b28444b4a38f8ae60e55c68bdc5e37"", ""checkpoint_sha256"": ""40a77757d674a8da22ce0f9b93ff209a02e72ef5a8eab44ecc4f3d1af6b8a5f2"", ""endpoint"": ""per-parent maximum absolute selected-action forecast error across 8 snapshots and 128 forecast grid"", ""finite_sample_order_index_zero_based"": 61, ""margin"": 0.054735489189624786, ""method"": ""P-no-rank"", ""parent_count"": 64, ""pde"": ""heat"", ""query_count"": 512, ""seed"": 11}",b8afd86d16cc1ed8cbaf31505673af942ec4446aedd44766dc8b4dd5f77e6d13,Independent raw reaggregation / source inspection as specified,"Margin not used for action selection; no OOD, conditional harm, trajectory or uniform safety guarantee."
CAL_18,heat/P-no-rank/seed=23 passive forecast margin,DIAGNOSTIC_ONLY,evidence/calibration_lock_v3.json,groups[18],"{""action_selection_uses_margin"": false, ""calibration_query_sha256"": ""343cb46a426925e3713019966519f56935b28444b4a38f8ae60e55c68bdc5e37"", ""checkpoint_sha256"": ""ed6b34289ebd66e3ee8887fd71615994c0b95d14c75fd4ea50ff602efd0ee6b8"", ""endpoint"": ""per-parent maximum absolute selected-action forecast error across 8 snapshots and 128 forecast grid"", ""finite_sample_order_index_zero_based"": 61, ""margin"": 0.06053319200873375, ""method"": ""P-no-rank"", ""parent_count"": 64, ""pde"": ""heat"", ""query_count"": 512, ""seed"": 23}",b8afd86d16cc1ed8cbaf31505673af942ec4446aedd44766dc8b4dd5f77e6d13,Independent raw reaggregation / source inspection as specified,"Margin not used for action selection; no OOD, conditional harm, trajectory or uniform safety guarantee."
CAL_19,heat/P-no-rank/seed=37 passive forecast margin,DIAGNOSTIC_ONLY,evidence/calibration_lock_v3.json,groups[19],"{""action_selection_uses_margin"": false, ""calibration_query_sha256"": ""343cb46a426925e3713019966519f56935b28444b4a38f8ae60e55c68bdc5e37"", ""checkpoint_sha256"": ""b20cdc845ec62a0d3eff517650e92aeeb0d549e4a7619037be03e14b3041a4d8"", ""endpoint"": ""per-parent maximum absolute selected-action forecast error across 8 snapshots and 128 forecast grid"", ""finite_sample_order_index_zero_based"": 61, ""margin"": 0.07155771553516388, ""method"": ""P-no-rank"", ""parent_count"": 64, ""pde"": ""heat"", ""query_count"": 512, ""seed"": 37}",b8afd86d16cc1ed8cbaf31505673af942ec4446aedd44766dc8b4dd5f77e6d13,Independent raw reaggregation / source inspection as specified,"Margin not used for action selection; no OOD, conditional harm, trajectory or uniform safety guarantee."
CAL_20,heat/B4/seed=11 passive forecast margin,DIAGNOSTIC_ONLY,evidence/calibration_lock_v3.json,groups[20],"{""action_selection_uses_margin"": false, ""calibration_query_sha256"": ""343cb46a426925e3713019966519f56935b28444b4a38f8ae60e55c68bdc5e37"", ""checkpoint_sha256"": ""93f5ce1932228c1785a8aa5aabb95d01d7a78ab6ead34c287622ccf0c74adc02"", ""endpoint"": ""per-parent maximum absolute selected-action forecast error across 8 snapshots and 128 forecast grid"", ""finite_sample_order_index_zero_based"": 61, ""margin"": 0.06366609036922455, ""method"": ""B4"", ""parent_count"": 64, ""pde"": ""heat"", ""query_count"": 512, ""seed"": 11}",b8afd86d16cc1ed8cbaf31505673af942ec4446aedd44766dc8b4dd5f77e6d13,Independent raw reaggregation / source inspection as specified,"Margin not used for action selection; no OOD, conditional harm, trajectory or uniform safety guarantee."
CAL_21,heat/B4/seed=23 passive forecast margin,DIAGNOSTIC_ONLY,evidence/calibration_lock_v3.json,groups[21],"{""action_selection_uses_margin"": false, ""calibration_query_sha256"": ""343cb46a426925e3713019966519f56935b28444b4a38f8ae60e55c68bdc5e37"", ""checkpoint_sha256"": ""c5b7fa56b4b2d2b13b846ea52499ffd972e9c8028c6529771f082cab2bd74dc2"", ""endpoint"": ""per-parent maximum absolute selected-action forecast error across 8 snapshots and 128 forecast grid"", ""finite_sample_order_index_zero_based"": 61, ""margin"": 0.0649634450674057, ""method"": ""B4"", ""parent_count"": 64, ""pde"": ""heat"", ""query_count"": 512, ""seed"": 23}",b8afd86d16cc1ed8cbaf31505673af942ec4446aedd44766dc8b4dd5f77e6d13,Independent raw reaggregation / source inspection as specified,"Margin not used for action selection; no OOD, conditional harm, trajectory or uniform safety guarantee."
CAL_22,heat/B4/seed=37 passive forecast margin,DIAGNOSTIC_ONLY,evidence/calibration_lock_v3.json,groups[22],"{""action_selection_uses_margin"": false, ""calibration_query_sha256"": ""343cb46a426925e3713019966519f56935b28444b4a38f8ae60e55c68bdc5e37"", ""checkpoint_sha256"": ""af01e898f027ba06271def0d3c1790b252e5912a43b4ead62678976b2839672d"", ""endpoint"": ""per-parent maximum absolute selected-action forecast error across 8 snapshots and 128 forecast grid"", ""finite_sample_order_index_zero_based"": 61, ""margin"": 0.06574909389019012, ""method"": ""B4"", ""parent_count"": 64, ""pde"": ""heat"", ""query_count"": 512, ""seed"": 37}",b8afd86d16cc1ed8cbaf31505673af942ec4446aedd44766dc8b4dd5f77e6d13,Independent raw reaggregation / source inspection as specified,"Margin not used for action selection; no OOD, conditional harm, trajectory or uniform safety guarantee."
CAL_23,heat/B5/seed=11 passive forecast margin,DIAGNOSTIC_ONLY,evidence/calibration_lock_v3.json,groups[23],"{""action_selection_uses_margin"": false, ""calibration_query_sha256"": ""343cb46a426925e3713019966519f56935b28444b4a38f8ae60e55c68bdc5e37"", ""checkpoint_sha256"": ""f499e54b081a7018e2759f7824b2060fa381a54f99577cf307f8d97fc6e2e115"", ""endpoint"": ""per-parent maximum absolute selected-action forecast error across 8 snapshots and 128 forecast grid"", ""finite_sample_order_index_zero_based"": 61, ""margin"": 0.06247832998633385, ""method"": ""B5"", ""parent_count"": 64, ""pde"": ""heat"", ""query_count"": 512, ""seed"": 11}",b8afd86d16cc1ed8cbaf31505673af942ec4446aedd44766dc8b4dd5f77e6d13,Independent raw reaggregation / source inspection as specified,"Margin not used for action selection; no OOD, conditional harm, trajectory or uniform safety guarantee."
CAL_24,heat/B5/seed=23 passive forecast margin,DIAGNOSTIC_ONLY,evidence/calibration_lock_v3.json,groups[24],"{""action_selection_uses_margin"": false, ""calibration_query_sha256"": ""343cb46a426925e3713019966519f56935b28444b4a38f8ae60e55c68bdc5e37"", ""checkpoint_sha256"": ""d057b493b2a97edc52baac2fdcd2127232e86d869c6d828504fc41e06136e8b7"", ""endpoint"": ""per-parent maximum absolute selected-action forecast error across 8 snapshots and 128 forecast grid"", ""finite_sample_order_index_zero_based"": 61, ""margin"": 0.06437203288078308, ""method"": ""B5"", ""parent_count"": 64, ""pde"": ""heat"", ""query_count"": 512, ""seed"": 23}",b8afd86d16cc1ed8cbaf31505673af942ec4446aedd44766dc8b4dd5f77e6d13,Independent raw reaggregation / source inspection as specified,"Margin not used for action selection; no OOD, conditional harm, trajectory or uniform safety guarantee."
CAL_25,heat/B5/seed=37 passive forecast margin,DIAGNOSTIC_ONLY,evidence/calibration_lock_v3.json,groups[25],"{""action_selection_uses_margin"": false, ""calibration_query_sha256"": ""343cb46a426925e3713019966519f56935b28444b4a38f8ae60e55c68bdc5e37"", ""checkpoint_sha256"": ""997a821745e74444c1fe0da854a3fdc3423b5d68dc0d5c003d60b143404fa4a4"", ""endpoint"": ""per-parent maximum absolute selected-action forecast error across 8 snapshots and 128 forecast grid"", ""finite_sample_order_index_zero_based"": 61, ""margin"": 0.07334953546524048, ""method"": ""B5"", ""parent_count"": 64, ""pde"": ""heat"", ""query_count"": 512, ""seed"": 37}",b8afd86d16cc1ed8cbaf31505673af942ec4446aedd44766dc8b4dd5f77e6d13,Independent raw reaggregation / source inspection as specified,"Margin not used for action selection; no OOD, conditional harm, trajectory or uniform safety guarantee."
RISK_UNAVAILABLE,Conditional harm cannot be estimated without a frozen acceptance/correction gate.,NOT_ESTIMABLE,src/pdno/evaluation/closed_loop.py,policy_action;run_episode,"{""acceptance_gate"": false, ""conditional_harm"": null}",cab74f4e7e9274da57127fa2a24ad53f17213e4a3e8937008a27f00e69f70e9f,Independent raw reaggregation / source inspection as specified,Absence is not zero risk; Darcy finite-family certificates do not apply.
HEAT_FIRST_STEP,All recorded heat any-time events are lower-bound events already at first advanced step.,POST_FREEZE_DIAGNOSTIC,reports/analysis_20260928/heat_constraint_diagnostic.csv,all 60 rows,"{""nominal"": {""first"": 351, ""n"": 384, ""initial_negative"": 356}, ""coefficient_ood"": {""first"": 114, ""n"": 128, ""initial_negative"": 115}, ""delay_dropout"": {""first"": 115, ""n"": 128, ""initial_negative"": 115}, ""upper_events"": 0, ""late_new_events"": 0}",b0e83a4c25577d0fda5a5b6e34ad1b360160e4e8609d5100922d5db659341912,Independent raw reaggregation / source inspection as specified,Registered endpoint/rates remain unchanged. Does not prove inevitability under every feasible control.
P_B5_ACTIONS,Burgers P/B5 saved action histories identical; heat differs in four parent-seed histories.,POST_FREEZE_DIAGNOSTIC,reports/analysis_20260928/P_B5_matched_actions.csv,all 18 rows,"{""burgers_equal_parent_seed_histories"": 1920, ""burgers_total"": 1920, ""heat_equal"": 1916, ""heat_total"": 1920}",38dc9792543abf10cbe3d40d996d6c75fa4b42587e64c2036202dbca7355c16f,Independent raw reaggregation / source inspection as specified,"These are matched parent-seed comparisons, not independent parent counts."
CUDA_LABELS,Original post-freeze CUDA p99 labels contain p99.9.,CORRECTED_DERIVED_SUMMARY,reports/cuda_diagnostic_correction.json,finding;rows,"{""host_labels"": 16, ""stream_labels"": 12, ""ratios_and_deltas_correct"": true}",80d47a35ca4124a994e7f62db196d88410e39bdff4426d6f527095f0ea4899a7,Independent raw reaggregation / source inspection as specified,Original preserved; registered latency analysis unaffected; new file is not a new benchmark.
CUDA_CORRECTION,Origin-task corrected CUDA assessment matches independent raw quantiles.,VERIFIED,evidence/cuda_runtime_assessment_v3_corrected.json,groups;correction,"{""sha256"": ""f3b5d28f8e02b18143a8f508e9c5001ed4a93a8ef273d5a1cd979154bf214a6d""}",f3b5d28f8e02b18143a8f508e9c5001ed4a93a8ef273d5a1cd979154bf214a6d,Independent raw reaggregation / source inspection as specified,Event-span/wall ratio does not establish GPU compute occupancy.
NUMERICS,Forced 200-tick numerical fixtures pass recorded thresholds.,RECORDED_PRETEST_EVIDENCE,evidence/deployed_solver_audit_v3.json,burgers;heat,"{""protocol"": ""v3 forced deployed-grid 200 tick audit; thresholds frozen in v3_preregistration.yaml before run"", ""test_opened"": false, ""burgers"": {""grid"": 256, ""outer_ticks"": 200, ""outer_dt"": 0.02, ""nu"": 0.02, ""relative_l2_dt_0.00025_vs_0.000125"": 8.472578674639081e-09, ""mean_error_vs_initial_plus_integrated_mean_source"": 4.461708780212348e-15, ""threshold_relative_l2"": 0.01, ""threshold_mean_error"": 1e-10, ""finite"": true}, ""heat"": {""grid"": 256, ""outer_ticks"": 200, ""outer_dt"": 0.02, ""kappa"": 0.01, ""decay"": 0.3, ""relative_l2_dt_0.02_vs_0.01"": 1.379054638218142e-06, ""max_abs_no_source_minus_forced"": 0.5826736030828423, ""positive_forcing_increases_mean"": true, ""threshold_relative_l2"": 0.05, ""finite"": true}, ""passed"": true}",4d2118e17c1c385a482a68282b80c2a8d1c3c8045690d84f6f6716020cd440b7,Independent raw reaggregation / source inspection as specified,"Not rerun in final analysis; limited fixtures, not all-parent continuum accuracy guarantee."
RUNTIME,This final task actually ran gpt-6-astra xhigh.,LOCAL_RUNTIME_VERIFIED,reports/RUNTIME_METADATA.json,actual_model;actual_reasoning_effort;started_at_utc,"{""task_id"": ""01a0e439-093f-7601-8a7d-6e8929a7ced4"", ""actual_model"": ""gpt-6-astra"", ""actual_reasoning_effort"": ""xhigh"", ""started_at_utc"": ""2026-09-27T18:55:39.789Z"", ""metadata_source"": ""C:\\Users\\WIN\\.codex\\sessions\\2026\\09\\28\\rollout-2026-09-28T03-55-38-01a0e439-093f-7601-8a7d-6e8929a7ced4.jsonl"", ""metadata_record_sha256"": ""7d9962c001da75fc44ce4b5923d35d623fc0ed6147534f86b4d76443aacf981b"", ""metadata_type"": ""turn_context"", ""analysis_only"": true, ""prior_execution_model"": ""UNKNOWN; no retroactive attribution"", ""task_environment"": ""local Codex desktop, PowerShell, v3 isolated existing venv"", ""new_gpu_training_inference_solver_benchmark_executions"": 0, ""independent_reaggregation_wall_seconds"": 54.79565589997219, ""packages"": {""numpy"": ""2.4.6"", ""scipy"": ""1.17.1"", ""torch"": ""2.12.0+cu130"", ""pytest"": ""9.1.1""}, ""python"": ""3.11.9 (tags/v3.11.9:de54cf5, Apr  2 2024, 10:12:12) [MSC v.1938 64 bit (AMD64)]""}",9825e711e0d625bdaa5b3e7d2438dc6e6b75a2d7a4b09066406ee4732f9d0438,Independent raw reaggregation / source inspection as specified,"Applies only to this analysis/drafting task, not earlier experiments."
H3_NORMALIZATION,Executed normalization differs from original parent-wise floored work-order definition.,CONFIRMED_SCOPE_LIMIT,scripts/aggregate_locked_test_v3.py,cost_ratio expression,"{""implemented"": ""(Jmethod_parent - Jcomparator_parent) / mean(Jcomparator_parent)"", ""source_instruction"": ""section 14.1, parent-wise max(Jcomparator,epsilon_train)""}",2043b07b5a0dd31276d9a1900c526ddcb4bb71f59d943ea3c706ac8b88845024,Independent raw reaggregation / source inspection as specified,No silent redefinition or retuned threshold; original exact estimand not certified.
SELECTION_CONFLICT,"Actual v3 checkpoint choice uses training validation summary, not closed-loop YAML eligibility.",CONFIRMED_SCOPE_LIMIT,scripts/freeze_checkpoint_manifest_v3.py,selection_source;selected_update,"{""actual"": ""per-model train/validation best checkpoint summary"", ""conflicting_config"": ""config/checkpoint_selection_v3.yaml""}",a62d02e28bc3f2071e6926297db890236f066fbfe3a5c979e3e4da830ccceaee,Independent raw reaggregation / source inspection as specified,Final spec score rule described; unexecuted procedure not claimed.
TIMING_LIMIT,Serialized ready-snapshot endpoint excludes scheduled response and event construction.,CONFIRMED_SCOPE_LIMIT,scripts/benchmark_host_e2e_v3.py,main request loop;REQUESTS_PER_SESSION;WARMUP;_propose_and_project,"{""batch"": 1, ""sessions"": 3, ""requests_per_row"": 20000, ""warmup"": 50, ""scheduled_release"": false, ""truth_solver"": false}",0db3169647c1249dda2b2ce5ea732ecf57696e3a24fd5bf1c58a46caf0698246,Independent raw reaggregation / source inspection as specified,No latency-trace-driven control or hard real-time guarantee.
OBSERVATION_LIMIT,B0/B1 use less temporal information than learned policies from common causal object.,DISCLOSED_COMPARATOR_LIMIT,evidence/pretraining_spec_freeze_v3.json,feature_use_limitation,"""B0/B1 share the same raw causal observation object but explicitly use fewer temporal features than learned controllers; disclose in analysis""",278bf5704cfe3efd06b9bcd2c611b59aa77c8212f230ee61c50fb594b252c584,Independent raw reaggregation / source inspection as specified,Equal raw availability does not imply equal feature utilization.
