source,role,pde,method_seed,candidate,requests,frequency_lower,frequency_upper,ambiguous_fraction,sampling
original_recorded_snapshot_action_equivalence,locked_coefficient_ood,burgers,B4_s11,0,2560,0.0,0.0,0.0,"ticks 0,10,...,190 (20 of 200); indices unavailable in original raw; duplicate projected actions create bounds"
original_recorded_snapshot_action_equivalence,locked_coefficient_ood,burgers,B4_s11,1,2560,0.0,0.0,0.0,"ticks 0,10,...,190 (20 of 200); indices unavailable in original raw; duplicate projected actions create bounds"
original_recorded_snapshot_action_equivalence,locked_coefficient_ood,burgers,B4_s11,2,2560,0.0,0.0,0.0,"ticks 0,10,...,190 (20 of 200); indices unavailable in original raw; duplicate projected actions create bounds"
original_recorded_snapshot_action_equivalence,locked_coefficient_ood,burgers,B4_s11,3,2560,0.0,0.0,0.0,"ticks 0,10,...,190 (20 of 200); indices unavailable in original raw; duplicate projected actions create bounds"
original_recorded_snapshot_action_equivalence,locked_coefficient_ood,burgers,B4_s11,4,2560,0.978515625,0.978515625,0.0,"ticks 0,10,...,190 (20 of 200); indices unavailable in original raw; duplicate projected actions create bounds"
original_recorded_snapshot_action_equivalence,locked_coefficient_ood,burgers,B4_s11,5,2560,0.0,0.0,0.0,"ticks 0,10,...,190 (20 of 200); indices unavailable in original raw; duplicate projected actions create bounds"
original_recorded_snapshot_action_equivalence,locked_coefficient_ood,burgers,B4_s11,6,2560,0.0,0.0,0.0,"ticks 0,10,...,190 (20 of 200); indices unavailable in original raw; duplicate projected actions create bounds"
original_recorded_snapshot_action_equivalence,locked_coefficient_ood,burgers,B4_s11,7,2560,0.0,0.0,0.0,"ticks 0,10,...,190 (20 of 200); indices unavailable in original raw; duplicate projected actions create bounds"
original_recorded_snapshot_action_equivalence,locked_coefficient_ood,burgers,B4_s11,8,2560,0.0,0.0,0.0,"ticks 0,10,...,190 (20 of 200); indices unavailable in original raw; duplicate projected actions create bounds"
original_recorded_snapshot_action_equivalence,locked_coefficient_ood,burgers,B4_s11,9,2560,0.021484375,0.021484375,0.0,"ticks 0,10,...,190 (20 of 200); indices unavailable in original raw; duplicate projected actions create bounds"
original_recorded_snapshot_action_equivalence,locked_coefficient_ood,burgers,B4_s23,0,2560,0.0,0.0,0.0,"ticks 0,10,...,190 (20 of 200); indices unavailable in original raw; duplicate projected actions create bounds"
original_recorded_snapshot_action_equivalence,locked_coefficient_ood,burgers,B4_s23,1,2560,0.0,0.0,0.0,"ticks 0,10,...,190 (20 of 200); indices unavailable in original raw; duplicate projected actions create bounds"
original_recorded_snapshot_action_equivalence,locked_coefficient_ood,burgers,B4_s23,2,2560,0.0,0.0,0.0,"ticks 0,10,...,190 (20 of 200); indices unavailable in original raw; duplicate projected actions create bounds"
original_recorded_snapshot_action_equivalence,locked_coefficient_ood,burgers,B4_s23,3,2560,0.0,0.0,0.0,"ticks 0,10,...,190 (20 of 200); indices unavailable in original raw; duplicate projected actions create bounds"
original_recorded_snapshot_action_equivalence,locked_coefficient_ood,burgers,B4_s23,4,2560,0.978125,0.978125,0.0,"ticks 0,10,...,190 (20 of 200); indices unavailable in original raw; duplicate projected actions create bounds"
original_recorded_snapshot_action_equivalence,locked_coefficient_ood,burgers,B4_s23,5,2560,0.0,0.0,0.0,"ticks 0,10,...,190 (20 of 200); indices unavailable in original raw; duplicate projected actions create bounds"
original_recorded_snapshot_action_equivalence,locked_coefficient_ood,burgers,B4_s23,6,2560,0.0,0.0,0.0,"ticks 0,10,...,190 (20 of 200); indices unavailable in original raw; duplicate projected actions create bounds"
original_recorded_snapshot_action_equivalence,locked_coefficient_ood,burgers,B4_s23,7,2560,0.0,0.0,0.0,"ticks 0,10,...,190 (20 of 200); indices unavailable in original raw; duplicate projected actions create bounds"
original_recorded_snapshot_action_equivalence,locked_coefficient_ood,burgers,B4_s23,8,2560,0.0,0.0,0.0,"ticks 0,10,...,190 (20 of 200); indices unavailable in original raw; duplicate projected actions create bounds"
original_recorded_snapshot_action_equivalence,locked_coefficient_ood,burgers,B4_s23,9,2560,0.021875,0.021875,0.0,"ticks 0,10,...,190 (20 of 200); indices unavailable in original raw; duplicate projected actions create bounds"
original_recorded_snapshot_action_equivalence,locked_coefficient_ood,burgers,B4_s37,0,2560,0.0,0.0,0.0,"ticks 0,10,...,190 (20 of 200); indices unavailable in original raw; duplicate projected actions create bounds"
original_recorded_snapshot_action_equivalence,locked_coefficient_ood,burgers,B4_s37,1,2560,0.0,0.0,0.0,"ticks 0,10,...,190 (20 of 200); indices unavailable in original raw; duplicate projected actions create bounds"
original_recorded_snapshot_action_equivalence,locked_coefficient_ood,burgers,B4_s37,2,2560,0.0,0.0,0.0,"ticks 0,10,...,190 (20 of 200); indices unavailable in original raw; duplicate projected actions create bounds"
original_recorded_snapshot_action_equivalence,locked_coefficient_ood,burgers,B4_s37,3,2560,0.0,0.0,0.0,"ticks 0,10,...,190 (20 of 200); indices unavailable in original raw; duplicate projected actions create bounds"
original_recorded_snapshot_action_equivalence,locked_coefficient_ood,burgers,B4_s37,4,2560,0.982421875,0.982421875,0.0,"ticks 0,10,...,190 (20 of 200); indices unavailable in original raw; duplicate projected actions create bounds"
original_recorded_snapshot_action_equivalence,locked_coefficient_ood,burgers,B4_s37,5,2560,0.0,0.0,0.0,"ticks 0,10,...,190 (20 of 200); indices unavailable in original raw; duplicate projected actions create bounds"
original_recorded_snapshot_action_equivalence,locked_coefficient_ood,burgers,B4_s37,6,2560,0.0,0.0,0.0,"ticks 0,10,...,190 (20 of 200); indices unavailable in original raw; duplicate projected actions create bounds"
original_recorded_snapshot_action_equivalence,locked_coefficient_ood,burgers,B4_s37,7,2560,0.000390625,0.000390625,0.0,"ticks 0,10,...,190 (20 of 200); indices unavailable in original raw; duplicate projected actions create bounds"
original_recorded_snapshot_action_equivalence,locked_coefficient_ood,burgers,B4_s37,8,2560,0.0,0.0,0.0,"ticks 0,10,...,190 (20 of 200); indices unavailable in original raw; duplicate projected actions create bounds"
original_recorded_snapshot_action_equivalence,locked_coefficient_ood,burgers,B4_s37,9,2560,0.0171875,0.0171875,0.0,"ticks 0,10,...,190 (20 of 200); indices unavailable in original raw; duplicate projected actions create bounds"
original_recorded_snapshot_action_equivalence,locked_coefficient_ood,burgers,B5_s11,0,2560,0.0,0.0,0.0,"ticks 0,10,...,190 (20 of 200); indices unavailable in original raw; duplicate projected actions create bounds"
original_recorded_snapshot_action_equivalence,locked_coefficient_ood,burgers,B5_s11,1,2560,0.000390625,0.000390625,0.0,"ticks 0,10,...,190 (20 of 200); indices unavailable in original raw; duplicate projected actions create bounds"
original_recorded_snapshot_action_equivalence,locked_coefficient_ood,burgers,B5_s11,2,2560,0.0,0.0,0.0,"ticks 0,10,...,190 (20 of 200); indices unavailable in original raw; duplicate projected actions create bounds"
original_recorded_snapshot_action_equivalence,locked_coefficient_ood,burgers,B5_s11,3,2560,0.0,0.0,0.0,"ticks 0,10,...,190 (20 of 200); indices unavailable in original raw; duplicate projected actions create bounds"
original_recorded_snapshot_action_equivalence,locked_coefficient_ood,burgers,B5_s11,4,2560,0.97578125,0.97578125,0.0,"ticks 0,10,...,190 (20 of 200); indices unavailable in original raw; duplicate projected actions create bounds"
original_recorded_snapshot_action_equivalence,locked_coefficient_ood,burgers,B5_s11,5,2560,0.0,0.0,0.0,"ticks 0,10,...,190 (20 of 200); indices unavailable in original raw; duplicate projected actions create bounds"
original_recorded_snapshot_action_equivalence,locked_coefficient_ood,burgers,B5_s11,6,2560,0.0,0.0,0.0,"ticks 0,10,...,190 (20 of 200); indices unavailable in original raw; duplicate projected actions create bounds"
original_recorded_snapshot_action_equivalence,locked_coefficient_ood,burgers,B5_s11,7,2560,0.0,0.0,0.0,"ticks 0,10,...,190 (20 of 200); indices unavailable in original raw; duplicate projected actions create bounds"
original_recorded_snapshot_action_equivalence,locked_coefficient_ood,burgers,B5_s11,8,2560,0.0,0.0,0.0,"ticks 0,10,...,190 (20 of 200); indices unavailable in original raw; duplicate projected actions create bounds"
original_recorded_snapshot_action_equivalence,locked_coefficient_ood,burgers,B5_s11,9,2560,0.023828125,0.023828125,0.0,"ticks 0,10,...,190 (20 of 200); indices unavailable in original raw; duplicate projected actions create bounds"
original_recorded_snapshot_action_equivalence,locked_coefficient_ood,burgers,B5_s23,0,2560,0.0,0.0,0.0,"ticks 0,10,...,190 (20 of 200); indices unavailable in original raw; duplicate projected actions create bounds"
original_recorded_snapshot_action_equivalence,locked_coefficient_ood,burgers,B5_s23,1,2560,0.0,0.0,0.0,"ticks 0,10,...,190 (20 of 200); indices unavailable in original raw; duplicate projected actions create bounds"
original_recorded_snapshot_action_equivalence,locked_coefficient_ood,burgers,B5_s23,2,2560,0.0,0.0,0.0,"ticks 0,10,...,190 (20 of 200); indices unavailable in original raw; duplicate projected actions create bounds"
original_recorded_snapshot_action_equivalence,locked_coefficient_ood,burgers,B5_s23,3,2560,0.0,0.0,0.0,"ticks 0,10,...,190 (20 of 200); indices unavailable in original raw; duplicate projected actions create bounds"
original_recorded_snapshot_action_equivalence,locked_coefficient_ood,burgers,B5_s23,4,2560,0.976953125,0.976953125,0.0,"ticks 0,10,...,190 (20 of 200); indices unavailable in original raw; duplicate projected actions create bounds"
original_recorded_snapshot_action_equivalence,locked_coefficient_ood,burgers,B5_s23,5,2560,0.0,0.0,0.0,"ticks 0,10,...,190 (20 of 200); indices unavailable in original raw; duplicate projected actions create bounds"
original_recorded_snapshot_action_equivalence,locked_coefficient_ood,burgers,B5_s23,6,2560,0.0,0.0,0.0,"ticks 0,10,...,190 (20 of 200); indices unavailable in original raw; duplicate projected actions create bounds"
original_recorded_snapshot_action_equivalence,locked_coefficient_ood,burgers,B5_s23,7,2560,0.0,0.0,0.0,"ticks 0,10,...,190 (20 of 200); indices unavailable in original raw; duplicate projected actions create bounds"
original_recorded_snapshot_action_equivalence,locked_coefficient_ood,burgers,B5_s23,8,2560,0.0,0.0,0.0,"ticks 0,10,...,190 (20 of 200); indices unavailable in original raw; duplicate projected actions create bounds"
original_recorded_snapshot_action_equivalence,locked_coefficient_ood,burgers,B5_s23,9,2560,0.023046875,0.023046875,0.0,"ticks 0,10,...,190 (20 of 200); indices unavailable in original raw; duplicate projected actions create bounds"
original_recorded_snapshot_action_equivalence,locked_coefficient_ood,burgers,B5_s37,0,2560,0.0,0.0,0.0,"ticks 0,10,...,190 (20 of 200); indices unavailable in original raw; duplicate projected actions create bounds"
original_recorded_snapshot_action_equivalence,locked_coefficient_ood,burgers,B5_s37,1,2560,0.0,0.0,0.0,"ticks 0,10,...,190 (20 of 200); indices unavailable in original raw; duplicate projected actions create bounds"
original_recorded_snapshot_action_equivalence,locked_coefficient_ood,burgers,B5_s37,2,2560,0.0,0.0,0.0,"ticks 0,10,...,190 (20 of 200); indices unavailable in original raw; duplicate projected actions create bounds"
original_recorded_snapshot_action_equivalence,locked_coefficient_ood,burgers,B5_s37,3,2560,0.0,0.0,0.0,"ticks 0,10,...,190 (20 of 200); indices unavailable in original raw; duplicate projected actions create bounds"
original_recorded_snapshot_action_equivalence,locked_coefficient_ood,burgers,B5_s37,4,2560,0.980859375,0.980859375,0.0,"ticks 0,10,...,190 (20 of 200); indices unavailable in original raw; duplicate projected actions create bounds"
original_recorded_snapshot_action_equivalence,locked_coefficient_ood,burgers,B5_s37,5,2560,0.0,0.0,0.0,"ticks 0,10,...,190 (20 of 200); indices unavailable in original raw; duplicate projected actions create bounds"
original_recorded_snapshot_action_equivalence,locked_coefficient_ood,burgers,B5_s37,6,2560,0.0,0.0,0.0,"ticks 0,10,...,190 (20 of 200); indices unavailable in original raw; duplicate projected actions create bounds"
original_recorded_snapshot_action_equivalence,locked_coefficient_ood,burgers,B5_s37,7,2560,0.0,0.0,0.0,"ticks 0,10,...,190 (20 of 200); indices unavailable in original raw; duplicate projected actions create bounds"
original_recorded_snapshot_action_equivalence,locked_coefficient_ood,burgers,B5_s37,8,2560,0.0,0.0,0.0,"ticks 0,10,...,190 (20 of 200); indices unavailable in original raw; duplicate projected actions create bounds"
original_recorded_snapshot_action_equivalence,locked_coefficient_ood,burgers,B5_s37,9,2560,0.019140625,0.019140625,0.0,"ticks 0,10,...,190 (20 of 200); indices unavailable in original raw; duplicate projected actions create bounds"
original_recorded_snapshot_action_equivalence,locked_coefficient_ood,burgers,P-no-rank_s11,0,2560,0.0,0.0,0.0,"ticks 0,10,...,190 (20 of 200); indices unavailable in original raw; duplicate projected actions create bounds"
original_recorded_snapshot_action_equivalence,locked_coefficient_ood,burgers,P-no-rank_s11,1,2560,0.0,0.0,0.0,"ticks 0,10,...,190 (20 of 200); indices unavailable in original raw; duplicate projected actions create bounds"
original_recorded_snapshot_action_equivalence,locked_coefficient_ood,burgers,P-no-rank_s11,2,2560,0.0,0.0,0.0,"ticks 0,10,...,190 (20 of 200); indices unavailable in original raw; duplicate projected actions create bounds"
original_recorded_snapshot_action_equivalence,locked_coefficient_ood,burgers,P-no-rank_s11,3,2560,0.0,0.0,0.0,"ticks 0,10,...,190 (20 of 200); indices unavailable in original raw; duplicate projected actions create bounds"
original_recorded_snapshot_action_equivalence,locked_coefficient_ood,burgers,P-no-rank_s11,4,2560,0.975390625,0.975390625,0.0,"ticks 0,10,...,190 (20 of 200); indices unavailable in original raw; duplicate projected actions create bounds"
original_recorded_snapshot_action_equivalence,locked_coefficient_ood,burgers,P-no-rank_s11,5,2560,0.0,0.0,0.0,"ticks 0,10,...,190 (20 of 200); indices unavailable in original raw; duplicate projected actions create bounds"
original_recorded_snapshot_action_equivalence,locked_coefficient_ood,burgers,P-no-rank_s11,6,2560,0.0,0.0,0.0,"ticks 0,10,...,190 (20 of 200); indices unavailable in original raw; duplicate projected actions create bounds"
original_recorded_snapshot_action_equivalence,locked_coefficient_ood,burgers,P-no-rank_s11,7,2560,0.0,0.0,0.0,"ticks 0,10,...,190 (20 of 200); indices unavailable in original raw; duplicate projected actions create bounds"
original_recorded_snapshot_action_equivalence,locked_coefficient_ood,burgers,P-no-rank_s11,8,2560,0.0,0.0,0.0,"ticks 0,10,...,190 (20 of 200); indices unavailable in original raw; duplicate projected actions create bounds"
original_recorded_snapshot_action_equivalence,locked_coefficient_ood,burgers,P-no-rank_s11,9,2560,0.024609375,0.024609375,0.0,"ticks 0,10,...,190 (20 of 200); indices unavailable in original raw; duplicate projected actions create bounds"
original_recorded_snapshot_action_equivalence,locked_coefficient_ood,burgers,P-no-rank_s23,0,2560,0.0,0.0,0.0,"ticks 0,10,...,190 (20 of 200); indices unavailable in original raw; duplicate projected actions create bounds"
original_recorded_snapshot_action_equivalence,locked_coefficient_ood,burgers,P-no-rank_s23,1,2560,0.0,0.0,0.0,"ticks 0,10,...,190 (20 of 200); indices unavailable in original raw; duplicate projected actions create bounds"
original_recorded_snapshot_action_equivalence,locked_coefficient_ood,burgers,P-no-rank_s23,2,2560,0.0,0.0,0.0,"ticks 0,10,...,190 (20 of 200); indices unavailable in original raw; duplicate projected actions create bounds"
original_recorded_snapshot_action_equivalence,locked_coefficient_ood,burgers,P-no-rank_s23,3,2560,0.0,0.0,0.0,"ticks 0,10,...,190 (20 of 200); indices unavailable in original raw; duplicate projected actions create bounds"
original_recorded_snapshot_action_equivalence,locked_coefficient_ood,burgers,P-no-rank_s23,4,2560,0.976953125,0.976953125,0.0,"ticks 0,10,...,190 (20 of 200); indices unavailable in original raw; duplicate projected actions create bounds"
original_recorded_snapshot_action_equivalence,locked_coefficient_ood,burgers,P-no-rank_s23,5,2560,0.0,0.0,0.0,"ticks 0,10,...,190 (20 of 200); indices unavailable in original raw; duplicate projected actions create bounds"
original_recorded_snapshot_action_equivalence,locked_coefficient_ood,burgers,P-no-rank_s23,6,2560,0.0,0.0,0.0,"ticks 0,10,...,190 (20 of 200); indices unavailable in original raw; duplicate projected actions create bounds"
original_recorded_snapshot_action_equivalence,locked_coefficient_ood,burgers,P-no-rank_s23,7,2560,0.0,0.0,0.0,"ticks 0,10,...,190 (20 of 200); indices unavailable in original raw; duplicate projected actions create bounds"
original_recorded_snapshot_action_equivalence,locked_coefficient_ood,burgers,P-no-rank_s23,8,2560,0.0,0.0,0.0,"ticks 0,10,...,190 (20 of 200); indices unavailable in original raw; duplicate projected actions create bounds"
original_recorded_snapshot_action_equivalence,locked_coefficient_ood,burgers,P-no-rank_s23,9,2560,0.023046875,0.023046875,0.0,"ticks 0,10,...,190 (20 of 200); indices unavailable in original raw; duplicate projected actions create bounds"
original_recorded_snapshot_action_equivalence,locked_coefficient_ood,burgers,P-no-rank_s37,0,2560,0.0,0.0,0.0,"ticks 0,10,...,190 (20 of 200); indices unavailable in original raw; duplicate projected actions create bounds"
original_recorded_snapshot_action_equivalence,locked_coefficient_ood,burgers,P-no-rank_s37,1,2560,0.0,0.0,0.0,"ticks 0,10,...,190 (20 of 200); indices unavailable in original raw; duplicate projected actions create bounds"
original_recorded_snapshot_action_equivalence,locked_coefficient_ood,burgers,P-no-rank_s37,2,2560,0.0,0.0,0.0,"ticks 0,10,...,190 (20 of 200); indices unavailable in original raw; duplicate projected actions create bounds"
original_recorded_snapshot_action_equivalence,locked_coefficient_ood,burgers,P-no-rank_s37,3,2560,0.0,0.0,0.0,"ticks 0,10,...,190 (20 of 200); indices unavailable in original raw; duplicate projected actions create bounds"
original_recorded_snapshot_action_equivalence,locked_coefficient_ood,burgers,P-no-rank_s37,4,2560,0.97890625,0.97890625,0.0,"ticks 0,10,...,190 (20 of 200); indices unavailable in original raw; duplicate projected actions create bounds"
original_recorded_snapshot_action_equivalence,locked_coefficient_ood,burgers,P-no-rank_s37,5,2560,0.0,0.0,0.0,"ticks 0,10,...,190 (20 of 200); indices unavailable in original raw; duplicate projected actions create bounds"
original_recorded_snapshot_action_equivalence,locked_coefficient_ood,burgers,P-no-rank_s37,6,2560,0.0,0.0,0.0,"ticks 0,10,...,190 (20 of 200); indices unavailable in original raw; duplicate projected actions create bounds"
original_recorded_snapshot_action_equivalence,locked_coefficient_ood,burgers,P-no-rank_s37,7,2560,0.0,0.0,0.0,"ticks 0,10,...,190 (20 of 200); indices unavailable in original raw; duplicate projected actions create bounds"
original_recorded_snapshot_action_equivalence,locked_coefficient_ood,burgers,P-no-rank_s37,8,2560,0.0,0.0,0.0,"ticks 0,10,...,190 (20 of 200); indices unavailable in original raw; duplicate projected actions create bounds"
original_recorded_snapshot_action_equivalence,locked_coefficient_ood,burgers,P-no-rank_s37,9,2560,0.02109375,0.02109375,0.0,"ticks 0,10,...,190 (20 of 200); indices unavailable in original raw; duplicate projected actions create bounds"
original_recorded_snapshot_action_equivalence,locked_coefficient_ood,burgers,P_s11,0,2560,0.0,0.0,0.0,"ticks 0,10,...,190 (20 of 200); indices unavailable in original raw; duplicate projected actions create bounds"
original_recorded_snapshot_action_equivalence,locked_coefficient_ood,burgers,P_s11,1,2560,0.000390625,0.000390625,0.0,"ticks 0,10,...,190 (20 of 200); indices unavailable in original raw; duplicate projected actions create bounds"
original_recorded_snapshot_action_equivalence,locked_coefficient_ood,burgers,P_s11,2,2560,0.0,0.0,0.0,"ticks 0,10,...,190 (20 of 200); indices unavailable in original raw; duplicate projected actions create bounds"
original_recorded_snapshot_action_equivalence,locked_coefficient_ood,burgers,P_s11,3,2560,0.0,0.0,0.0,"ticks 0,10,...,190 (20 of 200); indices unavailable in original raw; duplicate projected actions create bounds"
original_recorded_snapshot_action_equivalence,locked_coefficient_ood,burgers,P_s11,4,2560,0.97578125,0.97578125,0.0,"ticks 0,10,...,190 (20 of 200); indices unavailable in original raw; duplicate projected actions create bounds"
original_recorded_snapshot_action_equivalence,locked_coefficient_ood,burgers,P_s11,5,2560,0.0,0.0,0.0,"ticks 0,10,...,190 (20 of 200); indices unavailable in original raw; duplicate projected actions create bounds"
original_recorded_snapshot_action_equivalence,locked_coefficient_ood,burgers,P_s11,6,2560,0.0,0.0,0.0,"ticks 0,10,...,190 (20 of 200); indices unavailable in original raw; duplicate projected actions create bounds"
original_recorded_snapshot_action_equivalence,locked_coefficient_ood,burgers,P_s11,7,2560,0.0,0.0,0.0,"ticks 0,10,...,190 (20 of 200); indices unavailable in original raw; duplicate projected actions create bounds"
original_recorded_snapshot_action_equivalence,locked_coefficient_ood,burgers,P_s11,8,2560,0.0,0.0,0.0,"ticks 0,10,...,190 (20 of 200); indices unavailable in original raw; duplicate projected actions create bounds"
original_recorded_snapshot_action_equivalence,locked_coefficient_ood,burgers,P_s11,9,2560,0.023828125,0.023828125,0.0,"ticks 0,10,...,190 (20 of 200); indices unavailable in original raw; duplicate projected actions create bounds"
original_recorded_snapshot_action_equivalence,locked_coefficient_ood,burgers,P_s23,0,2560,0.0,0.0,0.0,"ticks 0,10,...,190 (20 of 200); indices unavailable in original raw; duplicate projected actions create bounds"
original_recorded_snapshot_action_equivalence,locked_coefficient_ood,burgers,P_s23,1,2560,0.0,0.0,0.0,"ticks 0,10,...,190 (20 of 200); indices unavailable in original raw; duplicate projected actions create bounds"
original_recorded_snapshot_action_equivalence,locked_coefficient_ood,burgers,P_s23,2,2560,0.0,0.0,0.0,"ticks 0,10,...,190 (20 of 200); indices unavailable in original raw; duplicate projected actions create bounds"
original_recorded_snapshot_action_equivalence,locked_coefficient_ood,burgers,P_s23,3,2560,0.0,0.0,0.0,"ticks 0,10,...,190 (20 of 200); indices unavailable in original raw; duplicate projected actions create bounds"
original_recorded_snapshot_action_equivalence,locked_coefficient_ood,burgers,P_s23,4,2560,0.976953125,0.976953125,0.0,"ticks 0,10,...,190 (20 of 200); indices unavailable in original raw; duplicate projected actions create bounds"
original_recorded_snapshot_action_equivalence,locked_coefficient_ood,burgers,P_s23,5,2560,0.0,0.0,0.0,"ticks 0,10,...,190 (20 of 200); indices unavailable in original raw; duplicate projected actions create bounds"
original_recorded_snapshot_action_equivalence,locked_coefficient_ood,burgers,P_s23,6,2560,0.0,0.0,0.0,"ticks 0,10,...,190 (20 of 200); indices unavailable in original raw; duplicate projected actions create bounds"
original_recorded_snapshot_action_equivalence,locked_coefficient_ood,burgers,P_s23,7,2560,0.0,0.0,0.0,"ticks 0,10,...,190 (20 of 200); indices unavailable in original raw; duplicate projected actions create bounds"
original_recorded_snapshot_action_equivalence,locked_coefficient_ood,burgers,P_s23,8,2560,0.0,0.0,0.0,"ticks 0,10,...,190 (20 of 200); indices unavailable in original raw; duplicate projected actions create bounds"
original_recorded_snapshot_action_equivalence,locked_coefficient_ood,burgers,P_s23,9,2560,0.023046875,0.023046875,0.0,"ticks 0,10,...,190 (20 of 200); indices unavailable in original raw; duplicate projected actions create bounds"
original_recorded_snapshot_action_equivalence,locked_coefficient_ood,burgers,P_s37,0,2560,0.0,0.0,0.0,"ticks 0,10,...,190 (20 of 200); indices unavailable in original raw; duplicate projected actions create bounds"
original_recorded_snapshot_action_equivalence,locked_coefficient_ood,burgers,P_s37,1,2560,0.0,0.0,0.0,"ticks 0,10,...,190 (20 of 200); indices unavailable in original raw; duplicate projected actions create bounds"
original_recorded_snapshot_action_equivalence,locked_coefficient_ood,burgers,P_s37,2,2560,0.0,0.0,0.0,"ticks 0,10,...,190 (20 of 200); indices unavailable in original raw; duplicate projected actions create bounds"
original_recorded_snapshot_action_equivalence,locked_coefficient_ood,burgers,P_s37,3,2560,0.0,0.0,0.0,"ticks 0,10,...,190 (20 of 200); indices unavailable in original raw; duplicate projected actions create bounds"
original_recorded_snapshot_action_equivalence,locked_coefficient_ood,burgers,P_s37,4,2560,0.980859375,0.980859375,0.0,"ticks 0,10,...,190 (20 of 200); indices unavailable in original raw; duplicate projected actions create bounds"
original_recorded_snapshot_action_equivalence,locked_coefficient_ood,burgers,P_s37,5,2560,0.0,0.0,0.0,"ticks 0,10,...,190 (20 of 200); indices unavailable in original raw; duplicate projected actions create bounds"
original_recorded_snapshot_action_equivalence,locked_coefficient_ood,burgers,P_s37,6,2560,0.0,0.0,0.0,"ticks 0,10,...,190 (20 of 200); indices unavailable in original raw; duplicate projected actions create bounds"
original_recorded_snapshot_action_equivalence,locked_coefficient_ood,burgers,P_s37,7,2560,0.0,0.0,0.0,"ticks 0,10,...,190 (20 of 200); indices unavailable in original raw; duplicate projected actions create bounds"
original_recorded_snapshot_action_equivalence,locked_coefficient_ood,burgers,P_s37,8,2560,0.0,0.0,0.0,"ticks 0,10,...,190 (20 of 200); indices unavailable in original raw; duplicate projected actions create bounds"
original_recorded_snapshot_action_equivalence,locked_coefficient_ood,burgers,P_s37,9,2560,0.019140625,0.019140625,0.0,"ticks 0,10,...,190 (20 of 200); indices unavailable in original raw; duplicate projected actions create bounds"
original_recorded_snapshot_action_equivalence,locked_coefficient_ood,heat,B4_s11,0,2560,0.0015625,0.0015625,0.035546875,"ticks 0,10,...,190 (20 of 200); indices unavailable in original raw; duplicate projected actions create bounds"
original_recorded_snapshot_action_equivalence,locked_coefficient_ood,heat,B4_s11,1,2560,0.01171875,0.01171875,0.035546875,"ticks 0,10,...,190 (20 of 200); indices unavailable in original raw; duplicate projected actions create bounds"
original_recorded_snapshot_action_equivalence,locked_coefficient_ood,heat,B4_s11,2,2560,0.0,0.0,0.035546875,"ticks 0,10,...,190 (20 of 200); indices unavailable in original raw; duplicate projected actions create bounds"
original_recorded_snapshot_action_equivalence,locked_coefficient_ood,heat,B4_s11,3,2560,0.014453125,0.014453125,0.035546875,"ticks 0,10,...,190 (20 of 200); indices unavailable in original raw; duplicate projected actions create bounds"
original_recorded_snapshot_action_equivalence,locked_coefficient_ood,heat,B4_s11,4,2560,0.9265625,0.9515625,0.035546875,"ticks 0,10,...,190 (20 of 200); indices unavailable in original raw; duplicate projected actions create bounds"
original_recorded_snapshot_action_equivalence,locked_coefficient_ood,heat,B4_s11,5,2560,0.006640625,0.024609375,0.035546875,"ticks 0,10,...,190 (20 of 200); indices unavailable in original raw; duplicate projected actions create bounds"
original_recorded_snapshot_action_equivalence,locked_coefficient_ood,heat,B4_s11,6,2560,0.0,0.0,0.035546875,"ticks 0,10,...,190 (20 of 200); indices unavailable in original raw; duplicate projected actions create bounds"
original_recorded_snapshot_action_equivalence,locked_coefficient_ood,heat,B4_s11,7,2560,0.002734375,0.01796875,0.035546875,"ticks 0,10,...,190 (20 of 200); indices unavailable in original raw; duplicate projected actions create bounds"
original_recorded_snapshot_action_equivalence,locked_coefficient_ood,heat,B4_s11,8,2560,0.0,0.01875,0.035546875,"ticks 0,10,...,190 (20 of 200); indices unavailable in original raw; duplicate projected actions create bounds"
original_recorded_snapshot_action_equivalence,locked_coefficient_ood,heat,B4_s11,9,2560,0.00078125,0.01953125,0.035546875,"ticks 0,10,...,190 (20 of 200); indices unavailable in original raw; duplicate projected actions create bounds"
original_recorded_snapshot_action_equivalence,locked_coefficient_ood,heat,B4_s23,0,2560,0.00078125,0.00078125,0.034765625,"ticks 0,10,...,190 (20 of 200); indices unavailable in original raw; duplicate projected actions create bounds"
original_recorded_snapshot_action_equivalence,locked_coefficient_ood,heat,B4_s23,1,2560,0.0140625,0.014453125,0.034765625,"ticks 0,10,...,190 (20 of 200); indices unavailable in original raw; duplicate projected actions create bounds"
original_recorded_snapshot_action_equivalence,locked_coefficient_ood,heat,B4_s23,2,2560,0.0,0.000390625,0.034765625,"ticks 0,10,...,190 (20 of 200); indices unavailable in original raw; duplicate projected actions create bounds"
original_recorded_snapshot_action_equivalence,locked_coefficient_ood,heat,B4_s23,3,2560,0.0140625,0.0140625,0.034765625,"ticks 0,10,...,190 (20 of 200); indices unavailable in original raw; duplicate projected actions create bounds"
original_recorded_snapshot_action_equivalence,locked_coefficient_ood,heat,B4_s23,4,2560,0.92734375,0.95,0.034765625,"ticks 0,10,...,190 (20 of 200); indices unavailable in original raw; duplicate projected actions create bounds"
original_recorded_snapshot_action_equivalence,locked_coefficient_ood,heat,B4_s23,5,2560,0.00546875,0.023046875,0.034765625,"ticks 0,10,...,190 (20 of 200); indices unavailable in original raw; duplicate projected actions create bounds"
original_recorded_snapshot_action_equivalence,locked_coefficient_ood,heat,B4_s23,6,2560,0.0,0.0,0.034765625,"ticks 0,10,...,190 (20 of 200); indices unavailable in original raw; duplicate projected actions create bounds"
original_recorded_snapshot_action_equivalence,locked_coefficient_ood,heat,B4_s23,7,2560,0.002734375,0.014453125,0.034765625,"ticks 0,10,...,190 (20 of 200); indices unavailable in original raw; duplicate projected actions create bounds"
original_recorded_snapshot_action_equivalence,locked_coefficient_ood,heat,B4_s23,8,2560,0.0,0.018359375,0.034765625,"ticks 0,10,...,190 (20 of 200); indices unavailable in original raw; duplicate projected actions create bounds"
original_recorded_snapshot_action_equivalence,locked_coefficient_ood,heat,B4_s23,9,2560,0.00078125,0.019140625,0.034765625,"ticks 0,10,...,190 (20 of 200); indices unavailable in original raw; duplicate projected actions create bounds"
original_recorded_snapshot_action_equivalence,locked_coefficient_ood,heat,B4_s37,0,2560,0.00078125,0.00078125,0.044140625,"ticks 0,10,...,190 (20 of 200); indices unavailable in original raw; duplicate projected actions create bounds"
original_recorded_snapshot_action_equivalence,locked_coefficient_ood,heat,B4_s37,1,2560,0.009375,0.009765625,0.044140625,"ticks 0,10,...,190 (20 of 200); indices unavailable in original raw; duplicate projected actions create bounds"
original_recorded_snapshot_action_equivalence,locked_coefficient_ood,heat,B4_s37,2,2560,0.0,0.000390625,0.044140625,"ticks 0,10,...,190 (20 of 200); indices unavailable in original raw; duplicate projected actions create bounds"
original_recorded_snapshot_action_equivalence,locked_coefficient_ood,heat,B4_s37,3,2560,0.01171875,0.0125,0.044140625,"ticks 0,10,...,190 (20 of 200); indices unavailable in original raw; duplicate projected actions create bounds"
original_recorded_snapshot_action_equivalence,locked_coefficient_ood,heat,B4_s37,4,2560,0.925,0.956640625,0.044140625,"ticks 0,10,...,190 (20 of 200); indices unavailable in original raw; duplicate projected actions create bounds"
original_recorded_snapshot_action_equivalence,locked_coefficient_ood,heat,B4_s37,5,2560,0.005859375,0.030078125,0.044140625,"ticks 0,10,...,190 (20 of 200); indices unavailable in original raw; duplicate projected actions create bounds"
original_recorded_snapshot_action_equivalence,locked_coefficient_ood,heat,B4_s37,6,2560,0.0,0.00078125,0.044140625,"ticks 0,10,...,190 (20 of 200); indices unavailable in original raw; duplicate projected actions create bounds"
original_recorded_snapshot_action_equivalence,locked_coefficient_ood,heat,B4_s37,7,2560,0.002734375,0.01953125,0.044140625,"ticks 0,10,...,190 (20 of 200); indices unavailable in original raw; duplicate projected actions create bounds"
original_recorded_snapshot_action_equivalence,locked_coefficient_ood,heat,B4_s37,8,2560,0.0,0.020703125,0.044140625,"ticks 0,10,...,190 (20 of 200); indices unavailable in original raw; duplicate projected actions create bounds"
original_recorded_snapshot_action_equivalence,locked_coefficient_ood,heat,B4_s37,9,2560,0.000390625,0.02109375,0.044140625,"ticks 0,10,...,190 (20 of 200); indices unavailable in original raw; duplicate projected actions create bounds"
original_recorded_snapshot_action_equivalence,locked_coefficient_ood,heat,B5_s11,0,2560,0.00078125,0.00078125,0.046484375,"ticks 0,10,...,190 (20 of 200); indices unavailable in original raw; duplicate projected actions create bounds"
original_recorded_snapshot_action_equivalence,locked_coefficient_ood,heat,B5_s11,1,2560,0.012109375,0.012890625,0.046484375,"ticks 0,10,...,190 (20 of 200); indices unavailable in original raw; duplicate projected actions create bounds"
original_recorded_snapshot_action_equivalence,locked_coefficient_ood,heat,B5_s11,2,2560,0.0,0.00078125,0.046484375,"ticks 0,10,...,190 (20 of 200); indices unavailable in original raw; duplicate projected actions create bounds"
original_recorded_snapshot_action_equivalence,locked_coefficient_ood,heat,B5_s11,3,2560,0.013671875,0.014453125,0.046484375,"ticks 0,10,...,190 (20 of 200); indices unavailable in original raw; duplicate projected actions create bounds"
original_recorded_snapshot_action_equivalence,locked_coefficient_ood,heat,B5_s11,4,2560,0.919140625,0.953515625,0.046484375,"ticks 0,10,...,190 (20 of 200); indices unavailable in original raw; duplicate projected actions create bounds"
original_recorded_snapshot_action_equivalence,locked_coefficient_ood,heat,B5_s11,5,2560,0.0046875,0.028515625,0.046484375,"ticks 0,10,...,190 (20 of 200); indices unavailable in original raw; duplicate projected actions create bounds"
original_recorded_snapshot_action_equivalence,locked_coefficient_ood,heat,B5_s11,6,2560,0.0,0.00078125,0.046484375,"ticks 0,10,...,190 (20 of 200); indices unavailable in original raw; duplicate projected actions create bounds"
original_recorded_snapshot_action_equivalence,locked_coefficient_ood,heat,B5_s11,7,2560,0.00234375,0.025,0.046484375,"ticks 0,10,...,190 (20 of 200); indices unavailable in original raw; duplicate projected actions create bounds"
original_recorded_snapshot_action_equivalence,locked_coefficient_ood,heat,B5_s11,8,2560,0.0,0.022265625,0.046484375,"ticks 0,10,...,190 (20 of 200); indices unavailable in original raw; duplicate projected actions create bounds"
original_recorded_snapshot_action_equivalence,locked_coefficient_ood,heat,B5_s11,9,2560,0.00078125,0.022265625,0.046484375,"ticks 0,10,...,190 (20 of 200); indices unavailable in original raw; duplicate projected actions create bounds"
original_recorded_snapshot_action_equivalence,locked_coefficient_ood,heat,B5_s23,0,2560,0.00078125,0.00078125,0.047265625,"ticks 0,10,...,190 (20 of 200); indices unavailable in original raw; duplicate projected actions create bounds"
original_recorded_snapshot_action_equivalence,locked_coefficient_ood,heat,B5_s23,1,2560,0.01171875,0.0125,0.047265625,"ticks 0,10,...,190 (20 of 200); indices unavailable in original raw; duplicate projected actions create bounds"
original_recorded_snapshot_action_equivalence,locked_coefficient_ood,heat,B5_s23,2,2560,0.0,0.00078125,0.047265625,"ticks 0,10,...,190 (20 of 200); indices unavailable in original raw; duplicate projected actions create bounds"
original_recorded_snapshot_action_equivalence,locked_coefficient_ood,heat,B5_s23,3,2560,0.01171875,0.012890625,0.047265625,"ticks 0,10,...,190 (20 of 200); indices unavailable in original raw; duplicate projected actions create bounds"
original_recorded_snapshot_action_equivalence,locked_coefficient_ood,heat,B5_s23,4,2560,0.91796875,0.951953125,0.047265625,"ticks 0,10,...,190 (20 of 200); indices unavailable in original raw; duplicate projected actions create bounds"
original_recorded_snapshot_action_equivalence,locked_coefficient_ood,heat,B5_s23,5,2560,0.00546875,0.028515625,0.047265625,"ticks 0,10,...,190 (20 of 200); indices unavailable in original raw; duplicate projected actions create bounds"
original_recorded_snapshot_action_equivalence,locked_coefficient_ood,heat,B5_s23,6,2560,0.0,0.001171875,0.047265625,"ticks 0,10,...,190 (20 of 200); indices unavailable in original raw; duplicate projected actions create bounds"
original_recorded_snapshot_action_equivalence,locked_coefficient_ood,heat,B5_s23,7,2560,0.003515625,0.02890625,0.047265625,"ticks 0,10,...,190 (20 of 200); indices unavailable in original raw; duplicate projected actions create bounds"
original_recorded_snapshot_action_equivalence,locked_coefficient_ood,heat,B5_s23,8,2560,0.0,0.025390625,0.047265625,"ticks 0,10,...,190 (20 of 200); indices unavailable in original raw; duplicate projected actions create bounds"
original_recorded_snapshot_action_equivalence,locked_coefficient_ood,heat,B5_s23,9,2560,0.0015625,0.026171875,0.047265625,"ticks 0,10,...,190 (20 of 200); indices unavailable in original raw; duplicate projected actions create bounds"
original_recorded_snapshot_action_equivalence,locked_coefficient_ood,heat,B5_s37,0,2560,0.001171875,0.001171875,0.044140625,"ticks 0,10,...,190 (20 of 200); indices unavailable in original raw; duplicate projected actions create bounds"
original_recorded_snapshot_action_equivalence,locked_coefficient_ood,heat,B5_s37,1,2560,0.0140625,0.01484375,0.044140625,"ticks 0,10,...,190 (20 of 200); indices unavailable in original raw; duplicate projected actions create bounds"
original_recorded_snapshot_action_equivalence,locked_coefficient_ood,heat,B5_s37,2,2560,0.0,0.00078125,0.044140625,"ticks 0,10,...,190 (20 of 200); indices unavailable in original raw; duplicate projected actions create bounds"
original_recorded_snapshot_action_equivalence,locked_coefficient_ood,heat,B5_s37,3,2560,0.012109375,0.0125,0.044140625,"ticks 0,10,...,190 (20 of 200); indices unavailable in original raw; duplicate projected actions create bounds"
original_recorded_snapshot_action_equivalence,locked_coefficient_ood,heat,B5_s37,4,2560,0.920703125,0.953125,0.044140625,"ticks 0,10,...,190 (20 of 200); indices unavailable in original raw; duplicate projected actions create bounds"
original_recorded_snapshot_action_equivalence,locked_coefficient_ood,heat,B5_s37,5,2560,0.0046875,0.0296875,0.044140625,"ticks 0,10,...,190 (20 of 200); indices unavailable in original raw; duplicate projected actions create bounds"
original_recorded_snapshot_action_equivalence,locked_coefficient_ood,heat,B5_s37,6,2560,0.0,0.000390625,0.044140625,"ticks 0,10,...,190 (20 of 200); indices unavailable in original raw; duplicate projected actions create bounds"
original_recorded_snapshot_action_equivalence,locked_coefficient_ood,heat,B5_s37,7,2560,0.00234375,0.019921875,0.044140625,"ticks 0,10,...,190 (20 of 200); indices unavailable in original raw; duplicate projected actions create bounds"
original_recorded_snapshot_action_equivalence,locked_coefficient_ood,heat,B5_s37,8,2560,0.0,0.0203125,0.044140625,"ticks 0,10,...,190 (20 of 200); indices unavailable in original raw; duplicate projected actions create bounds"
original_recorded_snapshot_action_equivalence,locked_coefficient_ood,heat,B5_s37,9,2560,0.00078125,0.020703125,0.044140625,"ticks 0,10,...,190 (20 of 200); indices unavailable in original raw; duplicate projected actions create bounds"
original_recorded_snapshot_action_equivalence,locked_coefficient_ood,heat,P-no-rank_s11,0,2560,0.00078125,0.00078125,0.041015625,"ticks 0,10,...,190 (20 of 200); indices unavailable in original raw; duplicate projected actions create bounds"
original_recorded_snapshot_action_equivalence,locked_coefficient_ood,heat,P-no-rank_s11,1,2560,0.0140625,0.0140625,0.041015625,"ticks 0,10,...,190 (20 of 200); indices unavailable in original raw; duplicate projected actions create bounds"
original_recorded_snapshot_action_equivalence,locked_coefficient_ood,heat,P-no-rank_s11,2,2560,0.0,0.0,0.041015625,"ticks 0,10,...,190 (20 of 200); indices unavailable in original raw; duplicate projected actions create bounds"
original_recorded_snapshot_action_equivalence,locked_coefficient_ood,heat,P-no-rank_s11,3,2560,0.012109375,0.01328125,0.041015625,"ticks 0,10,...,190 (20 of 200); indices unavailable in original raw; duplicate projected actions create bounds"
original_recorded_snapshot_action_equivalence,locked_coefficient_ood,heat,P-no-rank_s11,4,2560,0.924609375,0.9546875,0.041015625,"ticks 0,10,...,190 (20 of 200); indices unavailable in original raw; duplicate projected actions create bounds"
original_recorded_snapshot_action_equivalence,locked_coefficient_ood,heat,P-no-rank_s11,5,2560,0.0046875,0.025,0.041015625,"ticks 0,10,...,190 (20 of 200); indices unavailable in original raw; duplicate projected actions create bounds"
original_recorded_snapshot_action_equivalence,locked_coefficient_ood,heat,P-no-rank_s11,6,2560,0.0,0.001171875,0.041015625,"ticks 0,10,...,190 (20 of 200); indices unavailable in original raw; duplicate projected actions create bounds"
original_recorded_snapshot_action_equivalence,locked_coefficient_ood,heat,P-no-rank_s11,7,2560,0.001953125,0.0234375,0.041015625,"ticks 0,10,...,190 (20 of 200); indices unavailable in original raw; duplicate projected actions create bounds"
original_recorded_snapshot_action_equivalence,locked_coefficient_ood,heat,P-no-rank_s11,8,2560,0.0,0.021484375,0.041015625,"ticks 0,10,...,190 (20 of 200); indices unavailable in original raw; duplicate projected actions create bounds"
original_recorded_snapshot_action_equivalence,locked_coefficient_ood,heat,P-no-rank_s11,9,2560,0.00078125,0.021875,0.041015625,"ticks 0,10,...,190 (20 of 200); indices unavailable in original raw; duplicate projected actions create bounds"
original_recorded_snapshot_action_equivalence,locked_coefficient_ood,heat,P-no-rank_s23,0,2560,0.00078125,0.00078125,0.048046875,"ticks 0,10,...,190 (20 of 200); indices unavailable in original raw; duplicate projected actions create bounds"
original_recorded_snapshot_action_equivalence,locked_coefficient_ood,heat,P-no-rank_s23,1,2560,0.012890625,0.01328125,0.048046875,"ticks 0,10,...,190 (20 of 200); indices unavailable in original raw; duplicate projected actions create bounds"
original_recorded_snapshot_action_equivalence,locked_coefficient_ood,heat,P-no-rank_s23,2,2560,0.0,0.000390625,0.048046875,"ticks 0,10,...,190 (20 of 200); indices unavailable in original raw; duplicate projected actions create bounds"
original_recorded_snapshot_action_equivalence,locked_coefficient_ood,heat,P-no-rank_s23,3,2560,0.01015625,0.011328125,0.048046875,"ticks 0,10,...,190 (20 of 200); indices unavailable in original raw; duplicate projected actions create bounds"
original_recorded_snapshot_action_equivalence,locked_coefficient_ood,heat,P-no-rank_s23,4,2560,0.919140625,0.955078125,0.048046875,"ticks 0,10,...,190 (20 of 200); indices unavailable in original raw; duplicate projected actions create bounds"
original_recorded_snapshot_action_equivalence,locked_coefficient_ood,heat,P-no-rank_s23,5,2560,0.0046875,0.020703125,0.048046875,"ticks 0,10,...,190 (20 of 200); indices unavailable in original raw; duplicate projected actions create bounds"
original_recorded_snapshot_action_equivalence,locked_coefficient_ood,heat,P-no-rank_s23,6,2560,0.0,0.001171875,0.048046875,"ticks 0,10,...,190 (20 of 200); indices unavailable in original raw; duplicate projected actions create bounds"
original_recorded_snapshot_action_equivalence,locked_coefficient_ood,heat,P-no-rank_s23,7,2560,0.003125,0.034765625,0.048046875,"ticks 0,10,...,190 (20 of 200); indices unavailable in original raw; duplicate projected actions create bounds"
original_recorded_snapshot_action_equivalence,locked_coefficient_ood,heat,P-no-rank_s23,8,2560,0.0,0.021875,0.048046875,"ticks 0,10,...,190 (20 of 200); indices unavailable in original raw; duplicate projected actions create bounds"
original_recorded_snapshot_action_equivalence,locked_coefficient_ood,heat,P-no-rank_s23,9,2560,0.001171875,0.022265625,0.048046875,"ticks 0,10,...,190 (20 of 200); indices unavailable in original raw; duplicate projected actions create bounds"
original_recorded_snapshot_action_equivalence,locked_coefficient_ood,heat,P-no-rank_s37,0,2560,0.000390625,0.000390625,0.040234375,"ticks 0,10,...,190 (20 of 200); indices unavailable in original raw; duplicate projected actions create bounds"
original_recorded_snapshot_action_equivalence,locked_coefficient_ood,heat,P-no-rank_s37,1,2560,0.013671875,0.013671875,0.040234375,"ticks 0,10,...,190 (20 of 200); indices unavailable in original raw; duplicate projected actions create bounds"
original_recorded_snapshot_action_equivalence,locked_coefficient_ood,heat,P-no-rank_s37,2,2560,0.0,0.0,0.040234375,"ticks 0,10,...,190 (20 of 200); indices unavailable in original raw; duplicate projected actions create bounds"
original_recorded_snapshot_action_equivalence,locked_coefficient_ood,heat,P-no-rank_s37,3,2560,0.009765625,0.01015625,0.040234375,"ticks 0,10,...,190 (20 of 200); indices unavailable in original raw; duplicate projected actions create bounds"
original_recorded_snapshot_action_equivalence,locked_coefficient_ood,heat,P-no-rank_s37,4,2560,0.926953125,0.95703125,0.040234375,"ticks 0,10,...,190 (20 of 200); indices unavailable in original raw; duplicate projected actions create bounds"
original_recorded_snapshot_action_equivalence,locked_coefficient_ood,heat,P-no-rank_s37,5,2560,0.0046875,0.019140625,0.040234375,"ticks 0,10,...,190 (20 of 200); indices unavailable in original raw; duplicate projected actions create bounds"
original_recorded_snapshot_action_equivalence,locked_coefficient_ood,heat,P-no-rank_s37,6,2560,0.0,0.000390625,0.040234375,"ticks 0,10,...,190 (20 of 200); indices unavailable in original raw; duplicate projected actions create bounds"
original_recorded_snapshot_action_equivalence,locked_coefficient_ood,heat,P-no-rank_s37,7,2560,0.003125,0.028125,0.040234375,"ticks 0,10,...,190 (20 of 200); indices unavailable in original raw; duplicate projected actions create bounds"
original_recorded_snapshot_action_equivalence,locked_coefficient_ood,heat,P-no-rank_s37,8,2560,0.0,0.019140625,0.040234375,"ticks 0,10,...,190 (20 of 200); indices unavailable in original raw; duplicate projected actions create bounds"
original_recorded_snapshot_action_equivalence,locked_coefficient_ood,heat,P-no-rank_s37,9,2560,0.001171875,0.0203125,0.040234375,"ticks 0,10,...,190 (20 of 200); indices unavailable in original raw; duplicate projected actions create bounds"
original_recorded_snapshot_action_equivalence,locked_coefficient_ood,heat,P_s11,0,2560,0.00078125,0.00078125,0.046484375,"ticks 0,10,...,190 (20 of 200); indices unavailable in original raw; duplicate projected actions create bounds"
original_recorded_snapshot_action_equivalence,locked_coefficient_ood,heat,P_s11,1,2560,0.012109375,0.012890625,0.046484375,"ticks 0,10,...,190 (20 of 200); indices unavailable in original raw; duplicate projected actions create bounds"
original_recorded_snapshot_action_equivalence,locked_coefficient_ood,heat,P_s11,2,2560,0.0,0.00078125,0.046484375,"ticks 0,10,...,190 (20 of 200); indices unavailable in original raw; duplicate projected actions create bounds"
original_recorded_snapshot_action_equivalence,locked_coefficient_ood,heat,P_s11,3,2560,0.013671875,0.014453125,0.046484375,"ticks 0,10,...,190 (20 of 200); indices unavailable in original raw; duplicate projected actions create bounds"
original_recorded_snapshot_action_equivalence,locked_coefficient_ood,heat,P_s11,4,2560,0.919140625,0.953515625,0.046484375,"ticks 0,10,...,190 (20 of 200); indices unavailable in original raw; duplicate projected actions create bounds"
original_recorded_snapshot_action_equivalence,locked_coefficient_ood,heat,P_s11,5,2560,0.0046875,0.028515625,0.046484375,"ticks 0,10,...,190 (20 of 200); indices unavailable in original raw; duplicate projected actions create bounds"
original_recorded_snapshot_action_equivalence,locked_coefficient_ood,heat,P_s11,6,2560,0.0,0.00078125,0.046484375,"ticks 0,10,...,190 (20 of 200); indices unavailable in original raw; duplicate projected actions create bounds"
original_recorded_snapshot_action_equivalence,locked_coefficient_ood,heat,P_s11,7,2560,0.00234375,0.025,0.046484375,"ticks 0,10,...,190 (20 of 200); indices unavailable in original raw; duplicate projected actions create bounds"
original_recorded_snapshot_action_equivalence,locked_coefficient_ood,heat,P_s11,8,2560,0.0,0.022265625,0.046484375,"ticks 0,10,...,190 (20 of 200); indices unavailable in original raw; duplicate projected actions create bounds"
original_recorded_snapshot_action_equivalence,locked_coefficient_ood,heat,P_s11,9,2560,0.00078125,0.022265625,0.046484375,"ticks 0,10,...,190 (20 of 200); indices unavailable in original raw; duplicate projected actions create bounds"
original_recorded_snapshot_action_equivalence,locked_coefficient_ood,heat,P_s23,0,2560,0.00078125,0.00078125,0.047265625,"ticks 0,10,...,190 (20 of 200); indices unavailable in original raw; duplicate projected actions create bounds"
original_recorded_snapshot_action_equivalence,locked_coefficient_ood,heat,P_s23,1,2560,0.01171875,0.0125,0.047265625,"ticks 0,10,...,190 (20 of 200); indices unavailable in original raw; duplicate projected actions create bounds"
original_recorded_snapshot_action_equivalence,locked_coefficient_ood,heat,P_s23,2,2560,0.0,0.00078125,0.047265625,"ticks 0,10,...,190 (20 of 200); indices unavailable in original raw; duplicate projected actions create bounds"
original_recorded_snapshot_action_equivalence,locked_coefficient_ood,heat,P_s23,3,2560,0.01171875,0.012890625,0.047265625,"ticks 0,10,...,190 (20 of 200); indices unavailable in original raw; duplicate projected actions create bounds"
original_recorded_snapshot_action_equivalence,locked_coefficient_ood,heat,P_s23,4,2560,0.91796875,0.951953125,0.047265625,"ticks 0,10,...,190 (20 of 200); indices unavailable in original raw; duplicate projected actions create bounds"
original_recorded_snapshot_action_equivalence,locked_coefficient_ood,heat,P_s23,5,2560,0.00546875,0.028515625,0.047265625,"ticks 0,10,...,190 (20 of 200); indices unavailable in original raw; duplicate projected actions create bounds"
original_recorded_snapshot_action_equivalence,locked_coefficient_ood,heat,P_s23,6,2560,0.0,0.001171875,0.047265625,"ticks 0,10,...,190 (20 of 200); indices unavailable in original raw; duplicate projected actions create bounds"
original_recorded_snapshot_action_equivalence,locked_coefficient_ood,heat,P_s23,7,2560,0.003515625,0.02890625,0.047265625,"ticks 0,10,...,190 (20 of 200); indices unavailable in original raw; duplicate projected actions create bounds"
original_recorded_snapshot_action_equivalence,locked_coefficient_ood,heat,P_s23,8,2560,0.0,0.025390625,0.047265625,"ticks 0,10,...,190 (20 of 200); indices unavailable in original raw; duplicate projected actions create bounds"
original_recorded_snapshot_action_equivalence,locked_coefficient_ood,heat,P_s23,9,2560,0.0015625,0.026171875,0.047265625,"ticks 0,10,...,190 (20 of 200); indices unavailable in original raw; duplicate projected actions create bounds"
original_recorded_snapshot_action_equivalence,locked_coefficient_ood,heat,P_s37,0,2560,0.001171875,0.001171875,0.044140625,"ticks 0,10,...,190 (20 of 200); indices unavailable in original raw; duplicate projected actions create bounds"
original_recorded_snapshot_action_equivalence,locked_coefficient_ood,heat,P_s37,1,2560,0.0140625,0.01484375,0.044140625,"ticks 0,10,...,190 (20 of 200); indices unavailable in original raw; duplicate projected actions create bounds"
original_recorded_snapshot_action_equivalence,locked_coefficient_ood,heat,P_s37,2,2560,0.0,0.00078125,0.044140625,"ticks 0,10,...,190 (20 of 200); indices unavailable in original raw; duplicate projected actions create bounds"
original_recorded_snapshot_action_equivalence,locked_coefficient_ood,heat,P_s37,3,2560,0.0125,0.012890625,0.044140625,"ticks 0,10,...,190 (20 of 200); indices unavailable in original raw; duplicate projected actions create bounds"
original_recorded_snapshot_action_equivalence,locked_coefficient_ood,heat,P_s37,4,2560,0.9203125,0.952734375,0.044140625,"ticks 0,10,...,190 (20 of 200); indices unavailable in original raw; duplicate projected actions create bounds"
original_recorded_snapshot_action_equivalence,locked_coefficient_ood,heat,P_s37,5,2560,0.0046875,0.0296875,0.044140625,"ticks 0,10,...,190 (20 of 200); indices unavailable in original raw; duplicate projected actions create bounds"
original_recorded_snapshot_action_equivalence,locked_coefficient_ood,heat,P_s37,6,2560,0.0,0.000390625,0.044140625,"ticks 0,10,...,190 (20 of 200); indices unavailable in original raw; duplicate projected actions create bounds"
original_recorded_snapshot_action_equivalence,locked_coefficient_ood,heat,P_s37,7,2560,0.00234375,0.019921875,0.044140625,"ticks 0,10,...,190 (20 of 200); indices unavailable in original raw; duplicate projected actions create bounds"
original_recorded_snapshot_action_equivalence,locked_coefficient_ood,heat,P_s37,8,2560,0.0,0.0203125,0.044140625,"ticks 0,10,...,190 (20 of 200); indices unavailable in original raw; duplicate projected actions create bounds"
original_recorded_snapshot_action_equivalence,locked_coefficient_ood,heat,P_s37,9,2560,0.00078125,0.020703125,0.044140625,"ticks 0,10,...,190 (20 of 200); indices unavailable in original raw; duplicate projected actions create bounds"
original_recorded_snapshot_action_equivalence,locked_delay_dropout,burgers,B4_s11,0,2560,0.0,0.0,0.0,"ticks 0,10,...,190 (20 of 200); indices unavailable in original raw; duplicate projected actions create bounds"
original_recorded_snapshot_action_equivalence,locked_delay_dropout,burgers,B4_s11,1,2560,0.0,0.0,0.0,"ticks 0,10,...,190 (20 of 200); indices unavailable in original raw; duplicate projected actions create bounds"
original_recorded_snapshot_action_equivalence,locked_delay_dropout,burgers,B4_s11,2,2560,0.0,0.0,0.0,"ticks 0,10,...,190 (20 of 200); indices unavailable in original raw; duplicate projected actions create bounds"
original_recorded_snapshot_action_equivalence,locked_delay_dropout,burgers,B4_s11,3,2560,0.0,0.0,0.0,"ticks 0,10,...,190 (20 of 200); indices unavailable in original raw; duplicate projected actions create bounds"
original_recorded_snapshot_action_equivalence,locked_delay_dropout,burgers,B4_s11,4,2560,0.98125,0.98125,0.0,"ticks 0,10,...,190 (20 of 200); indices unavailable in original raw; duplicate projected actions create bounds"
original_recorded_snapshot_action_equivalence,locked_delay_dropout,burgers,B4_s11,5,2560,0.0,0.0,0.0,"ticks 0,10,...,190 (20 of 200); indices unavailable in original raw; duplicate projected actions create bounds"
original_recorded_snapshot_action_equivalence,locked_delay_dropout,burgers,B4_s11,6,2560,0.0,0.0,0.0,"ticks 0,10,...,190 (20 of 200); indices unavailable in original raw; duplicate projected actions create bounds"
original_recorded_snapshot_action_equivalence,locked_delay_dropout,burgers,B4_s11,7,2560,0.0,0.0,0.0,"ticks 0,10,...,190 (20 of 200); indices unavailable in original raw; duplicate projected actions create bounds"
original_recorded_snapshot_action_equivalence,locked_delay_dropout,burgers,B4_s11,8,2560,0.0,0.0,0.0,"ticks 0,10,...,190 (20 of 200); indices unavailable in original raw; duplicate projected actions create bounds"
original_recorded_snapshot_action_equivalence,locked_delay_dropout,burgers,B4_s11,9,2560,0.01875,0.01875,0.0,"ticks 0,10,...,190 (20 of 200); indices unavailable in original raw; duplicate projected actions create bounds"
original_recorded_snapshot_action_equivalence,locked_delay_dropout,burgers,B4_s23,0,2560,0.0,0.0,0.0,"ticks 0,10,...,190 (20 of 200); indices unavailable in original raw; duplicate projected actions create bounds"
original_recorded_snapshot_action_equivalence,locked_delay_dropout,burgers,B4_s23,1,2560,0.0,0.0,0.0,"ticks 0,10,...,190 (20 of 200); indices unavailable in original raw; duplicate projected actions create bounds"
original_recorded_snapshot_action_equivalence,locked_delay_dropout,burgers,B4_s23,2,2560,0.0,0.0,0.0,"ticks 0,10,...,190 (20 of 200); indices unavailable in original raw; duplicate projected actions create bounds"
original_recorded_snapshot_action_equivalence,locked_delay_dropout,burgers,B4_s23,3,2560,0.0,0.0,0.0,"ticks 0,10,...,190 (20 of 200); indices unavailable in original raw; duplicate projected actions create bounds"
original_recorded_snapshot_action_equivalence,locked_delay_dropout,burgers,B4_s23,4,2560,0.9796875,0.9796875,0.0,"ticks 0,10,...,190 (20 of 200); indices unavailable in original raw; duplicate projected actions create bounds"
original_recorded_snapshot_action_equivalence,locked_delay_dropout,burgers,B4_s23,5,2560,0.0,0.0,0.0,"ticks 0,10,...,190 (20 of 200); indices unavailable in original raw; duplicate projected actions create bounds"
original_recorded_snapshot_action_equivalence,locked_delay_dropout,burgers,B4_s23,6,2560,0.0,0.0,0.0,"ticks 0,10,...,190 (20 of 200); indices unavailable in original raw; duplicate projected actions create bounds"
original_recorded_snapshot_action_equivalence,locked_delay_dropout,burgers,B4_s23,7,2560,0.0,0.0,0.0,"ticks 0,10,...,190 (20 of 200); indices unavailable in original raw; duplicate projected actions create bounds"
original_recorded_snapshot_action_equivalence,locked_delay_dropout,burgers,B4_s23,8,2560,0.0,0.0,0.0,"ticks 0,10,...,190 (20 of 200); indices unavailable in original raw; duplicate projected actions create bounds"
original_recorded_snapshot_action_equivalence,locked_delay_dropout,burgers,B4_s23,9,2560,0.0203125,0.0203125,0.0,"ticks 0,10,...,190 (20 of 200); indices unavailable in original raw; duplicate projected actions create bounds"
original_recorded_snapshot_action_equivalence,locked_delay_dropout,burgers,B4_s37,0,2560,0.0,0.0,0.0,"ticks 0,10,...,190 (20 of 200); indices unavailable in original raw; duplicate projected actions create bounds"
original_recorded_snapshot_action_equivalence,locked_delay_dropout,burgers,B4_s37,1,2560,0.0,0.0,0.0,"ticks 0,10,...,190 (20 of 200); indices unavailable in original raw; duplicate projected actions create bounds"
original_recorded_snapshot_action_equivalence,locked_delay_dropout,burgers,B4_s37,2,2560,0.0,0.0,0.0,"ticks 0,10,...,190 (20 of 200); indices unavailable in original raw; duplicate projected actions create bounds"
original_recorded_snapshot_action_equivalence,locked_delay_dropout,burgers,B4_s37,3,2560,0.0,0.0,0.0,"ticks 0,10,...,190 (20 of 200); indices unavailable in original raw; duplicate projected actions create bounds"
original_recorded_snapshot_action_equivalence,locked_delay_dropout,burgers,B4_s37,4,2560,0.977734375,0.977734375,0.0,"ticks 0,10,...,190 (20 of 200); indices unavailable in original raw; duplicate projected actions create bounds"
original_recorded_snapshot_action_equivalence,locked_delay_dropout,burgers,B4_s37,5,2560,0.0,0.0,0.0,"ticks 0,10,...,190 (20 of 200); indices unavailable in original raw; duplicate projected actions create bounds"
original_recorded_snapshot_action_equivalence,locked_delay_dropout,burgers,B4_s37,6,2560,0.0,0.0,0.0,"ticks 0,10,...,190 (20 of 200); indices unavailable in original raw; duplicate projected actions create bounds"
original_recorded_snapshot_action_equivalence,locked_delay_dropout,burgers,B4_s37,7,2560,0.0,0.0,0.0,"ticks 0,10,...,190 (20 of 200); indices unavailable in original raw; duplicate projected actions create bounds"
original_recorded_snapshot_action_equivalence,locked_delay_dropout,burgers,B4_s37,8,2560,0.0,0.0,0.0,"ticks 0,10,...,190 (20 of 200); indices unavailable in original raw; duplicate projected actions create bounds"
original_recorded_snapshot_action_equivalence,locked_delay_dropout,burgers,B4_s37,9,2560,0.022265625,0.022265625,0.0,"ticks 0,10,...,190 (20 of 200); indices unavailable in original raw; duplicate projected actions create bounds"
original_recorded_snapshot_action_equivalence,locked_delay_dropout,burgers,B5_s11,0,2560,0.0,0.0,0.0,"ticks 0,10,...,190 (20 of 200); indices unavailable in original raw; duplicate projected actions create bounds"
original_recorded_snapshot_action_equivalence,locked_delay_dropout,burgers,B5_s11,1,2560,0.0,0.0,0.0,"ticks 0,10,...,190 (20 of 200); indices unavailable in original raw; duplicate projected actions create bounds"
original_recorded_snapshot_action_equivalence,locked_delay_dropout,burgers,B5_s11,2,2560,0.0,0.0,0.0,"ticks 0,10,...,190 (20 of 200); indices unavailable in original raw; duplicate projected actions create bounds"
original_recorded_snapshot_action_equivalence,locked_delay_dropout,burgers,B5_s11,3,2560,0.0,0.0,0.0,"ticks 0,10,...,190 (20 of 200); indices unavailable in original raw; duplicate projected actions create bounds"
original_recorded_snapshot_action_equivalence,locked_delay_dropout,burgers,B5_s11,4,2560,0.9796875,0.9796875,0.0,"ticks 0,10,...,190 (20 of 200); indices unavailable in original raw; duplicate projected actions create bounds"
original_recorded_snapshot_action_equivalence,locked_delay_dropout,burgers,B5_s11,5,2560,0.0,0.0,0.0,"ticks 0,10,...,190 (20 of 200); indices unavailable in original raw; duplicate projected actions create bounds"
original_recorded_snapshot_action_equivalence,locked_delay_dropout,burgers,B5_s11,6,2560,0.0,0.0,0.0,"ticks 0,10,...,190 (20 of 200); indices unavailable in original raw; duplicate projected actions create bounds"
original_recorded_snapshot_action_equivalence,locked_delay_dropout,burgers,B5_s11,7,2560,0.0,0.0,0.0,"ticks 0,10,...,190 (20 of 200); indices unavailable in original raw; duplicate projected actions create bounds"
original_recorded_snapshot_action_equivalence,locked_delay_dropout,burgers,B5_s11,8,2560,0.0,0.0,0.0,"ticks 0,10,...,190 (20 of 200); indices unavailable in original raw; duplicate projected actions create bounds"
original_recorded_snapshot_action_equivalence,locked_delay_dropout,burgers,B5_s11,9,2560,0.0203125,0.0203125,0.0,"ticks 0,10,...,190 (20 of 200); indices unavailable in original raw; duplicate projected actions create bounds"
original_recorded_snapshot_action_equivalence,locked_delay_dropout,burgers,B5_s23,0,2560,0.0,0.0,0.0,"ticks 0,10,...,190 (20 of 200); indices unavailable in original raw; duplicate projected actions create bounds"
original_recorded_snapshot_action_equivalence,locked_delay_dropout,burgers,B5_s23,1,2560,0.0,0.0,0.0,"ticks 0,10,...,190 (20 of 200); indices unavailable in original raw; duplicate projected actions create bounds"
original_recorded_snapshot_action_equivalence,locked_delay_dropout,burgers,B5_s23,2,2560,0.0,0.0,0.0,"ticks 0,10,...,190 (20 of 200); indices unavailable in original raw; duplicate projected actions create bounds"
original_recorded_snapshot_action_equivalence,locked_delay_dropout,burgers,B5_s23,3,2560,0.0,0.0,0.0,"ticks 0,10,...,190 (20 of 200); indices unavailable in original raw; duplicate projected actions create bounds"
original_recorded_snapshot_action_equivalence,locked_delay_dropout,burgers,B5_s23,4,2560,0.98046875,0.98046875,0.0,"ticks 0,10,...,190 (20 of 200); indices unavailable in original raw; duplicate projected actions create bounds"
original_recorded_snapshot_action_equivalence,locked_delay_dropout,burgers,B5_s23,5,2560,0.0,0.0,0.0,"ticks 0,10,...,190 (20 of 200); indices unavailable in original raw; duplicate projected actions create bounds"
original_recorded_snapshot_action_equivalence,locked_delay_dropout,burgers,B5_s23,6,2560,0.0,0.0,0.0,"ticks 0,10,...,190 (20 of 200); indices unavailable in original raw; duplicate projected actions create bounds"
original_recorded_snapshot_action_equivalence,locked_delay_dropout,burgers,B5_s23,7,2560,0.0,0.0,0.0,"ticks 0,10,...,190 (20 of 200); indices unavailable in original raw; duplicate projected actions create bounds"
original_recorded_snapshot_action_equivalence,locked_delay_dropout,burgers,B5_s23,8,2560,0.0,0.0,0.0,"ticks 0,10,...,190 (20 of 200); indices unavailable in original raw; duplicate projected actions create bounds"
original_recorded_snapshot_action_equivalence,locked_delay_dropout,burgers,B5_s23,9,2560,0.01953125,0.01953125,0.0,"ticks 0,10,...,190 (20 of 200); indices unavailable in original raw; duplicate projected actions create bounds"
original_recorded_snapshot_action_equivalence,locked_delay_dropout,burgers,B5_s37,0,2560,0.0,0.0,0.0,"ticks 0,10,...,190 (20 of 200); indices unavailable in original raw; duplicate projected actions create bounds"
original_recorded_snapshot_action_equivalence,locked_delay_dropout,burgers,B5_s37,1,2560,0.0,0.0,0.0,"ticks 0,10,...,190 (20 of 200); indices unavailable in original raw; duplicate projected actions create bounds"
original_recorded_snapshot_action_equivalence,locked_delay_dropout,burgers,B5_s37,2,2560,0.0,0.0,0.0,"ticks 0,10,...,190 (20 of 200); indices unavailable in original raw; duplicate projected actions create bounds"
original_recorded_snapshot_action_equivalence,locked_delay_dropout,burgers,B5_s37,3,2560,0.0,0.0,0.0,"ticks 0,10,...,190 (20 of 200); indices unavailable in original raw; duplicate projected actions create bounds"
original_recorded_snapshot_action_equivalence,locked_delay_dropout,burgers,B5_s37,4,2560,0.97890625,0.97890625,0.0,"ticks 0,10,...,190 (20 of 200); indices unavailable in original raw; duplicate projected actions create bounds"
original_recorded_snapshot_action_equivalence,locked_delay_dropout,burgers,B5_s37,5,2560,0.0,0.0,0.0,"ticks 0,10,...,190 (20 of 200); indices unavailable in original raw; duplicate projected actions create bounds"
original_recorded_snapshot_action_equivalence,locked_delay_dropout,burgers,B5_s37,6,2560,0.0,0.0,0.0,"ticks 0,10,...,190 (20 of 200); indices unavailable in original raw; duplicate projected actions create bounds"
original_recorded_snapshot_action_equivalence,locked_delay_dropout,burgers,B5_s37,7,2560,0.0,0.0,0.0,"ticks 0,10,...,190 (20 of 200); indices unavailable in original raw; duplicate projected actions create bounds"
original_recorded_snapshot_action_equivalence,locked_delay_dropout,burgers,B5_s37,8,2560,0.0,0.0,0.0,"ticks 0,10,...,190 (20 of 200); indices unavailable in original raw; duplicate projected actions create bounds"
original_recorded_snapshot_action_equivalence,locked_delay_dropout,burgers,B5_s37,9,2560,0.02109375,0.02109375,0.0,"ticks 0,10,...,190 (20 of 200); indices unavailable in original raw; duplicate projected actions create bounds"
original_recorded_snapshot_action_equivalence,locked_delay_dropout,burgers,P-no-rank_s11,0,2560,0.0,0.0,0.0,"ticks 0,10,...,190 (20 of 200); indices unavailable in original raw; duplicate projected actions create bounds"
original_recorded_snapshot_action_equivalence,locked_delay_dropout,burgers,P-no-rank_s11,1,2560,0.0,0.0,0.0,"ticks 0,10,...,190 (20 of 200); indices unavailable in original raw; duplicate projected actions create bounds"
original_recorded_snapshot_action_equivalence,locked_delay_dropout,burgers,P-no-rank_s11,2,2560,0.0,0.0,0.0,"ticks 0,10,...,190 (20 of 200); indices unavailable in original raw; duplicate projected actions create bounds"
original_recorded_snapshot_action_equivalence,locked_delay_dropout,burgers,P-no-rank_s11,3,2560,0.0,0.0,0.0,"ticks 0,10,...,190 (20 of 200); indices unavailable in original raw; duplicate projected actions create bounds"
original_recorded_snapshot_action_equivalence,locked_delay_dropout,burgers,P-no-rank_s11,4,2560,0.97890625,0.97890625,0.0,"ticks 0,10,...,190 (20 of 200); indices unavailable in original raw; duplicate projected actions create bounds"
original_recorded_snapshot_action_equivalence,locked_delay_dropout,burgers,P-no-rank_s11,5,2560,0.0,0.0,0.0,"ticks 0,10,...,190 (20 of 200); indices unavailable in original raw; duplicate projected actions create bounds"
original_recorded_snapshot_action_equivalence,locked_delay_dropout,burgers,P-no-rank_s11,6,2560,0.0,0.0,0.0,"ticks 0,10,...,190 (20 of 200); indices unavailable in original raw; duplicate projected actions create bounds"
original_recorded_snapshot_action_equivalence,locked_delay_dropout,burgers,P-no-rank_s11,7,2560,0.0,0.0,0.0,"ticks 0,10,...,190 (20 of 200); indices unavailable in original raw; duplicate projected actions create bounds"
original_recorded_snapshot_action_equivalence,locked_delay_dropout,burgers,P-no-rank_s11,8,2560,0.0,0.0,0.0,"ticks 0,10,...,190 (20 of 200); indices unavailable in original raw; duplicate projected actions create bounds"
original_recorded_snapshot_action_equivalence,locked_delay_dropout,burgers,P-no-rank_s11,9,2560,0.02109375,0.02109375,0.0,"ticks 0,10,...,190 (20 of 200); indices unavailable in original raw; duplicate projected actions create bounds"
original_recorded_snapshot_action_equivalence,locked_delay_dropout,burgers,P-no-rank_s23,0,2560,0.0,0.0,0.0,"ticks 0,10,...,190 (20 of 200); indices unavailable in original raw; duplicate projected actions create bounds"
original_recorded_snapshot_action_equivalence,locked_delay_dropout,burgers,P-no-rank_s23,1,2560,0.0,0.0,0.0,"ticks 0,10,...,190 (20 of 200); indices unavailable in original raw; duplicate projected actions create bounds"
original_recorded_snapshot_action_equivalence,locked_delay_dropout,burgers,P-no-rank_s23,2,2560,0.0,0.0,0.0,"ticks 0,10,...,190 (20 of 200); indices unavailable in original raw; duplicate projected actions create bounds"
original_recorded_snapshot_action_equivalence,locked_delay_dropout,burgers,P-no-rank_s23,3,2560,0.0,0.0,0.0,"ticks 0,10,...,190 (20 of 200); indices unavailable in original raw; duplicate projected actions create bounds"
original_recorded_snapshot_action_equivalence,locked_delay_dropout,burgers,P-no-rank_s23,4,2560,0.978125,0.978125,0.0,"ticks 0,10,...,190 (20 of 200); indices unavailable in original raw; duplicate projected actions create bounds"
original_recorded_snapshot_action_equivalence,locked_delay_dropout,burgers,P-no-rank_s23,5,2560,0.0,0.0,0.0,"ticks 0,10,...,190 (20 of 200); indices unavailable in original raw; duplicate projected actions create bounds"
original_recorded_snapshot_action_equivalence,locked_delay_dropout,burgers,P-no-rank_s23,6,2560,0.0,0.0,0.0,"ticks 0,10,...,190 (20 of 200); indices unavailable in original raw; duplicate projected actions create bounds"
original_recorded_snapshot_action_equivalence,locked_delay_dropout,burgers,P-no-rank_s23,7,2560,0.0,0.0,0.0,"ticks 0,10,...,190 (20 of 200); indices unavailable in original raw; duplicate projected actions create bounds"
original_recorded_snapshot_action_equivalence,locked_delay_dropout,burgers,P-no-rank_s23,8,2560,0.0,0.0,0.0,"ticks 0,10,...,190 (20 of 200); indices unavailable in original raw; duplicate projected actions create bounds"
original_recorded_snapshot_action_equivalence,locked_delay_dropout,burgers,P-no-rank_s23,9,2560,0.021875,0.021875,0.0,"ticks 0,10,...,190 (20 of 200); indices unavailable in original raw; duplicate projected actions create bounds"
original_recorded_snapshot_action_equivalence,locked_delay_dropout,burgers,P-no-rank_s37,0,2560,0.0,0.0,0.0,"ticks 0,10,...,190 (20 of 200); indices unavailable in original raw; duplicate projected actions create bounds"
original_recorded_snapshot_action_equivalence,locked_delay_dropout,burgers,P-no-rank_s37,1,2560,0.0,0.0,0.0,"ticks 0,10,...,190 (20 of 200); indices unavailable in original raw; duplicate projected actions create bounds"
original_recorded_snapshot_action_equivalence,locked_delay_dropout,burgers,P-no-rank_s37,2,2560,0.0,0.0,0.0,"ticks 0,10,...,190 (20 of 200); indices unavailable in original raw; duplicate projected actions create bounds"
original_recorded_snapshot_action_equivalence,locked_delay_dropout,burgers,P-no-rank_s37,3,2560,0.0,0.0,0.0,"ticks 0,10,...,190 (20 of 200); indices unavailable in original raw; duplicate projected actions create bounds"
original_recorded_snapshot_action_equivalence,locked_delay_dropout,burgers,P-no-rank_s37,4,2560,0.978125,0.978125,0.0,"ticks 0,10,...,190 (20 of 200); indices unavailable in original raw; duplicate projected actions create bounds"
original_recorded_snapshot_action_equivalence,locked_delay_dropout,burgers,P-no-rank_s37,5,2560,0.0,0.0,0.0,"ticks 0,10,...,190 (20 of 200); indices unavailable in original raw; duplicate projected actions create bounds"
original_recorded_snapshot_action_equivalence,locked_delay_dropout,burgers,P-no-rank_s37,6,2560,0.0,0.0,0.0,"ticks 0,10,...,190 (20 of 200); indices unavailable in original raw; duplicate projected actions create bounds"
original_recorded_snapshot_action_equivalence,locked_delay_dropout,burgers,P-no-rank_s37,7,2560,0.0,0.0,0.0,"ticks 0,10,...,190 (20 of 200); indices unavailable in original raw; duplicate projected actions create bounds"
original_recorded_snapshot_action_equivalence,locked_delay_dropout,burgers,P-no-rank_s37,8,2560,0.0,0.0,0.0,"ticks 0,10,...,190 (20 of 200); indices unavailable in original raw; duplicate projected actions create bounds"
original_recorded_snapshot_action_equivalence,locked_delay_dropout,burgers,P-no-rank_s37,9,2560,0.021875,0.021875,0.0,"ticks 0,10,...,190 (20 of 200); indices unavailable in original raw; duplicate projected actions create bounds"
original_recorded_snapshot_action_equivalence,locked_delay_dropout,burgers,P_s11,0,2560,0.0,0.0,0.0,"ticks 0,10,...,190 (20 of 200); indices unavailable in original raw; duplicate projected actions create bounds"
original_recorded_snapshot_action_equivalence,locked_delay_dropout,burgers,P_s11,1,2560,0.0,0.0,0.0,"ticks 0,10,...,190 (20 of 200); indices unavailable in original raw; duplicate projected actions create bounds"
original_recorded_snapshot_action_equivalence,locked_delay_dropout,burgers,P_s11,2,2560,0.0,0.0,0.0,"ticks 0,10,...,190 (20 of 200); indices unavailable in original raw; duplicate projected actions create bounds"
original_recorded_snapshot_action_equivalence,locked_delay_dropout,burgers,P_s11,3,2560,0.0,0.0,0.0,"ticks 0,10,...,190 (20 of 200); indices unavailable in original raw; duplicate projected actions create bounds"
original_recorded_snapshot_action_equivalence,locked_delay_dropout,burgers,P_s11,4,2560,0.9796875,0.9796875,0.0,"ticks 0,10,...,190 (20 of 200); indices unavailable in original raw; duplicate projected actions create bounds"
original_recorded_snapshot_action_equivalence,locked_delay_dropout,burgers,P_s11,5,2560,0.0,0.0,0.0,"ticks 0,10,...,190 (20 of 200); indices unavailable in original raw; duplicate projected actions create bounds"
original_recorded_snapshot_action_equivalence,locked_delay_dropout,burgers,P_s11,6,2560,0.0,0.0,0.0,"ticks 0,10,...,190 (20 of 200); indices unavailable in original raw; duplicate projected actions create bounds"
original_recorded_snapshot_action_equivalence,locked_delay_dropout,burgers,P_s11,7,2560,0.0,0.0,0.0,"ticks 0,10,...,190 (20 of 200); indices unavailable in original raw; duplicate projected actions create bounds"
original_recorded_snapshot_action_equivalence,locked_delay_dropout,burgers,P_s11,8,2560,0.0,0.0,0.0,"ticks 0,10,...,190 (20 of 200); indices unavailable in original raw; duplicate projected actions create bounds"
original_recorded_snapshot_action_equivalence,locked_delay_dropout,burgers,P_s11,9,2560,0.0203125,0.0203125,0.0,"ticks 0,10,...,190 (20 of 200); indices unavailable in original raw; duplicate projected actions create bounds"
original_recorded_snapshot_action_equivalence,locked_delay_dropout,burgers,P_s23,0,2560,0.0,0.0,0.0,"ticks 0,10,...,190 (20 of 200); indices unavailable in original raw; duplicate projected actions create bounds"
original_recorded_snapshot_action_equivalence,locked_delay_dropout,burgers,P_s23,1,2560,0.0,0.0,0.0,"ticks 0,10,...,190 (20 of 200); indices unavailable in original raw; duplicate projected actions create bounds"
original_recorded_snapshot_action_equivalence,locked_delay_dropout,burgers,P_s23,2,2560,0.0,0.0,0.0,"ticks 0,10,...,190 (20 of 200); indices unavailable in original raw; duplicate projected actions create bounds"
original_recorded_snapshot_action_equivalence,locked_delay_dropout,burgers,P_s23,3,2560,0.0,0.0,0.0,"ticks 0,10,...,190 (20 of 200); indices unavailable in original raw; duplicate projected actions create bounds"
original_recorded_snapshot_action_equivalence,locked_delay_dropout,burgers,P_s23,4,2560,0.98046875,0.98046875,0.0,"ticks 0,10,...,190 (20 of 200); indices unavailable in original raw; duplicate projected actions create bounds"
original_recorded_snapshot_action_equivalence,locked_delay_dropout,burgers,P_s23,5,2560,0.0,0.0,0.0,"ticks 0,10,...,190 (20 of 200); indices unavailable in original raw; duplicate projected actions create bounds"
original_recorded_snapshot_action_equivalence,locked_delay_dropout,burgers,P_s23,6,2560,0.0,0.0,0.0,"ticks 0,10,...,190 (20 of 200); indices unavailable in original raw; duplicate projected actions create bounds"
original_recorded_snapshot_action_equivalence,locked_delay_dropout,burgers,P_s23,7,2560,0.0,0.0,0.0,"ticks 0,10,...,190 (20 of 200); indices unavailable in original raw; duplicate projected actions create bounds"
original_recorded_snapshot_action_equivalence,locked_delay_dropout,burgers,P_s23,8,2560,0.0,0.0,0.0,"ticks 0,10,...,190 (20 of 200); indices unavailable in original raw; duplicate projected actions create bounds"
original_recorded_snapshot_action_equivalence,locked_delay_dropout,burgers,P_s23,9,2560,0.01953125,0.01953125,0.0,"ticks 0,10,...,190 (20 of 200); indices unavailable in original raw; duplicate projected actions create bounds"
original_recorded_snapshot_action_equivalence,locked_delay_dropout,burgers,P_s37,0,2560,0.0,0.0,0.0,"ticks 0,10,...,190 (20 of 200); indices unavailable in original raw; duplicate projected actions create bounds"
original_recorded_snapshot_action_equivalence,locked_delay_dropout,burgers,P_s37,1,2560,0.0,0.0,0.0,"ticks 0,10,...,190 (20 of 200); indices unavailable in original raw; duplicate projected actions create bounds"
original_recorded_snapshot_action_equivalence,locked_delay_dropout,burgers,P_s37,2,2560,0.0,0.0,0.0,"ticks 0,10,...,190 (20 of 200); indices unavailable in original raw; duplicate projected actions create bounds"
original_recorded_snapshot_action_equivalence,locked_delay_dropout,burgers,P_s37,3,2560,0.0,0.0,0.0,"ticks 0,10,...,190 (20 of 200); indices unavailable in original raw; duplicate projected actions create bounds"
original_recorded_snapshot_action_equivalence,locked_delay_dropout,burgers,P_s37,4,2560,0.97890625,0.97890625,0.0,"ticks 0,10,...,190 (20 of 200); indices unavailable in original raw; duplicate projected actions create bounds"
original_recorded_snapshot_action_equivalence,locked_delay_dropout,burgers,P_s37,5,2560,0.0,0.0,0.0,"ticks 0,10,...,190 (20 of 200); indices unavailable in original raw; duplicate projected actions create bounds"
original_recorded_snapshot_action_equivalence,locked_delay_dropout,burgers,P_s37,6,2560,0.0,0.0,0.0,"ticks 0,10,...,190 (20 of 200); indices unavailable in original raw; duplicate projected actions create bounds"
original_recorded_snapshot_action_equivalence,locked_delay_dropout,burgers,P_s37,7,2560,0.0,0.0,0.0,"ticks 0,10,...,190 (20 of 200); indices unavailable in original raw; duplicate projected actions create bounds"
original_recorded_snapshot_action_equivalence,locked_delay_dropout,burgers,P_s37,8,2560,0.0,0.0,0.0,"ticks 0,10,...,190 (20 of 200); indices unavailable in original raw; duplicate projected actions create bounds"
original_recorded_snapshot_action_equivalence,locked_delay_dropout,burgers,P_s37,9,2560,0.02109375,0.02109375,0.0,"ticks 0,10,...,190 (20 of 200); indices unavailable in original raw; duplicate projected actions create bounds"
original_recorded_snapshot_action_equivalence,locked_delay_dropout,heat,B4_s11,0,2560,0.001953125,0.001953125,0.146875,"ticks 0,10,...,190 (20 of 200); indices unavailable in original raw; duplicate projected actions create bounds"
original_recorded_snapshot_action_equivalence,locked_delay_dropout,heat,B4_s11,1,2560,0.015234375,0.016796875,0.146875,"ticks 0,10,...,190 (20 of 200); indices unavailable in original raw; duplicate projected actions create bounds"
original_recorded_snapshot_action_equivalence,locked_delay_dropout,heat,B4_s11,2,2560,0.0,0.0015625,0.146875,"ticks 0,10,...,190 (20 of 200); indices unavailable in original raw; duplicate projected actions create bounds"
original_recorded_snapshot_action_equivalence,locked_delay_dropout,heat,B4_s11,3,2560,0.02265625,0.023828125,0.146875,"ticks 0,10,...,190 (20 of 200); indices unavailable in original raw; duplicate projected actions create bounds"
original_recorded_snapshot_action_equivalence,locked_delay_dropout,heat,B4_s11,4,2560,0.79921875,0.912890625,0.146875,"ticks 0,10,...,190 (20 of 200); indices unavailable in original raw; duplicate projected actions create bounds"
original_recorded_snapshot_action_equivalence,locked_delay_dropout,heat,B4_s11,5,2560,0.0078125,0.107421875,0.146875,"ticks 0,10,...,190 (20 of 200); indices unavailable in original raw; duplicate projected actions create bounds"
original_recorded_snapshot_action_equivalence,locked_delay_dropout,heat,B4_s11,6,2560,0.0,0.001171875,0.146875,"ticks 0,10,...,190 (20 of 200); indices unavailable in original raw; duplicate projected actions create bounds"
original_recorded_snapshot_action_equivalence,locked_delay_dropout,heat,B4_s11,7,2560,0.00390625,0.08203125,0.146875,"ticks 0,10,...,190 (20 of 200); indices unavailable in original raw; duplicate projected actions create bounds"
original_recorded_snapshot_action_equivalence,locked_delay_dropout,heat,B4_s11,8,2560,0.0,0.09453125,0.146875,"ticks 0,10,...,190 (20 of 200); indices unavailable in original raw; duplicate projected actions create bounds"
original_recorded_snapshot_action_equivalence,locked_delay_dropout,heat,B4_s11,9,2560,0.00234375,0.096875,0.146875,"ticks 0,10,...,190 (20 of 200); indices unavailable in original raw; duplicate projected actions create bounds"
original_recorded_snapshot_action_equivalence,locked_delay_dropout,heat,B4_s23,0,2560,0.0015625,0.0015625,0.14765625,"ticks 0,10,...,190 (20 of 200); indices unavailable in original raw; duplicate projected actions create bounds"
original_recorded_snapshot_action_equivalence,locked_delay_dropout,heat,B4_s23,1,2560,0.016796875,0.01875,0.14765625,"ticks 0,10,...,190 (20 of 200); indices unavailable in original raw; duplicate projected actions create bounds"
original_recorded_snapshot_action_equivalence,locked_delay_dropout,heat,B4_s23,2,2560,0.0,0.001953125,0.14765625,"ticks 0,10,...,190 (20 of 200); indices unavailable in original raw; duplicate projected actions create bounds"
original_recorded_snapshot_action_equivalence,locked_delay_dropout,heat,B4_s23,3,2560,0.023046875,0.025,0.14765625,"ticks 0,10,...,190 (20 of 200); indices unavailable in original raw; duplicate projected actions create bounds"
original_recorded_snapshot_action_equivalence,locked_delay_dropout,heat,B4_s23,4,2560,0.795703125,0.908984375,0.14765625,"ticks 0,10,...,190 (20 of 200); indices unavailable in original raw; duplicate projected actions create bounds"
original_recorded_snapshot_action_equivalence,locked_delay_dropout,heat,B4_s23,5,2560,0.008203125,0.108984375,0.14765625,"ticks 0,10,...,190 (20 of 200); indices unavailable in original raw; duplicate projected actions create bounds"
original_recorded_snapshot_action_equivalence,locked_delay_dropout,heat,B4_s23,6,2560,0.0,0.001953125,0.14765625,"ticks 0,10,...,190 (20 of 200); indices unavailable in original raw; duplicate projected actions create bounds"
original_recorded_snapshot_action_equivalence,locked_delay_dropout,heat,B4_s23,7,2560,0.0046875,0.08359375,0.14765625,"ticks 0,10,...,190 (20 of 200); indices unavailable in original raw; duplicate projected actions create bounds"
original_recorded_snapshot_action_equivalence,locked_delay_dropout,heat,B4_s23,8,2560,0.0,0.096875,0.14765625,"ticks 0,10,...,190 (20 of 200); indices unavailable in original raw; duplicate projected actions create bounds"
original_recorded_snapshot_action_equivalence,locked_delay_dropout,heat,B4_s23,9,2560,0.00234375,0.09921875,0.14765625,"ticks 0,10,...,190 (20 of 200); indices unavailable in original raw; duplicate projected actions create bounds"
original_recorded_snapshot_action_equivalence,locked_delay_dropout,heat,B4_s37,0,2560,0.00234375,0.00234375,0.14609375,"ticks 0,10,...,190 (20 of 200); indices unavailable in original raw; duplicate projected actions create bounds"
original_recorded_snapshot_action_equivalence,locked_delay_dropout,heat,B4_s37,1,2560,0.0171875,0.01953125,0.14609375,"ticks 0,10,...,190 (20 of 200); indices unavailable in original raw; duplicate projected actions create bounds"
original_recorded_snapshot_action_equivalence,locked_delay_dropout,heat,B4_s37,2,2560,0.0,0.00234375,0.14609375,"ticks 0,10,...,190 (20 of 200); indices unavailable in original raw; duplicate projected actions create bounds"
original_recorded_snapshot_action_equivalence,locked_delay_dropout,heat,B4_s37,3,2560,0.023828125,0.025,0.14609375,"ticks 0,10,...,190 (20 of 200); indices unavailable in original raw; duplicate projected actions create bounds"
original_recorded_snapshot_action_equivalence,locked_delay_dropout,heat,B4_s37,4,2560,0.79609375,0.908203125,0.14609375,"ticks 0,10,...,190 (20 of 200); indices unavailable in original raw; duplicate projected actions create bounds"
original_recorded_snapshot_action_equivalence,locked_delay_dropout,heat,B4_s37,5,2560,0.008203125,0.108203125,0.14609375,"ticks 0,10,...,190 (20 of 200); indices unavailable in original raw; duplicate projected actions create bounds"
original_recorded_snapshot_action_equivalence,locked_delay_dropout,heat,B4_s37,6,2560,0.0,0.001171875,0.14609375,"ticks 0,10,...,190 (20 of 200); indices unavailable in original raw; duplicate projected actions create bounds"
original_recorded_snapshot_action_equivalence,locked_delay_dropout,heat,B4_s37,7,2560,0.00390625,0.0796875,0.14609375,"ticks 0,10,...,190 (20 of 200); indices unavailable in original raw; duplicate projected actions create bounds"
original_recorded_snapshot_action_equivalence,locked_delay_dropout,heat,B4_s37,8,2560,0.0,0.094140625,0.14609375,"ticks 0,10,...,190 (20 of 200); indices unavailable in original raw; duplicate projected actions create bounds"
original_recorded_snapshot_action_equivalence,locked_delay_dropout,heat,B4_s37,9,2560,0.00234375,0.096484375,0.14609375,"ticks 0,10,...,190 (20 of 200); indices unavailable in original raw; duplicate projected actions create bounds"
original_recorded_snapshot_action_equivalence,locked_delay_dropout,heat,B5_s11,0,2560,0.001953125,0.001953125,0.145703125,"ticks 0,10,...,190 (20 of 200); indices unavailable in original raw; duplicate projected actions create bounds"
original_recorded_snapshot_action_equivalence,locked_delay_dropout,heat,B5_s11,1,2560,0.01328125,0.015625,0.145703125,"ticks 0,10,...,190 (20 of 200); indices unavailable in original raw; duplicate projected actions create bounds"
original_recorded_snapshot_action_equivalence,locked_delay_dropout,heat,B5_s11,2,2560,0.0,0.00234375,0.145703125,"ticks 0,10,...,190 (20 of 200); indices unavailable in original raw; duplicate projected actions create bounds"
original_recorded_snapshot_action_equivalence,locked_delay_dropout,heat,B5_s11,3,2560,0.0234375,0.024609375,0.145703125,"ticks 0,10,...,190 (20 of 200); indices unavailable in original raw; duplicate projected actions create bounds"
original_recorded_snapshot_action_equivalence,locked_delay_dropout,heat,B5_s11,4,2560,0.79921875,0.9140625,0.145703125,"ticks 0,10,...,190 (20 of 200); indices unavailable in original raw; duplicate projected actions create bounds"
original_recorded_snapshot_action_equivalence,locked_delay_dropout,heat,B5_s11,5,2560,0.01015625,0.111328125,0.145703125,"ticks 0,10,...,190 (20 of 200); indices unavailable in original raw; duplicate projected actions create bounds"
original_recorded_snapshot_action_equivalence,locked_delay_dropout,heat,B5_s11,6,2560,0.0,0.001171875,0.145703125,"ticks 0,10,...,190 (20 of 200); indices unavailable in original raw; duplicate projected actions create bounds"
original_recorded_snapshot_action_equivalence,locked_delay_dropout,heat,B5_s11,7,2560,0.00390625,0.08515625,0.145703125,"ticks 0,10,...,190 (20 of 200); indices unavailable in original raw; duplicate projected actions create bounds"
original_recorded_snapshot_action_equivalence,locked_delay_dropout,heat,B5_s11,8,2560,0.0,0.094921875,0.145703125,"ticks 0,10,...,190 (20 of 200); indices unavailable in original raw; duplicate projected actions create bounds"
original_recorded_snapshot_action_equivalence,locked_delay_dropout,heat,B5_s11,9,2560,0.00234375,0.097265625,0.145703125,"ticks 0,10,...,190 (20 of 200); indices unavailable in original raw; duplicate projected actions create bounds"
original_recorded_snapshot_action_equivalence,locked_delay_dropout,heat,B5_s23,0,2560,0.00078125,0.00078125,0.148828125,"ticks 0,10,...,190 (20 of 200); indices unavailable in original raw; duplicate projected actions create bounds"
original_recorded_snapshot_action_equivalence,locked_delay_dropout,heat,B5_s23,1,2560,0.018359375,0.02109375,0.148828125,"ticks 0,10,...,190 (20 of 200); indices unavailable in original raw; duplicate projected actions create bounds"
original_recorded_snapshot_action_equivalence,locked_delay_dropout,heat,B5_s23,2,2560,0.0,0.002734375,0.148828125,"ticks 0,10,...,190 (20 of 200); indices unavailable in original raw; duplicate projected actions create bounds"
original_recorded_snapshot_action_equivalence,locked_delay_dropout,heat,B5_s23,3,2560,0.02421875,0.025390625,0.148828125,"ticks 0,10,...,190 (20 of 200); indices unavailable in original raw; duplicate projected actions create bounds"
original_recorded_snapshot_action_equivalence,locked_delay_dropout,heat,B5_s23,4,2560,0.7921875,0.908984375,0.148828125,"ticks 0,10,...,190 (20 of 200); indices unavailable in original raw; duplicate projected actions create bounds"
original_recorded_snapshot_action_equivalence,locked_delay_dropout,heat,B5_s23,5,2560,0.009375,0.1125,0.148828125,"ticks 0,10,...,190 (20 of 200); indices unavailable in original raw; duplicate projected actions create bounds"
original_recorded_snapshot_action_equivalence,locked_delay_dropout,heat,B5_s23,6,2560,0.0,0.001171875,0.148828125,"ticks 0,10,...,190 (20 of 200); indices unavailable in original raw; duplicate projected actions create bounds"
original_recorded_snapshot_action_equivalence,locked_delay_dropout,heat,B5_s23,7,2560,0.00390625,0.085546875,0.148828125,"ticks 0,10,...,190 (20 of 200); indices unavailable in original raw; duplicate projected actions create bounds"
original_recorded_snapshot_action_equivalence,locked_delay_dropout,heat,B5_s23,8,2560,0.0,0.09609375,0.148828125,"ticks 0,10,...,190 (20 of 200); indices unavailable in original raw; duplicate projected actions create bounds"
original_recorded_snapshot_action_equivalence,locked_delay_dropout,heat,B5_s23,9,2560,0.00234375,0.0984375,0.148828125,"ticks 0,10,...,190 (20 of 200); indices unavailable in original raw; duplicate projected actions create bounds"
original_recorded_snapshot_action_equivalence,locked_delay_dropout,heat,B5_s37,0,2560,0.001953125,0.001953125,0.146875,"ticks 0,10,...,190 (20 of 200); indices unavailable in original raw; duplicate projected actions create bounds"
original_recorded_snapshot_action_equivalence,locked_delay_dropout,heat,B5_s37,1,2560,0.015234375,0.01796875,0.146875,"ticks 0,10,...,190 (20 of 200); indices unavailable in original raw; duplicate projected actions create bounds"
original_recorded_snapshot_action_equivalence,locked_delay_dropout,heat,B5_s37,2,2560,0.0,0.002734375,0.146875,"ticks 0,10,...,190 (20 of 200); indices unavailable in original raw; duplicate projected actions create bounds"
original_recorded_snapshot_action_equivalence,locked_delay_dropout,heat,B5_s37,3,2560,0.02421875,0.025390625,0.146875,"ticks 0,10,...,190 (20 of 200); indices unavailable in original raw; duplicate projected actions create bounds"
original_recorded_snapshot_action_equivalence,locked_delay_dropout,heat,B5_s37,4,2560,0.7953125,0.9109375,0.146875,"ticks 0,10,...,190 (20 of 200); indices unavailable in original raw; duplicate projected actions create bounds"
original_recorded_snapshot_action_equivalence,locked_delay_dropout,heat,B5_s37,5,2560,0.01015625,0.110546875,0.146875,"ticks 0,10,...,190 (20 of 200); indices unavailable in original raw; duplicate projected actions create bounds"
original_recorded_snapshot_action_equivalence,locked_delay_dropout,heat,B5_s37,6,2560,0.0,0.001171875,0.146875,"ticks 0,10,...,190 (20 of 200); indices unavailable in original raw; duplicate projected actions create bounds"
original_recorded_snapshot_action_equivalence,locked_delay_dropout,heat,B5_s37,7,2560,0.00390625,0.087109375,0.146875,"ticks 0,10,...,190 (20 of 200); indices unavailable in original raw; duplicate projected actions create bounds"
original_recorded_snapshot_action_equivalence,locked_delay_dropout,heat,B5_s37,8,2560,0.0,0.0953125,0.146875,"ticks 0,10,...,190 (20 of 200); indices unavailable in original raw; duplicate projected actions create bounds"
original_recorded_snapshot_action_equivalence,locked_delay_dropout,heat,B5_s37,9,2560,0.00234375,0.09765625,0.146875,"ticks 0,10,...,190 (20 of 200); indices unavailable in original raw; duplicate projected actions create bounds"
original_recorded_snapshot_action_equivalence,locked_delay_dropout,heat,P-no-rank_s11,0,2560,0.0015625,0.0015625,0.144140625,"ticks 0,10,...,190 (20 of 200); indices unavailable in original raw; duplicate projected actions create bounds"
original_recorded_snapshot_action_equivalence,locked_delay_dropout,heat,P-no-rank_s11,1,2560,0.014453125,0.017578125,0.144140625,"ticks 0,10,...,190 (20 of 200); indices unavailable in original raw; duplicate projected actions create bounds"
original_recorded_snapshot_action_equivalence,locked_delay_dropout,heat,P-no-rank_s11,2,2560,0.0,0.003125,0.144140625,"ticks 0,10,...,190 (20 of 200); indices unavailable in original raw; duplicate projected actions create bounds"
original_recorded_snapshot_action_equivalence,locked_delay_dropout,heat,P-no-rank_s11,3,2560,0.023046875,0.024609375,0.144140625,"ticks 0,10,...,190 (20 of 200); indices unavailable in original raw; duplicate projected actions create bounds"
original_recorded_snapshot_action_equivalence,locked_delay_dropout,heat,P-no-rank_s11,4,2560,0.801171875,0.91328125,0.144140625,"ticks 0,10,...,190 (20 of 200); indices unavailable in original raw; duplicate projected actions create bounds"
original_recorded_snapshot_action_equivalence,locked_delay_dropout,heat,P-no-rank_s11,5,2560,0.009765625,0.109765625,0.144140625,"ticks 0,10,...,190 (20 of 200); indices unavailable in original raw; duplicate projected actions create bounds"
original_recorded_snapshot_action_equivalence,locked_delay_dropout,heat,P-no-rank_s11,6,2560,0.0,0.0015625,0.144140625,"ticks 0,10,...,190 (20 of 200); indices unavailable in original raw; duplicate projected actions create bounds"
original_recorded_snapshot_action_equivalence,locked_delay_dropout,heat,P-no-rank_s11,7,2560,0.00390625,0.0828125,0.144140625,"ticks 0,10,...,190 (20 of 200); indices unavailable in original raw; duplicate projected actions create bounds"
original_recorded_snapshot_action_equivalence,locked_delay_dropout,heat,P-no-rank_s11,8,2560,0.0,0.094140625,0.144140625,"ticks 0,10,...,190 (20 of 200); indices unavailable in original raw; duplicate projected actions create bounds"
original_recorded_snapshot_action_equivalence,locked_delay_dropout,heat,P-no-rank_s11,9,2560,0.001953125,0.09609375,0.144140625,"ticks 0,10,...,190 (20 of 200); indices unavailable in original raw; duplicate projected actions create bounds"
original_recorded_snapshot_action_equivalence,locked_delay_dropout,heat,P-no-rank_s23,0,2560,0.00078125,0.00078125,0.150390625,"ticks 0,10,...,190 (20 of 200); indices unavailable in original raw; duplicate projected actions create bounds"
original_recorded_snapshot_action_equivalence,locked_delay_dropout,heat,P-no-rank_s23,1,2560,0.01875,0.0203125,0.150390625,"ticks 0,10,...,190 (20 of 200); indices unavailable in original raw; duplicate projected actions create bounds"
original_recorded_snapshot_action_equivalence,locked_delay_dropout,heat,P-no-rank_s23,2,2560,0.0,0.0015625,0.150390625,"ticks 0,10,...,190 (20 of 200); indices unavailable in original raw; duplicate projected actions create bounds"
original_recorded_snapshot_action_equivalence,locked_delay_dropout,heat,P-no-rank_s23,3,2560,0.01953125,0.02109375,0.150390625,"ticks 0,10,...,190 (20 of 200); indices unavailable in original raw; duplicate projected actions create bounds"
original_recorded_snapshot_action_equivalence,locked_delay_dropout,heat,P-no-rank_s23,4,2560,0.796484375,0.9140625,0.150390625,"ticks 0,10,...,190 (20 of 200); indices unavailable in original raw; duplicate projected actions create bounds"
original_recorded_snapshot_action_equivalence,locked_delay_dropout,heat,P-no-rank_s23,5,2560,0.008203125,0.107421875,0.150390625,"ticks 0,10,...,190 (20 of 200); indices unavailable in original raw; duplicate projected actions create bounds"
original_recorded_snapshot_action_equivalence,locked_delay_dropout,heat,P-no-rank_s23,6,2560,0.0,0.0015625,0.150390625,"ticks 0,10,...,190 (20 of 200); indices unavailable in original raw; duplicate projected actions create bounds"
original_recorded_snapshot_action_equivalence,locked_delay_dropout,heat,P-no-rank_s23,7,2560,0.003515625,0.090625,0.150390625,"ticks 0,10,...,190 (20 of 200); indices unavailable in original raw; duplicate projected actions create bounds"
original_recorded_snapshot_action_equivalence,locked_delay_dropout,heat,P-no-rank_s23,8,2560,0.0,0.0984375,0.150390625,"ticks 0,10,...,190 (20 of 200); indices unavailable in original raw; duplicate projected actions create bounds"
original_recorded_snapshot_action_equivalence,locked_delay_dropout,heat,P-no-rank_s23,9,2560,0.00234375,0.10078125,0.150390625,"ticks 0,10,...,190 (20 of 200); indices unavailable in original raw; duplicate projected actions create bounds"
original_recorded_snapshot_action_equivalence,locked_delay_dropout,heat,P-no-rank_s37,0,2560,0.001171875,0.001171875,0.148828125,"ticks 0,10,...,190 (20 of 200); indices unavailable in original raw; duplicate projected actions create bounds"
original_recorded_snapshot_action_equivalence,locked_delay_dropout,heat,P-no-rank_s37,1,2560,0.016796875,0.01875,0.148828125,"ticks 0,10,...,190 (20 of 200); indices unavailable in original raw; duplicate projected actions create bounds"
original_recorded_snapshot_action_equivalence,locked_delay_dropout,heat,P-no-rank_s37,2,2560,0.0,0.001953125,0.148828125,"ticks 0,10,...,190 (20 of 200); indices unavailable in original raw; duplicate projected actions create bounds"
original_recorded_snapshot_action_equivalence,locked_delay_dropout,heat,P-no-rank_s37,3,2560,0.025390625,0.027734375,0.148828125,"ticks 0,10,...,190 (20 of 200); indices unavailable in original raw; duplicate projected actions create bounds"
original_recorded_snapshot_action_equivalence,locked_delay_dropout,heat,P-no-rank_s37,4,2560,0.7921875,0.908984375,0.148828125,"ticks 0,10,...,190 (20 of 200); indices unavailable in original raw; duplicate projected actions create bounds"
original_recorded_snapshot_action_equivalence,locked_delay_dropout,heat,P-no-rank_s37,5,2560,0.01015625,0.109375,0.148828125,"ticks 0,10,...,190 (20 of 200); indices unavailable in original raw; duplicate projected actions create bounds"
original_recorded_snapshot_action_equivalence,locked_delay_dropout,heat,P-no-rank_s37,6,2560,0.0,0.00234375,0.148828125,"ticks 0,10,...,190 (20 of 200); indices unavailable in original raw; duplicate projected actions create bounds"
original_recorded_snapshot_action_equivalence,locked_delay_dropout,heat,P-no-rank_s37,7,2560,0.003515625,0.09140625,0.148828125,"ticks 0,10,...,190 (20 of 200); indices unavailable in original raw; duplicate projected actions create bounds"
original_recorded_snapshot_action_equivalence,locked_delay_dropout,heat,P-no-rank_s37,8,2560,0.0,0.098046875,0.148828125,"ticks 0,10,...,190 (20 of 200); indices unavailable in original raw; duplicate projected actions create bounds"
original_recorded_snapshot_action_equivalence,locked_delay_dropout,heat,P-no-rank_s37,9,2560,0.001953125,0.1,0.148828125,"ticks 0,10,...,190 (20 of 200); indices unavailable in original raw; duplicate projected actions create bounds"
original_recorded_snapshot_action_equivalence,locked_delay_dropout,heat,P_s11,0,2560,0.001953125,0.001953125,0.145703125,"ticks 0,10,...,190 (20 of 200); indices unavailable in original raw; duplicate projected actions create bounds"
original_recorded_snapshot_action_equivalence,locked_delay_dropout,heat,P_s11,1,2560,0.01328125,0.015625,0.145703125,"ticks 0,10,...,190 (20 of 200); indices unavailable in original raw; duplicate projected actions create bounds"
original_recorded_snapshot_action_equivalence,locked_delay_dropout,heat,P_s11,2,2560,0.0,0.00234375,0.145703125,"ticks 0,10,...,190 (20 of 200); indices unavailable in original raw; duplicate projected actions create bounds"
original_recorded_snapshot_action_equivalence,locked_delay_dropout,heat,P_s11,3,2560,0.0234375,0.024609375,0.145703125,"ticks 0,10,...,190 (20 of 200); indices unavailable in original raw; duplicate projected actions create bounds"
original_recorded_snapshot_action_equivalence,locked_delay_dropout,heat,P_s11,4,2560,0.79921875,0.9140625,0.145703125,"ticks 0,10,...,190 (20 of 200); indices unavailable in original raw; duplicate projected actions create bounds"
original_recorded_snapshot_action_equivalence,locked_delay_dropout,heat,P_s11,5,2560,0.01015625,0.111328125,0.145703125,"ticks 0,10,...,190 (20 of 200); indices unavailable in original raw; duplicate projected actions create bounds"
original_recorded_snapshot_action_equivalence,locked_delay_dropout,heat,P_s11,6,2560,0.0,0.001171875,0.145703125,"ticks 0,10,...,190 (20 of 200); indices unavailable in original raw; duplicate projected actions create bounds"
original_recorded_snapshot_action_equivalence,locked_delay_dropout,heat,P_s11,7,2560,0.00390625,0.08515625,0.145703125,"ticks 0,10,...,190 (20 of 200); indices unavailable in original raw; duplicate projected actions create bounds"
original_recorded_snapshot_action_equivalence,locked_delay_dropout,heat,P_s11,8,2560,0.0,0.094921875,0.145703125,"ticks 0,10,...,190 (20 of 200); indices unavailable in original raw; duplicate projected actions create bounds"
original_recorded_snapshot_action_equivalence,locked_delay_dropout,heat,P_s11,9,2560,0.00234375,0.097265625,0.145703125,"ticks 0,10,...,190 (20 of 200); indices unavailable in original raw; duplicate projected actions create bounds"
original_recorded_snapshot_action_equivalence,locked_delay_dropout,heat,P_s23,0,2560,0.00078125,0.00078125,0.148828125,"ticks 0,10,...,190 (20 of 200); indices unavailable in original raw; duplicate projected actions create bounds"
original_recorded_snapshot_action_equivalence,locked_delay_dropout,heat,P_s23,1,2560,0.018359375,0.02109375,0.148828125,"ticks 0,10,...,190 (20 of 200); indices unavailable in original raw; duplicate projected actions create bounds"
original_recorded_snapshot_action_equivalence,locked_delay_dropout,heat,P_s23,2,2560,0.0,0.002734375,0.148828125,"ticks 0,10,...,190 (20 of 200); indices unavailable in original raw; duplicate projected actions create bounds"
original_recorded_snapshot_action_equivalence,locked_delay_dropout,heat,P_s23,3,2560,0.02421875,0.025390625,0.148828125,"ticks 0,10,...,190 (20 of 200); indices unavailable in original raw; duplicate projected actions create bounds"
original_recorded_snapshot_action_equivalence,locked_delay_dropout,heat,P_s23,4,2560,0.7921875,0.908984375,0.148828125,"ticks 0,10,...,190 (20 of 200); indices unavailable in original raw; duplicate projected actions create bounds"
original_recorded_snapshot_action_equivalence,locked_delay_dropout,heat,P_s23,5,2560,0.009375,0.1125,0.148828125,"ticks 0,10,...,190 (20 of 200); indices unavailable in original raw; duplicate projected actions create bounds"
original_recorded_snapshot_action_equivalence,locked_delay_dropout,heat,P_s23,6,2560,0.0,0.001171875,0.148828125,"ticks 0,10,...,190 (20 of 200); indices unavailable in original raw; duplicate projected actions create bounds"
original_recorded_snapshot_action_equivalence,locked_delay_dropout,heat,P_s23,7,2560,0.00390625,0.085546875,0.148828125,"ticks 0,10,...,190 (20 of 200); indices unavailable in original raw; duplicate projected actions create bounds"
original_recorded_snapshot_action_equivalence,locked_delay_dropout,heat,P_s23,8,2560,0.0,0.09609375,0.148828125,"ticks 0,10,...,190 (20 of 200); indices unavailable in original raw; duplicate projected actions create bounds"
original_recorded_snapshot_action_equivalence,locked_delay_dropout,heat,P_s23,9,2560,0.00234375,0.0984375,0.148828125,"ticks 0,10,...,190 (20 of 200); indices unavailable in original raw; duplicate projected actions create bounds"
original_recorded_snapshot_action_equivalence,locked_delay_dropout,heat,P_s37,0,2560,0.001953125,0.001953125,0.146875,"ticks 0,10,...,190 (20 of 200); indices unavailable in original raw; duplicate projected actions create bounds"
original_recorded_snapshot_action_equivalence,locked_delay_dropout,heat,P_s37,1,2560,0.015234375,0.01796875,0.146875,"ticks 0,10,...,190 (20 of 200); indices unavailable in original raw; duplicate projected actions create bounds"
original_recorded_snapshot_action_equivalence,locked_delay_dropout,heat,P_s37,2,2560,0.0,0.002734375,0.146875,"ticks 0,10,...,190 (20 of 200); indices unavailable in original raw; duplicate projected actions create bounds"
original_recorded_snapshot_action_equivalence,locked_delay_dropout,heat,P_s37,3,2560,0.02421875,0.025390625,0.146875,"ticks 0,10,...,190 (20 of 200); indices unavailable in original raw; duplicate projected actions create bounds"
original_recorded_snapshot_action_equivalence,locked_delay_dropout,heat,P_s37,4,2560,0.7953125,0.9109375,0.146875,"ticks 0,10,...,190 (20 of 200); indices unavailable in original raw; duplicate projected actions create bounds"
original_recorded_snapshot_action_equivalence,locked_delay_dropout,heat,P_s37,5,2560,0.01015625,0.110546875,0.146875,"ticks 0,10,...,190 (20 of 200); indices unavailable in original raw; duplicate projected actions create bounds"
original_recorded_snapshot_action_equivalence,locked_delay_dropout,heat,P_s37,6,2560,0.0,0.001171875,0.146875,"ticks 0,10,...,190 (20 of 200); indices unavailable in original raw; duplicate projected actions create bounds"
original_recorded_snapshot_action_equivalence,locked_delay_dropout,heat,P_s37,7,2560,0.00390625,0.087109375,0.146875,"ticks 0,10,...,190 (20 of 200); indices unavailable in original raw; duplicate projected actions create bounds"
original_recorded_snapshot_action_equivalence,locked_delay_dropout,heat,P_s37,8,2560,0.0,0.0953125,0.146875,"ticks 0,10,...,190 (20 of 200); indices unavailable in original raw; duplicate projected actions create bounds"
original_recorded_snapshot_action_equivalence,locked_delay_dropout,heat,P_s37,9,2560,0.00234375,0.09765625,0.146875,"ticks 0,10,...,190 (20 of 200); indices unavailable in original raw; duplicate projected actions create bounds"
original_recorded_snapshot_action_equivalence,locked_nominal,burgers,B4_s11,0,7680,0.0,0.0,0.0,"ticks 0,10,...,190 (20 of 200); indices unavailable in original raw; duplicate projected actions create bounds"
original_recorded_snapshot_action_equivalence,locked_nominal,burgers,B4_s11,1,7680,0.0,0.0,0.0,"ticks 0,10,...,190 (20 of 200); indices unavailable in original raw; duplicate projected actions create bounds"
original_recorded_snapshot_action_equivalence,locked_nominal,burgers,B4_s11,2,7680,0.0,0.0,0.0,"ticks 0,10,...,190 (20 of 200); indices unavailable in original raw; duplicate projected actions create bounds"
original_recorded_snapshot_action_equivalence,locked_nominal,burgers,B4_s11,3,7680,0.0,0.0,0.0,"ticks 0,10,...,190 (20 of 200); indices unavailable in original raw; duplicate projected actions create bounds"
original_recorded_snapshot_action_equivalence,locked_nominal,burgers,B4_s11,4,7680,0.9764322916666667,0.9764322916666667,0.0,"ticks 0,10,...,190 (20 of 200); indices unavailable in original raw; duplicate projected actions create bounds"
original_recorded_snapshot_action_equivalence,locked_nominal,burgers,B4_s11,5,7680,0.0,0.0,0.0,"ticks 0,10,...,190 (20 of 200); indices unavailable in original raw; duplicate projected actions create bounds"
original_recorded_snapshot_action_equivalence,locked_nominal,burgers,B4_s11,6,7680,0.0,0.0,0.0,"ticks 0,10,...,190 (20 of 200); indices unavailable in original raw; duplicate projected actions create bounds"
original_recorded_snapshot_action_equivalence,locked_nominal,burgers,B4_s11,7,7680,0.0,0.0,0.0,"ticks 0,10,...,190 (20 of 200); indices unavailable in original raw; duplicate projected actions create bounds"
original_recorded_snapshot_action_equivalence,locked_nominal,burgers,B4_s11,8,7680,0.0,0.0,0.0,"ticks 0,10,...,190 (20 of 200); indices unavailable in original raw; duplicate projected actions create bounds"
original_recorded_snapshot_action_equivalence,locked_nominal,burgers,B4_s11,9,7680,0.023567708333333333,0.023567708333333333,0.0,"ticks 0,10,...,190 (20 of 200); indices unavailable in original raw; duplicate projected actions create bounds"
original_recorded_snapshot_action_equivalence,locked_nominal,burgers,B4_s23,0,7680,0.0,0.0,0.0,"ticks 0,10,...,190 (20 of 200); indices unavailable in original raw; duplicate projected actions create bounds"
original_recorded_snapshot_action_equivalence,locked_nominal,burgers,B4_s23,1,7680,0.0,0.0,0.0,"ticks 0,10,...,190 (20 of 200); indices unavailable in original raw; duplicate projected actions create bounds"
original_recorded_snapshot_action_equivalence,locked_nominal,burgers,B4_s23,2,7680,0.0,0.0,0.0,"ticks 0,10,...,190 (20 of 200); indices unavailable in original raw; duplicate projected actions create bounds"
original_recorded_snapshot_action_equivalence,locked_nominal,burgers,B4_s23,3,7680,0.0,0.0,0.0,"ticks 0,10,...,190 (20 of 200); indices unavailable in original raw; duplicate projected actions create bounds"
original_recorded_snapshot_action_equivalence,locked_nominal,burgers,B4_s23,4,7680,0.9770833333333333,0.9770833333333333,0.0,"ticks 0,10,...,190 (20 of 200); indices unavailable in original raw; duplicate projected actions create bounds"
original_recorded_snapshot_action_equivalence,locked_nominal,burgers,B4_s23,5,7680,0.0,0.0,0.0,"ticks 0,10,...,190 (20 of 200); indices unavailable in original raw; duplicate projected actions create bounds"
original_recorded_snapshot_action_equivalence,locked_nominal,burgers,B4_s23,6,7680,0.0,0.0,0.0,"ticks 0,10,...,190 (20 of 200); indices unavailable in original raw; duplicate projected actions create bounds"
original_recorded_snapshot_action_equivalence,locked_nominal,burgers,B4_s23,7,7680,0.0,0.0,0.0,"ticks 0,10,...,190 (20 of 200); indices unavailable in original raw; duplicate projected actions create bounds"
original_recorded_snapshot_action_equivalence,locked_nominal,burgers,B4_s23,8,7680,0.0,0.0,0.0,"ticks 0,10,...,190 (20 of 200); indices unavailable in original raw; duplicate projected actions create bounds"
original_recorded_snapshot_action_equivalence,locked_nominal,burgers,B4_s23,9,7680,0.022916666666666665,0.022916666666666665,0.0,"ticks 0,10,...,190 (20 of 200); indices unavailable in original raw; duplicate projected actions create bounds"
original_recorded_snapshot_action_equivalence,locked_nominal,burgers,B4_s37,0,7680,0.0,0.0,0.0,"ticks 0,10,...,190 (20 of 200); indices unavailable in original raw; duplicate projected actions create bounds"
original_recorded_snapshot_action_equivalence,locked_nominal,burgers,B4_s37,1,7680,0.0,0.0,0.0,"ticks 0,10,...,190 (20 of 200); indices unavailable in original raw; duplicate projected actions create bounds"
original_recorded_snapshot_action_equivalence,locked_nominal,burgers,B4_s37,2,7680,0.0,0.0,0.0,"ticks 0,10,...,190 (20 of 200); indices unavailable in original raw; duplicate projected actions create bounds"
original_recorded_snapshot_action_equivalence,locked_nominal,burgers,B4_s37,3,7680,0.0,0.0,0.0,"ticks 0,10,...,190 (20 of 200); indices unavailable in original raw; duplicate projected actions create bounds"
original_recorded_snapshot_action_equivalence,locked_nominal,burgers,B4_s37,4,7680,0.976953125,0.976953125,0.0,"ticks 0,10,...,190 (20 of 200); indices unavailable in original raw; duplicate projected actions create bounds"
original_recorded_snapshot_action_equivalence,locked_nominal,burgers,B4_s37,5,7680,0.0,0.0,0.0,"ticks 0,10,...,190 (20 of 200); indices unavailable in original raw; duplicate projected actions create bounds"
original_recorded_snapshot_action_equivalence,locked_nominal,burgers,B4_s37,6,7680,0.0,0.0,0.0,"ticks 0,10,...,190 (20 of 200); indices unavailable in original raw; duplicate projected actions create bounds"
original_recorded_snapshot_action_equivalence,locked_nominal,burgers,B4_s37,7,7680,0.0,0.0,0.0,"ticks 0,10,...,190 (20 of 200); indices unavailable in original raw; duplicate projected actions create bounds"
original_recorded_snapshot_action_equivalence,locked_nominal,burgers,B4_s37,8,7680,0.0,0.0,0.0,"ticks 0,10,...,190 (20 of 200); indices unavailable in original raw; duplicate projected actions create bounds"
original_recorded_snapshot_action_equivalence,locked_nominal,burgers,B4_s37,9,7680,0.023046875,0.023046875,0.0,"ticks 0,10,...,190 (20 of 200); indices unavailable in original raw; duplicate projected actions create bounds"
original_recorded_snapshot_action_equivalence,locked_nominal,burgers,B5_s11,0,7680,0.0,0.0,0.0,"ticks 0,10,...,190 (20 of 200); indices unavailable in original raw; duplicate projected actions create bounds"
original_recorded_snapshot_action_equivalence,locked_nominal,burgers,B5_s11,1,7680,0.0,0.0,0.0,"ticks 0,10,...,190 (20 of 200); indices unavailable in original raw; duplicate projected actions create bounds"
original_recorded_snapshot_action_equivalence,locked_nominal,burgers,B5_s11,2,7680,0.0,0.0,0.0,"ticks 0,10,...,190 (20 of 200); indices unavailable in original raw; duplicate projected actions create bounds"
original_recorded_snapshot_action_equivalence,locked_nominal,burgers,B5_s11,3,7680,0.0,0.0,0.0,"ticks 0,10,...,190 (20 of 200); indices unavailable in original raw; duplicate projected actions create bounds"
original_recorded_snapshot_action_equivalence,locked_nominal,burgers,B5_s11,4,7680,0.9766927083333333,0.9766927083333333,0.0,"ticks 0,10,...,190 (20 of 200); indices unavailable in original raw; duplicate projected actions create bounds"
original_recorded_snapshot_action_equivalence,locked_nominal,burgers,B5_s11,5,7680,0.0,0.0,0.0,"ticks 0,10,...,190 (20 of 200); indices unavailable in original raw; duplicate projected actions create bounds"
original_recorded_snapshot_action_equivalence,locked_nominal,burgers,B5_s11,6,7680,0.0,0.0,0.0,"ticks 0,10,...,190 (20 of 200); indices unavailable in original raw; duplicate projected actions create bounds"
original_recorded_snapshot_action_equivalence,locked_nominal,burgers,B5_s11,7,7680,0.0,0.0,0.0,"ticks 0,10,...,190 (20 of 200); indices unavailable in original raw; duplicate projected actions create bounds"
original_recorded_snapshot_action_equivalence,locked_nominal,burgers,B5_s11,8,7680,0.0,0.0,0.0,"ticks 0,10,...,190 (20 of 200); indices unavailable in original raw; duplicate projected actions create bounds"
original_recorded_snapshot_action_equivalence,locked_nominal,burgers,B5_s11,9,7680,0.023307291666666667,0.023307291666666667,0.0,"ticks 0,10,...,190 (20 of 200); indices unavailable in original raw; duplicate projected actions create bounds"
original_recorded_snapshot_action_equivalence,locked_nominal,burgers,B5_s23,0,7680,0.0,0.0,0.0,"ticks 0,10,...,190 (20 of 200); indices unavailable in original raw; duplicate projected actions create bounds"
original_recorded_snapshot_action_equivalence,locked_nominal,burgers,B5_s23,1,7680,0.0,0.0,0.0,"ticks 0,10,...,190 (20 of 200); indices unavailable in original raw; duplicate projected actions create bounds"
original_recorded_snapshot_action_equivalence,locked_nominal,burgers,B5_s23,2,7680,0.0,0.0,0.0,"ticks 0,10,...,190 (20 of 200); indices unavailable in original raw; duplicate projected actions create bounds"
original_recorded_snapshot_action_equivalence,locked_nominal,burgers,B5_s23,3,7680,0.0,0.0,0.0,"ticks 0,10,...,190 (20 of 200); indices unavailable in original raw; duplicate projected actions create bounds"
original_recorded_snapshot_action_equivalence,locked_nominal,burgers,B5_s23,4,7680,0.9760416666666667,0.9760416666666667,0.0,"ticks 0,10,...,190 (20 of 200); indices unavailable in original raw; duplicate projected actions create bounds"
original_recorded_snapshot_action_equivalence,locked_nominal,burgers,B5_s23,5,7680,0.0,0.0,0.0,"ticks 0,10,...,190 (20 of 200); indices unavailable in original raw; duplicate projected actions create bounds"
original_recorded_snapshot_action_equivalence,locked_nominal,burgers,B5_s23,6,7680,0.0,0.0,0.0,"ticks 0,10,...,190 (20 of 200); indices unavailable in original raw; duplicate projected actions create bounds"
original_recorded_snapshot_action_equivalence,locked_nominal,burgers,B5_s23,7,7680,0.0,0.0,0.0,"ticks 0,10,...,190 (20 of 200); indices unavailable in original raw; duplicate projected actions create bounds"
original_recorded_snapshot_action_equivalence,locked_nominal,burgers,B5_s23,8,7680,0.0,0.0,0.0,"ticks 0,10,...,190 (20 of 200); indices unavailable in original raw; duplicate projected actions create bounds"
original_recorded_snapshot_action_equivalence,locked_nominal,burgers,B5_s23,9,7680,0.023958333333333335,0.023958333333333335,0.0,"ticks 0,10,...,190 (20 of 200); indices unavailable in original raw; duplicate projected actions create bounds"
original_recorded_snapshot_action_equivalence,locked_nominal,burgers,B5_s37,0,7680,0.0,0.0,0.0,"ticks 0,10,...,190 (20 of 200); indices unavailable in original raw; duplicate projected actions create bounds"
original_recorded_snapshot_action_equivalence,locked_nominal,burgers,B5_s37,1,7680,0.0,0.0,0.0,"ticks 0,10,...,190 (20 of 200); indices unavailable in original raw; duplicate projected actions create bounds"
original_recorded_snapshot_action_equivalence,locked_nominal,burgers,B5_s37,2,7680,0.0,0.0,0.0,"ticks 0,10,...,190 (20 of 200); indices unavailable in original raw; duplicate projected actions create bounds"
original_recorded_snapshot_action_equivalence,locked_nominal,burgers,B5_s37,3,7680,0.0,0.0,0.0,"ticks 0,10,...,190 (20 of 200); indices unavailable in original raw; duplicate projected actions create bounds"
original_recorded_snapshot_action_equivalence,locked_nominal,burgers,B5_s37,4,7680,0.976171875,0.976171875,0.0,"ticks 0,10,...,190 (20 of 200); indices unavailable in original raw; duplicate projected actions create bounds"
original_recorded_snapshot_action_equivalence,locked_nominal,burgers,B5_s37,5,7680,0.0,0.0,0.0,"ticks 0,10,...,190 (20 of 200); indices unavailable in original raw; duplicate projected actions create bounds"
original_recorded_snapshot_action_equivalence,locked_nominal,burgers,B5_s37,6,7680,0.0,0.0,0.0,"ticks 0,10,...,190 (20 of 200); indices unavailable in original raw; duplicate projected actions create bounds"
original_recorded_snapshot_action_equivalence,locked_nominal,burgers,B5_s37,7,7680,0.0,0.0,0.0,"ticks 0,10,...,190 (20 of 200); indices unavailable in original raw; duplicate projected actions create bounds"
original_recorded_snapshot_action_equivalence,locked_nominal,burgers,B5_s37,8,7680,0.0,0.0,0.0,"ticks 0,10,...,190 (20 of 200); indices unavailable in original raw; duplicate projected actions create bounds"
original_recorded_snapshot_action_equivalence,locked_nominal,burgers,B5_s37,9,7680,0.023828125,0.023828125,0.0,"ticks 0,10,...,190 (20 of 200); indices unavailable in original raw; duplicate projected actions create bounds"
original_recorded_snapshot_action_equivalence,locked_nominal,burgers,P-no-rank_s11,0,7680,0.0,0.0,0.0,"ticks 0,10,...,190 (20 of 200); indices unavailable in original raw; duplicate projected actions create bounds"
original_recorded_snapshot_action_equivalence,locked_nominal,burgers,P-no-rank_s11,1,7680,0.0,0.0,0.0,"ticks 0,10,...,190 (20 of 200); indices unavailable in original raw; duplicate projected actions create bounds"
original_recorded_snapshot_action_equivalence,locked_nominal,burgers,P-no-rank_s11,2,7680,0.0,0.0,0.0,"ticks 0,10,...,190 (20 of 200); indices unavailable in original raw; duplicate projected actions create bounds"
original_recorded_snapshot_action_equivalence,locked_nominal,burgers,P-no-rank_s11,3,7680,0.0,0.0,0.0,"ticks 0,10,...,190 (20 of 200); indices unavailable in original raw; duplicate projected actions create bounds"
original_recorded_snapshot_action_equivalence,locked_nominal,burgers,P-no-rank_s11,4,7680,0.9768229166666667,0.9768229166666667,0.0,"ticks 0,10,...,190 (20 of 200); indices unavailable in original raw; duplicate projected actions create bounds"
original_recorded_snapshot_action_equivalence,locked_nominal,burgers,P-no-rank_s11,5,7680,0.0,0.0,0.0,"ticks 0,10,...,190 (20 of 200); indices unavailable in original raw; duplicate projected actions create bounds"
original_recorded_snapshot_action_equivalence,locked_nominal,burgers,P-no-rank_s11,6,7680,0.0,0.0,0.0,"ticks 0,10,...,190 (20 of 200); indices unavailable in original raw; duplicate projected actions create bounds"
original_recorded_snapshot_action_equivalence,locked_nominal,burgers,P-no-rank_s11,7,7680,0.0,0.0,0.0,"ticks 0,10,...,190 (20 of 200); indices unavailable in original raw; duplicate projected actions create bounds"
original_recorded_snapshot_action_equivalence,locked_nominal,burgers,P-no-rank_s11,8,7680,0.0,0.0,0.0,"ticks 0,10,...,190 (20 of 200); indices unavailable in original raw; duplicate projected actions create bounds"
original_recorded_snapshot_action_equivalence,locked_nominal,burgers,P-no-rank_s11,9,7680,0.023177083333333334,0.023177083333333334,0.0,"ticks 0,10,...,190 (20 of 200); indices unavailable in original raw; duplicate projected actions create bounds"
original_recorded_snapshot_action_equivalence,locked_nominal,burgers,P-no-rank_s23,0,7680,0.0,0.0,0.0,"ticks 0,10,...,190 (20 of 200); indices unavailable in original raw; duplicate projected actions create bounds"
original_recorded_snapshot_action_equivalence,locked_nominal,burgers,P-no-rank_s23,1,7680,0.0,0.0,0.0,"ticks 0,10,...,190 (20 of 200); indices unavailable in original raw; duplicate projected actions create bounds"
original_recorded_snapshot_action_equivalence,locked_nominal,burgers,P-no-rank_s23,2,7680,0.0,0.0,0.0,"ticks 0,10,...,190 (20 of 200); indices unavailable in original raw; duplicate projected actions create bounds"
original_recorded_snapshot_action_equivalence,locked_nominal,burgers,P-no-rank_s23,3,7680,0.0,0.0,0.0,"ticks 0,10,...,190 (20 of 200); indices unavailable in original raw; duplicate projected actions create bounds"
original_recorded_snapshot_action_equivalence,locked_nominal,burgers,P-no-rank_s23,4,7680,0.9776041666666667,0.9776041666666667,0.0,"ticks 0,10,...,190 (20 of 200); indices unavailable in original raw; duplicate projected actions create bounds"
original_recorded_snapshot_action_equivalence,locked_nominal,burgers,P-no-rank_s23,5,7680,0.0,0.0,0.0,"ticks 0,10,...,190 (20 of 200); indices unavailable in original raw; duplicate projected actions create bounds"
original_recorded_snapshot_action_equivalence,locked_nominal,burgers,P-no-rank_s23,6,7680,0.0,0.0,0.0,"ticks 0,10,...,190 (20 of 200); indices unavailable in original raw; duplicate projected actions create bounds"
original_recorded_snapshot_action_equivalence,locked_nominal,burgers,P-no-rank_s23,7,7680,0.0,0.0,0.0,"ticks 0,10,...,190 (20 of 200); indices unavailable in original raw; duplicate projected actions create bounds"
original_recorded_snapshot_action_equivalence,locked_nominal,burgers,P-no-rank_s23,8,7680,0.0,0.0,0.0,"ticks 0,10,...,190 (20 of 200); indices unavailable in original raw; duplicate projected actions create bounds"
original_recorded_snapshot_action_equivalence,locked_nominal,burgers,P-no-rank_s23,9,7680,0.022395833333333334,0.022395833333333334,0.0,"ticks 0,10,...,190 (20 of 200); indices unavailable in original raw; duplicate projected actions create bounds"
original_recorded_snapshot_action_equivalence,locked_nominal,burgers,P-no-rank_s37,0,7680,0.0,0.0,0.0,"ticks 0,10,...,190 (20 of 200); indices unavailable in original raw; duplicate projected actions create bounds"
original_recorded_snapshot_action_equivalence,locked_nominal,burgers,P-no-rank_s37,1,7680,0.0,0.0,0.0,"ticks 0,10,...,190 (20 of 200); indices unavailable in original raw; duplicate projected actions create bounds"
original_recorded_snapshot_action_equivalence,locked_nominal,burgers,P-no-rank_s37,2,7680,0.0,0.0,0.0,"ticks 0,10,...,190 (20 of 200); indices unavailable in original raw; duplicate projected actions create bounds"
original_recorded_snapshot_action_equivalence,locked_nominal,burgers,P-no-rank_s37,3,7680,0.0,0.0,0.0,"ticks 0,10,...,190 (20 of 200); indices unavailable in original raw; duplicate projected actions create bounds"
original_recorded_snapshot_action_equivalence,locked_nominal,burgers,P-no-rank_s37,4,7680,0.9760416666666667,0.9760416666666667,0.0,"ticks 0,10,...,190 (20 of 200); indices unavailable in original raw; duplicate projected actions create bounds"
original_recorded_snapshot_action_equivalence,locked_nominal,burgers,P-no-rank_s37,5,7680,0.0,0.0,0.0,"ticks 0,10,...,190 (20 of 200); indices unavailable in original raw; duplicate projected actions create bounds"
original_recorded_snapshot_action_equivalence,locked_nominal,burgers,P-no-rank_s37,6,7680,0.0,0.0,0.0,"ticks 0,10,...,190 (20 of 200); indices unavailable in original raw; duplicate projected actions create bounds"
original_recorded_snapshot_action_equivalence,locked_nominal,burgers,P-no-rank_s37,7,7680,0.0,0.0,0.0,"ticks 0,10,...,190 (20 of 200); indices unavailable in original raw; duplicate projected actions create bounds"
original_recorded_snapshot_action_equivalence,locked_nominal,burgers,P-no-rank_s37,8,7680,0.0,0.0,0.0,"ticks 0,10,...,190 (20 of 200); indices unavailable in original raw; duplicate projected actions create bounds"
original_recorded_snapshot_action_equivalence,locked_nominal,burgers,P-no-rank_s37,9,7680,0.023958333333333335,0.023958333333333335,0.0,"ticks 0,10,...,190 (20 of 200); indices unavailable in original raw; duplicate projected actions create bounds"
original_recorded_snapshot_action_equivalence,locked_nominal,burgers,P_s11,0,7680,0.0,0.0,0.0,"ticks 0,10,...,190 (20 of 200); indices unavailable in original raw; duplicate projected actions create bounds"
original_recorded_snapshot_action_equivalence,locked_nominal,burgers,P_s11,1,7680,0.0,0.0,0.0,"ticks 0,10,...,190 (20 of 200); indices unavailable in original raw; duplicate projected actions create bounds"
original_recorded_snapshot_action_equivalence,locked_nominal,burgers,P_s11,2,7680,0.0,0.0,0.0,"ticks 0,10,...,190 (20 of 200); indices unavailable in original raw; duplicate projected actions create bounds"
original_recorded_snapshot_action_equivalence,locked_nominal,burgers,P_s11,3,7680,0.0,0.0,0.0,"ticks 0,10,...,190 (20 of 200); indices unavailable in original raw; duplicate projected actions create bounds"
original_recorded_snapshot_action_equivalence,locked_nominal,burgers,P_s11,4,7680,0.9766927083333333,0.9766927083333333,0.0,"ticks 0,10,...,190 (20 of 200); indices unavailable in original raw; duplicate projected actions create bounds"
original_recorded_snapshot_action_equivalence,locked_nominal,burgers,P_s11,5,7680,0.0,0.0,0.0,"ticks 0,10,...,190 (20 of 200); indices unavailable in original raw; duplicate projected actions create bounds"
original_recorded_snapshot_action_equivalence,locked_nominal,burgers,P_s11,6,7680,0.0,0.0,0.0,"ticks 0,10,...,190 (20 of 200); indices unavailable in original raw; duplicate projected actions create bounds"
original_recorded_snapshot_action_equivalence,locked_nominal,burgers,P_s11,7,7680,0.0,0.0,0.0,"ticks 0,10,...,190 (20 of 200); indices unavailable in original raw; duplicate projected actions create bounds"
original_recorded_snapshot_action_equivalence,locked_nominal,burgers,P_s11,8,7680,0.0,0.0,0.0,"ticks 0,10,...,190 (20 of 200); indices unavailable in original raw; duplicate projected actions create bounds"
original_recorded_snapshot_action_equivalence,locked_nominal,burgers,P_s11,9,7680,0.023307291666666667,0.023307291666666667,0.0,"ticks 0,10,...,190 (20 of 200); indices unavailable in original raw; duplicate projected actions create bounds"
original_recorded_snapshot_action_equivalence,locked_nominal,burgers,P_s23,0,7680,0.0,0.0,0.0,"ticks 0,10,...,190 (20 of 200); indices unavailable in original raw; duplicate projected actions create bounds"
original_recorded_snapshot_action_equivalence,locked_nominal,burgers,P_s23,1,7680,0.0,0.0,0.0,"ticks 0,10,...,190 (20 of 200); indices unavailable in original raw; duplicate projected actions create bounds"
original_recorded_snapshot_action_equivalence,locked_nominal,burgers,P_s23,2,7680,0.0,0.0,0.0,"ticks 0,10,...,190 (20 of 200); indices unavailable in original raw; duplicate projected actions create bounds"
original_recorded_snapshot_action_equivalence,locked_nominal,burgers,P_s23,3,7680,0.0,0.0,0.0,"ticks 0,10,...,190 (20 of 200); indices unavailable in original raw; duplicate projected actions create bounds"
original_recorded_snapshot_action_equivalence,locked_nominal,burgers,P_s23,4,7680,0.9760416666666667,0.9760416666666667,0.0,"ticks 0,10,...,190 (20 of 200); indices unavailable in original raw; duplicate projected actions create bounds"
original_recorded_snapshot_action_equivalence,locked_nominal,burgers,P_s23,5,7680,0.0,0.0,0.0,"ticks 0,10,...,190 (20 of 200); indices unavailable in original raw; duplicate projected actions create bounds"
original_recorded_snapshot_action_equivalence,locked_nominal,burgers,P_s23,6,7680,0.0,0.0,0.0,"ticks 0,10,...,190 (20 of 200); indices unavailable in original raw; duplicate projected actions create bounds"
original_recorded_snapshot_action_equivalence,locked_nominal,burgers,P_s23,7,7680,0.0,0.0,0.0,"ticks 0,10,...,190 (20 of 200); indices unavailable in original raw; duplicate projected actions create bounds"
original_recorded_snapshot_action_equivalence,locked_nominal,burgers,P_s23,8,7680,0.0,0.0,0.0,"ticks 0,10,...,190 (20 of 200); indices unavailable in original raw; duplicate projected actions create bounds"
original_recorded_snapshot_action_equivalence,locked_nominal,burgers,P_s23,9,7680,0.023958333333333335,0.023958333333333335,0.0,"ticks 0,10,...,190 (20 of 200); indices unavailable in original raw; duplicate projected actions create bounds"
original_recorded_snapshot_action_equivalence,locked_nominal,burgers,P_s37,0,7680,0.0,0.0,0.0,"ticks 0,10,...,190 (20 of 200); indices unavailable in original raw; duplicate projected actions create bounds"
original_recorded_snapshot_action_equivalence,locked_nominal,burgers,P_s37,1,7680,0.0,0.0,0.0,"ticks 0,10,...,190 (20 of 200); indices unavailable in original raw; duplicate projected actions create bounds"
original_recorded_snapshot_action_equivalence,locked_nominal,burgers,P_s37,2,7680,0.0,0.0,0.0,"ticks 0,10,...,190 (20 of 200); indices unavailable in original raw; duplicate projected actions create bounds"
original_recorded_snapshot_action_equivalence,locked_nominal,burgers,P_s37,3,7680,0.0,0.0,0.0,"ticks 0,10,...,190 (20 of 200); indices unavailable in original raw; duplicate projected actions create bounds"
original_recorded_snapshot_action_equivalence,locked_nominal,burgers,P_s37,4,7680,0.976171875,0.976171875,0.0,"ticks 0,10,...,190 (20 of 200); indices unavailable in original raw; duplicate projected actions create bounds"
original_recorded_snapshot_action_equivalence,locked_nominal,burgers,P_s37,5,7680,0.0,0.0,0.0,"ticks 0,10,...,190 (20 of 200); indices unavailable in original raw; duplicate projected actions create bounds"
original_recorded_snapshot_action_equivalence,locked_nominal,burgers,P_s37,6,7680,0.0,0.0,0.0,"ticks 0,10,...,190 (20 of 200); indices unavailable in original raw; duplicate projected actions create bounds"
original_recorded_snapshot_action_equivalence,locked_nominal,burgers,P_s37,7,7680,0.0,0.0,0.0,"ticks 0,10,...,190 (20 of 200); indices unavailable in original raw; duplicate projected actions create bounds"
original_recorded_snapshot_action_equivalence,locked_nominal,burgers,P_s37,8,7680,0.0,0.0,0.0,"ticks 0,10,...,190 (20 of 200); indices unavailable in original raw; duplicate projected actions create bounds"
original_recorded_snapshot_action_equivalence,locked_nominal,burgers,P_s37,9,7680,0.023828125,0.023828125,0.0,"ticks 0,10,...,190 (20 of 200); indices unavailable in original raw; duplicate projected actions create bounds"
original_recorded_snapshot_action_equivalence,locked_nominal,heat,B4_s11,0,7680,0.0046875,0.012109375,0.16875,"ticks 0,10,...,190 (20 of 200); indices unavailable in original raw; duplicate projected actions create bounds"
original_recorded_snapshot_action_equivalence,locked_nominal,heat,B4_s11,1,7680,0.018229166666666668,0.0359375,0.16875,"ticks 0,10,...,190 (20 of 200); indices unavailable in original raw; duplicate projected actions create bounds"
original_recorded_snapshot_action_equivalence,locked_nominal,heat,B4_s11,2,7680,0.00013020833333333333,0.0020833333333333333,0.16875,"ticks 0,10,...,190 (20 of 200); indices unavailable in original raw; duplicate projected actions create bounds"
original_recorded_snapshot_action_equivalence,locked_nominal,heat,B4_s11,3,7680,0.020182291666666668,0.039713541666666664,0.16875,"ticks 0,10,...,190 (20 of 200); indices unavailable in original raw; duplicate projected actions create bounds"
original_recorded_snapshot_action_equivalence,locked_nominal,heat,B4_s11,4,7680,0.7720052083333333,0.9045572916666667,0.16875,"ticks 0,10,...,190 (20 of 200); indices unavailable in original raw; duplicate projected actions create bounds"
original_recorded_snapshot_action_equivalence,locked_nominal,heat,B4_s11,5,7680,0.00859375,0.09401041666666667,0.16875,"ticks 0,10,...,190 (20 of 200); indices unavailable in original raw; duplicate projected actions create bounds"
original_recorded_snapshot_action_equivalence,locked_nominal,heat,B4_s11,6,7680,0.00026041666666666666,0.00234375,0.16875,"ticks 0,10,...,190 (20 of 200); indices unavailable in original raw; duplicate projected actions create bounds"
original_recorded_snapshot_action_equivalence,locked_nominal,heat,B4_s11,7,7680,0.006119791666666667,0.076171875,0.16875,"ticks 0,10,...,190 (20 of 200); indices unavailable in original raw; duplicate projected actions create bounds"
original_recorded_snapshot_action_equivalence,locked_nominal,heat,B4_s11,8,7680,0.0,0.08138020833333333,0.16875,"ticks 0,10,...,190 (20 of 200); indices unavailable in original raw; duplicate projected actions create bounds"
original_recorded_snapshot_action_equivalence,locked_nominal,heat,B4_s11,9,7680,0.0010416666666666667,0.08671875,0.16875,"ticks 0,10,...,190 (20 of 200); indices unavailable in original raw; duplicate projected actions create bounds"
original_recorded_snapshot_action_equivalence,locked_nominal,heat,B4_s23,0,7680,0.0048177083333333336,0.012369791666666666,0.169921875,"ticks 0,10,...,190 (20 of 200); indices unavailable in original raw; duplicate projected actions create bounds"
original_recorded_snapshot_action_equivalence,locked_nominal,heat,B4_s23,1,7680,0.018359375,0.03658854166666667,0.169921875,"ticks 0,10,...,190 (20 of 200); indices unavailable in original raw; duplicate projected actions create bounds"
original_recorded_snapshot_action_equivalence,locked_nominal,heat,B4_s23,2,7680,0.00013020833333333333,0.0024739583333333332,0.169921875,"ticks 0,10,...,190 (20 of 200); indices unavailable in original raw; duplicate projected actions create bounds"
original_recorded_snapshot_action_equivalence,locked_nominal,heat,B4_s23,3,7680,0.019140625,0.03893229166666667,0.169921875,"ticks 0,10,...,190 (20 of 200); indices unavailable in original raw; duplicate projected actions create bounds"
original_recorded_snapshot_action_equivalence,locked_nominal,heat,B4_s23,4,7680,0.77109375,0.9041666666666667,0.169921875,"ticks 0,10,...,190 (20 of 200); indices unavailable in original raw; duplicate projected actions create bounds"
original_recorded_snapshot_action_equivalence,locked_nominal,heat,B4_s23,5,7680,0.008984375,0.09388020833333334,0.169921875,"ticks 0,10,...,190 (20 of 200); indices unavailable in original raw; duplicate projected actions create bounds"
original_recorded_snapshot_action_equivalence,locked_nominal,heat,B4_s23,6,7680,0.00026041666666666666,0.00234375,0.169921875,"ticks 0,10,...,190 (20 of 200); indices unavailable in original raw; duplicate projected actions create bounds"
original_recorded_snapshot_action_equivalence,locked_nominal,heat,B4_s23,7,7680,0.006119791666666667,0.07864583333333333,0.169921875,"ticks 0,10,...,190 (20 of 200); indices unavailable in original raw; duplicate projected actions create bounds"
original_recorded_snapshot_action_equivalence,locked_nominal,heat,B4_s23,8,7680,0.0,0.083203125,0.169921875,"ticks 0,10,...,190 (20 of 200); indices unavailable in original raw; duplicate projected actions create bounds"
original_recorded_snapshot_action_equivalence,locked_nominal,heat,B4_s23,9,7680,0.001171875,0.088671875,0.169921875,"ticks 0,10,...,190 (20 of 200); indices unavailable in original raw; duplicate projected actions create bounds"
original_recorded_snapshot_action_equivalence,locked_nominal,heat,B4_s37,0,7680,0.0046875,0.012109375,0.16953125,"ticks 0,10,...,190 (20 of 200); indices unavailable in original raw; duplicate projected actions create bounds"
original_recorded_snapshot_action_equivalence,locked_nominal,heat,B4_s37,1,7680,0.017708333333333333,0.03671875,0.16953125,"ticks 0,10,...,190 (20 of 200); indices unavailable in original raw; duplicate projected actions create bounds"
original_recorded_snapshot_action_equivalence,locked_nominal,heat,B4_s37,2,7680,0.00013020833333333333,0.0033854166666666668,0.16953125,"ticks 0,10,...,190 (20 of 200); indices unavailable in original raw; duplicate projected actions create bounds"
original_recorded_snapshot_action_equivalence,locked_nominal,heat,B4_s37,3,7680,0.01953125,0.038671875,0.16953125,"ticks 0,10,...,190 (20 of 200); indices unavailable in original raw; duplicate projected actions create bounds"
original_recorded_snapshot_action_equivalence,locked_nominal,heat,B4_s37,4,7680,0.7725260416666667,0.9049479166666666,0.16953125,"ticks 0,10,...,190 (20 of 200); indices unavailable in original raw; duplicate projected actions create bounds"
original_recorded_snapshot_action_equivalence,locked_nominal,heat,B4_s37,5,7680,0.00859375,0.09427083333333333,0.16953125,"ticks 0,10,...,190 (20 of 200); indices unavailable in original raw; duplicate projected actions create bounds"
original_recorded_snapshot_action_equivalence,locked_nominal,heat,B4_s37,6,7680,0.00026041666666666666,0.0016927083333333334,0.16953125,"ticks 0,10,...,190 (20 of 200); indices unavailable in original raw; duplicate projected actions create bounds"
original_recorded_snapshot_action_equivalence,locked_nominal,heat,B4_s37,7,7680,0.005859375,0.07630208333333334,0.16953125,"ticks 0,10,...,190 (20 of 200); indices unavailable in original raw; duplicate projected actions create bounds"
original_recorded_snapshot_action_equivalence,locked_nominal,heat,B4_s37,8,7680,0.0,0.08268229166666667,0.16953125,"ticks 0,10,...,190 (20 of 200); indices unavailable in original raw; duplicate projected actions create bounds"
original_recorded_snapshot_action_equivalence,locked_nominal,heat,B4_s37,9,7680,0.001171875,0.08815104166666667,0.16953125,"ticks 0,10,...,190 (20 of 200); indices unavailable in original raw; duplicate projected actions create bounds"
original_recorded_snapshot_action_equivalence,locked_nominal,heat,B5_s11,0,7680,0.006119791666666667,0.0140625,0.16822916666666668,"ticks 0,10,...,190 (20 of 200); indices unavailable in original raw; duplicate projected actions create bounds"
original_recorded_snapshot_action_equivalence,locked_nominal,heat,B5_s11,1,7680,0.017708333333333333,0.037109375,0.16822916666666668,"ticks 0,10,...,190 (20 of 200); indices unavailable in original raw; duplicate projected actions create bounds"
original_recorded_snapshot_action_equivalence,locked_nominal,heat,B5_s11,2,7680,0.00013020833333333333,0.002864583333333333,0.16822916666666668,"ticks 0,10,...,190 (20 of 200); indices unavailable in original raw; duplicate projected actions create bounds"
original_recorded_snapshot_action_equivalence,locked_nominal,heat,B5_s11,3,7680,0.019921875,0.0375,0.16822916666666668,"ticks 0,10,...,190 (20 of 200); indices unavailable in original raw; duplicate projected actions create bounds"
original_recorded_snapshot_action_equivalence,locked_nominal,heat,B5_s11,4,7680,0.7709635416666667,0.9046875,0.16822916666666668,"ticks 0,10,...,190 (20 of 200); indices unavailable in original raw; duplicate projected actions create bounds"
original_recorded_snapshot_action_equivalence,locked_nominal,heat,B5_s11,5,7680,0.009244791666666667,0.09375,0.16822916666666668,"ticks 0,10,...,190 (20 of 200); indices unavailable in original raw; duplicate projected actions create bounds"
original_recorded_snapshot_action_equivalence,locked_nominal,heat,B5_s11,6,7680,0.00026041666666666666,0.0015625,0.16822916666666668,"ticks 0,10,...,190 (20 of 200); indices unavailable in original raw; duplicate projected actions create bounds"
original_recorded_snapshot_action_equivalence,locked_nominal,heat,B5_s11,7,7680,0.006380208333333333,0.08216145833333334,0.16822916666666668,"ticks 0,10,...,190 (20 of 200); indices unavailable in original raw; duplicate projected actions create bounds"
original_recorded_snapshot_action_equivalence,locked_nominal,heat,B5_s11,8,7680,0.0,0.082421875,0.16822916666666668,"ticks 0,10,...,190 (20 of 200); indices unavailable in original raw; duplicate projected actions create bounds"
original_recorded_snapshot_action_equivalence,locked_nominal,heat,B5_s11,9,7680,0.0010416666666666667,0.08763020833333333,0.16822916666666668,"ticks 0,10,...,190 (20 of 200); indices unavailable in original raw; duplicate projected actions create bounds"
original_recorded_snapshot_action_equivalence,locked_nominal,heat,B5_s23,0,7680,0.00546875,0.013411458333333333,0.17109375,"ticks 0,10,...,190 (20 of 200); indices unavailable in original raw; duplicate projected actions create bounds"
original_recorded_snapshot_action_equivalence,locked_nominal,heat,B5_s23,1,7680,0.018489583333333334,0.03763020833333333,0.17109375,"ticks 0,10,...,190 (20 of 200); indices unavailable in original raw; duplicate projected actions create bounds"
original_recorded_snapshot_action_equivalence,locked_nominal,heat,B5_s23,2,7680,0.00013020833333333333,0.002734375,0.17109375,"ticks 0,10,...,190 (20 of 200); indices unavailable in original raw; duplicate projected actions create bounds"
original_recorded_snapshot_action_equivalence,locked_nominal,heat,B5_s23,3,7680,0.016796875,0.034895833333333334,0.17109375,"ticks 0,10,...,190 (20 of 200); indices unavailable in original raw; duplicate projected actions create bounds"
original_recorded_snapshot_action_equivalence,locked_nominal,heat,B5_s23,4,7680,0.7716145833333333,0.907421875,0.17109375,"ticks 0,10,...,190 (20 of 200); indices unavailable in original raw; duplicate projected actions create bounds"
original_recorded_snapshot_action_equivalence,locked_nominal,heat,B5_s23,5,7680,0.00859375,0.09440104166666667,0.17109375,"ticks 0,10,...,190 (20 of 200); indices unavailable in original raw; duplicate projected actions create bounds"
original_recorded_snapshot_action_equivalence,locked_nominal,heat,B5_s23,6,7680,0.00026041666666666666,0.0015625,0.17109375,"ticks 0,10,...,190 (20 of 200); indices unavailable in original raw; duplicate projected actions create bounds"
original_recorded_snapshot_action_equivalence,locked_nominal,heat,B5_s23,7,7680,0.006380208333333333,0.083984375,0.17109375,"ticks 0,10,...,190 (20 of 200); indices unavailable in original raw; duplicate projected actions create bounds"
original_recorded_snapshot_action_equivalence,locked_nominal,heat,B5_s23,8,7680,0.0,0.08489583333333334,0.17109375,"ticks 0,10,...,190 (20 of 200); indices unavailable in original raw; duplicate projected actions create bounds"
original_recorded_snapshot_action_equivalence,locked_nominal,heat,B5_s23,9,7680,0.001171875,0.09036458333333333,0.17109375,"ticks 0,10,...,190 (20 of 200); indices unavailable in original raw; duplicate projected actions create bounds"
original_recorded_snapshot_action_equivalence,locked_nominal,heat,B5_s37,0,7680,0.0048177083333333336,0.012239583333333333,0.16966145833333332,"ticks 0,10,...,190 (20 of 200); indices unavailable in original raw; duplicate projected actions create bounds"
original_recorded_snapshot_action_equivalence,locked_nominal,heat,B5_s37,1,7680,0.019791666666666666,0.037890625,0.16966145833333332,"ticks 0,10,...,190 (20 of 200); indices unavailable in original raw; duplicate projected actions create bounds"
original_recorded_snapshot_action_equivalence,locked_nominal,heat,B5_s37,2,7680,0.00013020833333333333,0.0022135416666666666,0.16966145833333332,"ticks 0,10,...,190 (20 of 200); indices unavailable in original raw; duplicate projected actions create bounds"
original_recorded_snapshot_action_equivalence,locked_nominal,heat,B5_s37,3,7680,0.017708333333333333,0.03723958333333333,0.16966145833333332,"ticks 0,10,...,190 (20 of 200); indices unavailable in original raw; duplicate projected actions create bounds"
original_recorded_snapshot_action_equivalence,locked_nominal,heat,B5_s37,4,7680,0.7716145833333333,0.9065104166666667,0.16966145833333332,"ticks 0,10,...,190 (20 of 200); indices unavailable in original raw; duplicate projected actions create bounds"
original_recorded_snapshot_action_equivalence,locked_nominal,heat,B5_s37,5,7680,0.008854166666666666,0.09401041666666667,0.16966145833333332,"ticks 0,10,...,190 (20 of 200); indices unavailable in original raw; duplicate projected actions create bounds"
original_recorded_snapshot_action_equivalence,locked_nominal,heat,B5_s37,6,7680,0.00026041666666666666,0.0020833333333333333,0.16966145833333332,"ticks 0,10,...,190 (20 of 200); indices unavailable in original raw; duplicate projected actions create bounds"
original_recorded_snapshot_action_equivalence,locked_nominal,heat,B5_s37,7,7680,0.005989583333333334,0.081640625,0.16966145833333332,"ticks 0,10,...,190 (20 of 200); indices unavailable in original raw; duplicate projected actions create bounds"
original_recorded_snapshot_action_equivalence,locked_nominal,heat,B5_s37,8,7680,0.0,0.08359375,0.16966145833333332,"ticks 0,10,...,190 (20 of 200); indices unavailable in original raw; duplicate projected actions create bounds"
original_recorded_snapshot_action_equivalence,locked_nominal,heat,B5_s37,9,7680,0.001171875,0.0890625,0.16966145833333332,"ticks 0,10,...,190 (20 of 200); indices unavailable in original raw; duplicate projected actions create bounds"
original_recorded_snapshot_action_equivalence,locked_nominal,heat,P-no-rank_s11,0,7680,0.004296875,0.011588541666666667,0.16627604166666668,"ticks 0,10,...,190 (20 of 200); indices unavailable in original raw; duplicate projected actions create bounds"
original_recorded_snapshot_action_equivalence,locked_nominal,heat,P-no-rank_s11,1,7680,0.017838541666666666,0.03671875,0.16627604166666668,"ticks 0,10,...,190 (20 of 200); indices unavailable in original raw; duplicate projected actions create bounds"
original_recorded_snapshot_action_equivalence,locked_nominal,heat,P-no-rank_s11,2,7680,0.00026041666666666666,0.0033854166666666668,0.16627604166666668,"ticks 0,10,...,190 (20 of 200); indices unavailable in original raw; duplicate projected actions create bounds"
original_recorded_snapshot_action_equivalence,locked_nominal,heat,P-no-rank_s11,3,7680,0.019140625,0.03658854166666667,0.16627604166666668,"ticks 0,10,...,190 (20 of 200); indices unavailable in original raw; duplicate projected actions create bounds"
original_recorded_snapshot_action_equivalence,locked_nominal,heat,P-no-rank_s11,4,7680,0.7759114583333333,0.9063802083333333,0.16627604166666668,"ticks 0,10,...,190 (20 of 200); indices unavailable in original raw; duplicate projected actions create bounds"
original_recorded_snapshot_action_equivalence,locked_nominal,heat,P-no-rank_s11,5,7680,0.008463541666666666,0.09609375,0.16627604166666668,"ticks 0,10,...,190 (20 of 200); indices unavailable in original raw; duplicate projected actions create bounds"
original_recorded_snapshot_action_equivalence,locked_nominal,heat,P-no-rank_s11,6,7680,0.00026041666666666666,0.0022135416666666666,0.16627604166666668,"ticks 0,10,...,190 (20 of 200); indices unavailable in original raw; duplicate projected actions create bounds"
original_recorded_snapshot_action_equivalence,locked_nominal,heat,P-no-rank_s11,7,7680,0.006119791666666667,0.077734375,0.16627604166666668,"ticks 0,10,...,190 (20 of 200); indices unavailable in original raw; duplicate projected actions create bounds"
original_recorded_snapshot_action_equivalence,locked_nominal,heat,P-no-rank_s11,8,7680,0.0,0.083984375,0.16627604166666668,"ticks 0,10,...,190 (20 of 200); indices unavailable in original raw; duplicate projected actions create bounds"
original_recorded_snapshot_action_equivalence,locked_nominal,heat,P-no-rank_s11,9,7680,0.0014322916666666666,0.08971354166666666,0.16627604166666668,"ticks 0,10,...,190 (20 of 200); indices unavailable in original raw; duplicate projected actions create bounds"
original_recorded_snapshot_action_equivalence,locked_nominal,heat,P-no-rank_s23,0,7680,0.0046875,0.012630208333333334,0.17174479166666667,"ticks 0,10,...,190 (20 of 200); indices unavailable in original raw; duplicate projected actions create bounds"
original_recorded_snapshot_action_equivalence,locked_nominal,heat,P-no-rank_s23,1,7680,0.0203125,0.03997395833333333,0.17174479166666667,"ticks 0,10,...,190 (20 of 200); indices unavailable in original raw; duplicate projected actions create bounds"
original_recorded_snapshot_action_equivalence,locked_nominal,heat,P-no-rank_s23,2,7680,0.00026041666666666666,0.0033854166666666668,0.17174479166666667,"ticks 0,10,...,190 (20 of 200); indices unavailable in original raw; duplicate projected actions create bounds"
original_recorded_snapshot_action_equivalence,locked_nominal,heat,P-no-rank_s23,3,7680,0.019270833333333334,0.038802083333333334,0.17174479166666667,"ticks 0,10,...,190 (20 of 200); indices unavailable in original raw; duplicate projected actions create bounds"
original_recorded_snapshot_action_equivalence,locked_nominal,heat,P-no-rank_s23,4,7680,0.7671875,0.901171875,0.17174479166666667,"ticks 0,10,...,190 (20 of 200); indices unavailable in original raw; duplicate projected actions create bounds"
original_recorded_snapshot_action_equivalence,locked_nominal,heat,P-no-rank_s23,5,7680,0.007942708333333333,0.09283854166666666,0.17174479166666667,"ticks 0,10,...,190 (20 of 200); indices unavailable in original raw; duplicate projected actions create bounds"
original_recorded_snapshot_action_equivalence,locked_nominal,heat,P-no-rank_s23,6,7680,0.00026041666666666666,0.002994791666666667,0.17174479166666667,"ticks 0,10,...,190 (20 of 200); indices unavailable in original raw; duplicate projected actions create bounds"
original_recorded_snapshot_action_equivalence,locked_nominal,heat,P-no-rank_s23,7,7680,0.006510416666666667,0.08606770833333334,0.17174479166666667,"ticks 0,10,...,190 (20 of 200); indices unavailable in original raw; duplicate projected actions create bounds"
original_recorded_snapshot_action_equivalence,locked_nominal,heat,P-no-rank_s23,8,7680,0.0,0.08841145833333333,0.17174479166666667,"ticks 0,10,...,190 (20 of 200); indices unavailable in original raw; duplicate projected actions create bounds"
original_recorded_snapshot_action_equivalence,locked_nominal,heat,P-no-rank_s23,9,7680,0.0018229166666666667,0.09453125,0.17174479166666667,"ticks 0,10,...,190 (20 of 200); indices unavailable in original raw; duplicate projected actions create bounds"
original_recorded_snapshot_action_equivalence,locked_nominal,heat,P-no-rank_s37,0,7680,0.0046875,0.012109375,0.1703125,"ticks 0,10,...,190 (20 of 200); indices unavailable in original raw; duplicate projected actions create bounds"
original_recorded_snapshot_action_equivalence,locked_nominal,heat,P-no-rank_s37,1,7680,0.018619791666666666,0.036848958333333334,0.1703125,"ticks 0,10,...,190 (20 of 200); indices unavailable in original raw; duplicate projected actions create bounds"
original_recorded_snapshot_action_equivalence,locked_nominal,heat,P-no-rank_s37,2,7680,0.000390625,0.0024739583333333332,0.1703125,"ticks 0,10,...,190 (20 of 200); indices unavailable in original raw; duplicate projected actions create bounds"
original_recorded_snapshot_action_equivalence,locked_nominal,heat,P-no-rank_s37,3,7680,0.019661458333333333,0.038671875,0.1703125,"ticks 0,10,...,190 (20 of 200); indices unavailable in original raw; duplicate projected actions create bounds"
original_recorded_snapshot_action_equivalence,locked_nominal,heat,P-no-rank_s37,4,7680,0.76953125,0.904296875,0.1703125,"ticks 0,10,...,190 (20 of 200); indices unavailable in original raw; duplicate projected actions create bounds"
original_recorded_snapshot_action_equivalence,locked_nominal,heat,P-no-rank_s37,5,7680,0.008984375,0.094140625,0.1703125,"ticks 0,10,...,190 (20 of 200); indices unavailable in original raw; duplicate projected actions create bounds"
original_recorded_snapshot_action_equivalence,locked_nominal,heat,P-no-rank_s37,6,7680,0.00026041666666666666,0.0024739583333333332,0.1703125,"ticks 0,10,...,190 (20 of 200); indices unavailable in original raw; duplicate projected actions create bounds"
original_recorded_snapshot_action_equivalence,locked_nominal,heat,P-no-rank_s37,7,7680,0.005729166666666666,0.08489583333333334,0.1703125,"ticks 0,10,...,190 (20 of 200); indices unavailable in original raw; duplicate projected actions create bounds"
original_recorded_snapshot_action_equivalence,locked_nominal,heat,P-no-rank_s37,8,7680,0.0,0.087109375,0.1703125,"ticks 0,10,...,190 (20 of 200); indices unavailable in original raw; duplicate projected actions create bounds"
original_recorded_snapshot_action_equivalence,locked_nominal,heat,P-no-rank_s37,9,7680,0.0018229166666666667,0.09322916666666667,0.1703125,"ticks 0,10,...,190 (20 of 200); indices unavailable in original raw; duplicate projected actions create bounds"
original_recorded_snapshot_action_equivalence,locked_nominal,heat,P_s11,0,7680,0.006119791666666667,0.0140625,0.16822916666666668,"ticks 0,10,...,190 (20 of 200); indices unavailable in original raw; duplicate projected actions create bounds"
original_recorded_snapshot_action_equivalence,locked_nominal,heat,P_s11,1,7680,0.017708333333333333,0.037109375,0.16822916666666668,"ticks 0,10,...,190 (20 of 200); indices unavailable in original raw; duplicate projected actions create bounds"
original_recorded_snapshot_action_equivalence,locked_nominal,heat,P_s11,2,7680,0.00013020833333333333,0.002864583333333333,0.16822916666666668,"ticks 0,10,...,190 (20 of 200); indices unavailable in original raw; duplicate projected actions create bounds"
original_recorded_snapshot_action_equivalence,locked_nominal,heat,P_s11,3,7680,0.019921875,0.0375,0.16822916666666668,"ticks 0,10,...,190 (20 of 200); indices unavailable in original raw; duplicate projected actions create bounds"
original_recorded_snapshot_action_equivalence,locked_nominal,heat,P_s11,4,7680,0.7709635416666667,0.9046875,0.16822916666666668,"ticks 0,10,...,190 (20 of 200); indices unavailable in original raw; duplicate projected actions create bounds"
original_recorded_snapshot_action_equivalence,locked_nominal,heat,P_s11,5,7680,0.009244791666666667,0.09375,0.16822916666666668,"ticks 0,10,...,190 (20 of 200); indices unavailable in original raw; duplicate projected actions create bounds"
original_recorded_snapshot_action_equivalence,locked_nominal,heat,P_s11,6,7680,0.00026041666666666666,0.0015625,0.16822916666666668,"ticks 0,10,...,190 (20 of 200); indices unavailable in original raw; duplicate projected actions create bounds"
original_recorded_snapshot_action_equivalence,locked_nominal,heat,P_s11,7,7680,0.006380208333333333,0.08216145833333334,0.16822916666666668,"ticks 0,10,...,190 (20 of 200); indices unavailable in original raw; duplicate projected actions create bounds"
original_recorded_snapshot_action_equivalence,locked_nominal,heat,P_s11,8,7680,0.0,0.082421875,0.16822916666666668,"ticks 0,10,...,190 (20 of 200); indices unavailable in original raw; duplicate projected actions create bounds"
original_recorded_snapshot_action_equivalence,locked_nominal,heat,P_s11,9,7680,0.0010416666666666667,0.08763020833333333,0.16822916666666668,"ticks 0,10,...,190 (20 of 200); indices unavailable in original raw; duplicate projected actions create bounds"
original_recorded_snapshot_action_equivalence,locked_nominal,heat,P_s23,0,7680,0.00546875,0.013411458333333333,0.17109375,"ticks 0,10,...,190 (20 of 200); indices unavailable in original raw; duplicate projected actions create bounds"
original_recorded_snapshot_action_equivalence,locked_nominal,heat,P_s23,1,7680,0.018359375,0.0375,0.17109375,"ticks 0,10,...,190 (20 of 200); indices unavailable in original raw; duplicate projected actions create bounds"
original_recorded_snapshot_action_equivalence,locked_nominal,heat,P_s23,2,7680,0.00013020833333333333,0.002734375,0.17109375,"ticks 0,10,...,190 (20 of 200); indices unavailable in original raw; duplicate projected actions create bounds"
original_recorded_snapshot_action_equivalence,locked_nominal,heat,P_s23,3,7680,0.016796875,0.034895833333333334,0.17109375,"ticks 0,10,...,190 (20 of 200); indices unavailable in original raw; duplicate projected actions create bounds"
original_recorded_snapshot_action_equivalence,locked_nominal,heat,P_s23,4,7680,0.7717447916666667,0.9075520833333334,0.17109375,"ticks 0,10,...,190 (20 of 200); indices unavailable in original raw; duplicate projected actions create bounds"
original_recorded_snapshot_action_equivalence,locked_nominal,heat,P_s23,5,7680,0.00859375,0.09440104166666667,0.17109375,"ticks 0,10,...,190 (20 of 200); indices unavailable in original raw; duplicate projected actions create bounds"
original_recorded_snapshot_action_equivalence,locked_nominal,heat,P_s23,6,7680,0.00026041666666666666,0.0015625,0.17109375,"ticks 0,10,...,190 (20 of 200); indices unavailable in original raw; duplicate projected actions create bounds"
original_recorded_snapshot_action_equivalence,locked_nominal,heat,P_s23,7,7680,0.006380208333333333,0.083984375,0.17109375,"ticks 0,10,...,190 (20 of 200); indices unavailable in original raw; duplicate projected actions create bounds"
original_recorded_snapshot_action_equivalence,locked_nominal,heat,P_s23,8,7680,0.0,0.08489583333333334,0.17109375,"ticks 0,10,...,190 (20 of 200); indices unavailable in original raw; duplicate projected actions create bounds"
original_recorded_snapshot_action_equivalence,locked_nominal,heat,P_s23,9,7680,0.001171875,0.09036458333333333,0.17109375,"ticks 0,10,...,190 (20 of 200); indices unavailable in original raw; duplicate projected actions create bounds"
original_recorded_snapshot_action_equivalence,locked_nominal,heat,P_s37,0,7680,0.0048177083333333336,0.012239583333333333,0.16966145833333332,"ticks 0,10,...,190 (20 of 200); indices unavailable in original raw; duplicate projected actions create bounds"
original_recorded_snapshot_action_equivalence,locked_nominal,heat,P_s37,1,7680,0.019791666666666666,0.037890625,0.16966145833333332,"ticks 0,10,...,190 (20 of 200); indices unavailable in original raw; duplicate projected actions create bounds"
original_recorded_snapshot_action_equivalence,locked_nominal,heat,P_s37,2,7680,0.00013020833333333333,0.0022135416666666666,0.16966145833333332,"ticks 0,10,...,190 (20 of 200); indices unavailable in original raw; duplicate projected actions create bounds"
original_recorded_snapshot_action_equivalence,locked_nominal,heat,P_s37,3,7680,0.017708333333333333,0.03723958333333333,0.16966145833333332,"ticks 0,10,...,190 (20 of 200); indices unavailable in original raw; duplicate projected actions create bounds"
original_recorded_snapshot_action_equivalence,locked_nominal,heat,P_s37,4,7680,0.7716145833333333,0.9065104166666667,0.16966145833333332,"ticks 0,10,...,190 (20 of 200); indices unavailable in original raw; duplicate projected actions create bounds"
original_recorded_snapshot_action_equivalence,locked_nominal,heat,P_s37,5,7680,0.008854166666666666,0.09401041666666667,0.16966145833333332,"ticks 0,10,...,190 (20 of 200); indices unavailable in original raw; duplicate projected actions create bounds"
original_recorded_snapshot_action_equivalence,locked_nominal,heat,P_s37,6,7680,0.00026041666666666666,0.0020833333333333333,0.16966145833333332,"ticks 0,10,...,190 (20 of 200); indices unavailable in original raw; duplicate projected actions create bounds"
original_recorded_snapshot_action_equivalence,locked_nominal,heat,P_s37,7,7680,0.005989583333333334,0.081640625,0.16966145833333332,"ticks 0,10,...,190 (20 of 200); indices unavailable in original raw; duplicate projected actions create bounds"
original_recorded_snapshot_action_equivalence,locked_nominal,heat,P_s37,8,7680,0.0,0.08359375,0.16966145833333332,"ticks 0,10,...,190 (20 of 200); indices unavailable in original raw; duplicate projected actions create bounds"
original_recorded_snapshot_action_equivalence,locked_nominal,heat,P_s37,9,7680,0.001171875,0.0890625,0.16966145833333332,"ticks 0,10,...,190 (20 of 200); indices unavailable in original raw; duplicate projected actions create bounds"
E1_raw_recorded_indices,locked_coefficient_ood,burgers,O-cand-obs,0,25600,0.0,0.0,0.0,all 200 decision ticks; ties resolved by actual argmin
E1_raw_recorded_indices,locked_coefficient_ood,burgers,O-cand-obs,1,25600,0.0,0.0,0.0,all 200 decision ticks; ties resolved by actual argmin
E1_raw_recorded_indices,locked_coefficient_ood,burgers,O-cand-obs,2,25600,3.90625e-05,3.90625e-05,0.0,all 200 decision ticks; ties resolved by actual argmin
E1_raw_recorded_indices,locked_coefficient_ood,burgers,O-cand-obs,3,25600,0.0001171875,0.0001171875,0.0,all 200 decision ticks; ties resolved by actual argmin
E1_raw_recorded_indices,locked_coefficient_ood,burgers,O-cand-obs,4,25600,0.999609375,0.999609375,0.0,all 200 decision ticks; ties resolved by actual argmin
E1_raw_recorded_indices,locked_coefficient_ood,burgers,O-cand-obs,5,25600,3.90625e-05,3.90625e-05,0.0,all 200 decision ticks; ties resolved by actual argmin
E1_raw_recorded_indices,locked_coefficient_ood,burgers,O-cand-obs,6,25600,0.0,0.0,0.0,all 200 decision ticks; ties resolved by actual argmin
E1_raw_recorded_indices,locked_coefficient_ood,burgers,O-cand-obs,7,25600,0.0001171875,0.0001171875,0.0,all 200 decision ticks; ties resolved by actual argmin
E1_raw_recorded_indices,locked_coefficient_ood,burgers,O-cand-obs,8,25600,0.0,0.0,0.0,all 200 decision ticks; ties resolved by actual argmin
E1_raw_recorded_indices,locked_coefficient_ood,burgers,O-cand-obs,9,25600,7.8125e-05,7.8125e-05,0.0,all 200 decision ticks; ties resolved by actual argmin
E1_raw_recorded_indices,locked_coefficient_ood,burgers,O-cand-state,0,25600,0.0,0.0,0.0,all 200 decision ticks; ties resolved by actual argmin
E1_raw_recorded_indices,locked_coefficient_ood,burgers,O-cand-state,1,25600,0.0,0.0,0.0,all 200 decision ticks; ties resolved by actual argmin
E1_raw_recorded_indices,locked_coefficient_ood,burgers,O-cand-state,2,25600,3.90625e-05,3.90625e-05,0.0,all 200 decision ticks; ties resolved by actual argmin
E1_raw_recorded_indices,locked_coefficient_ood,burgers,O-cand-state,3,25600,7.8125e-05,7.8125e-05,0.0,all 200 decision ticks; ties resolved by actual argmin
E1_raw_recorded_indices,locked_coefficient_ood,burgers,O-cand-state,4,25600,0.98765625,0.98765625,0.0,all 200 decision ticks; ties resolved by actual argmin
E1_raw_recorded_indices,locked_coefficient_ood,burgers,O-cand-state,5,25600,3.90625e-05,3.90625e-05,0.0,all 200 decision ticks; ties resolved by actual argmin
E1_raw_recorded_indices,locked_coefficient_ood,burgers,O-cand-state,6,25600,0.0,0.0,0.0,all 200 decision ticks; ties resolved by actual argmin
E1_raw_recorded_indices,locked_coefficient_ood,burgers,O-cand-state,7,25600,7.8125e-05,7.8125e-05,0.0,all 200 decision ticks; ties resolved by actual argmin
E1_raw_recorded_indices,locked_coefficient_ood,burgers,O-cand-state,8,25600,0.0,0.0,0.0,all 200 decision ticks; ties resolved by actual argmin
E1_raw_recorded_indices,locked_coefficient_ood,burgers,O-cand-state,9,25600,0.012109375,0.012109375,0.0,all 200 decision ticks; ties resolved by actual argmin
E1_raw_recorded_indices,locked_coefficient_ood,heat,O-cand-obs,0,25600,0.002578125,0.002578125,0.0,all 200 decision ticks; ties resolved by actual argmin
E1_raw_recorded_indices,locked_coefficient_ood,heat,O-cand-obs,1,25600,0.01421875,0.01421875,0.0,all 200 decision ticks; ties resolved by actual argmin
E1_raw_recorded_indices,locked_coefficient_ood,heat,O-cand-obs,2,25600,3.90625e-05,3.90625e-05,0.0,all 200 decision ticks; ties resolved by actual argmin
E1_raw_recorded_indices,locked_coefficient_ood,heat,O-cand-obs,3,25600,0.0151953125,0.0151953125,0.0,all 200 decision ticks; ties resolved by actual argmin
E1_raw_recorded_indices,locked_coefficient_ood,heat,O-cand-obs,4,25600,0.9448046875,0.9448046875,0.0,all 200 decision ticks; ties resolved by actual argmin
E1_raw_recorded_indices,locked_coefficient_ood,heat,O-cand-obs,5,25600,0.0049609375,0.0049609375,0.0,all 200 decision ticks; ties resolved by actual argmin
E1_raw_recorded_indices,locked_coefficient_ood,heat,O-cand-obs,6,25600,0.0,0.0,0.0,all 200 decision ticks; ties resolved by actual argmin
E1_raw_recorded_indices,locked_coefficient_ood,heat,O-cand-obs,7,25600,0.0041015625,0.0041015625,0.0,all 200 decision ticks; ties resolved by actual argmin
E1_raw_recorded_indices,locked_coefficient_ood,heat,O-cand-obs,8,25600,0.011171875,0.011171875,0.0,all 200 decision ticks; ties resolved by actual argmin
E1_raw_recorded_indices,locked_coefficient_ood,heat,O-cand-obs,9,25600,0.0029296875,0.0029296875,0.0,all 200 decision ticks; ties resolved by actual argmin
E1_raw_recorded_indices,locked_coefficient_ood,heat,O-cand-state,0,25600,0.000546875,0.000546875,0.0,all 200 decision ticks; ties resolved by actual argmin
E1_raw_recorded_indices,locked_coefficient_ood,heat,O-cand-state,1,25600,0.015546875,0.015546875,0.0,all 200 decision ticks; ties resolved by actual argmin
E1_raw_recorded_indices,locked_coefficient_ood,heat,O-cand-state,2,25600,3.90625e-05,3.90625e-05,0.0,all 200 decision ticks; ties resolved by actual argmin
E1_raw_recorded_indices,locked_coefficient_ood,heat,O-cand-state,3,25600,0.01640625,0.01640625,0.0,all 200 decision ticks; ties resolved by actual argmin
E1_raw_recorded_indices,locked_coefficient_ood,heat,O-cand-state,4,25600,0.9453515625,0.9453515625,0.0,all 200 decision ticks; ties resolved by actual argmin
E1_raw_recorded_indices,locked_coefficient_ood,heat,O-cand-state,5,25600,0.0047265625,0.0047265625,0.0,all 200 decision ticks; ties resolved by actual argmin
E1_raw_recorded_indices,locked_coefficient_ood,heat,O-cand-state,6,25600,0.0,0.0,0.0,all 200 decision ticks; ties resolved by actual argmin
E1_raw_recorded_indices,locked_coefficient_ood,heat,O-cand-state,7,25600,0.00421875,0.00421875,0.0,all 200 decision ticks; ties resolved by actual argmin
E1_raw_recorded_indices,locked_coefficient_ood,heat,O-cand-state,8,25600,0.0109375,0.0109375,0.0,all 200 decision ticks; ties resolved by actual argmin
E1_raw_recorded_indices,locked_coefficient_ood,heat,O-cand-state,9,25600,0.0022265625,0.0022265625,0.0,all 200 decision ticks; ties resolved by actual argmin
E1_raw_recorded_indices,locked_delay_dropout,burgers,O-cand-obs,0,25600,0.0,0.0,0.0,all 200 decision ticks; ties resolved by actual argmin
E1_raw_recorded_indices,locked_delay_dropout,burgers,O-cand-obs,1,25600,3.90625e-05,3.90625e-05,0.0,all 200 decision ticks; ties resolved by actual argmin
E1_raw_recorded_indices,locked_delay_dropout,burgers,O-cand-obs,2,25600,0.0,0.0,0.0,all 200 decision ticks; ties resolved by actual argmin
E1_raw_recorded_indices,locked_delay_dropout,burgers,O-cand-obs,3,25600,0.0,0.0,0.0,all 200 decision ticks; ties resolved by actual argmin
E1_raw_recorded_indices,locked_delay_dropout,burgers,O-cand-obs,4,25600,0.9995703125,0.9995703125,0.0,all 200 decision ticks; ties resolved by actual argmin
E1_raw_recorded_indices,locked_delay_dropout,burgers,O-cand-obs,5,25600,7.8125e-05,7.8125e-05,0.0,all 200 decision ticks; ties resolved by actual argmin
E1_raw_recorded_indices,locked_delay_dropout,burgers,O-cand-obs,6,25600,0.0,0.0,0.0,all 200 decision ticks; ties resolved by actual argmin
E1_raw_recorded_indices,locked_delay_dropout,burgers,O-cand-obs,7,25600,3.90625e-05,3.90625e-05,0.0,all 200 decision ticks; ties resolved by actual argmin
E1_raw_recorded_indices,locked_delay_dropout,burgers,O-cand-obs,8,25600,0.0,0.0,0.0,all 200 decision ticks; ties resolved by actual argmin
E1_raw_recorded_indices,locked_delay_dropout,burgers,O-cand-obs,9,25600,0.0002734375,0.0002734375,0.0,all 200 decision ticks; ties resolved by actual argmin
E1_raw_recorded_indices,locked_delay_dropout,burgers,O-cand-state,0,25600,0.0,0.0,0.0,all 200 decision ticks; ties resolved by actual argmin
E1_raw_recorded_indices,locked_delay_dropout,burgers,O-cand-state,1,25600,3.90625e-05,3.90625e-05,0.0,all 200 decision ticks; ties resolved by actual argmin
E1_raw_recorded_indices,locked_delay_dropout,burgers,O-cand-state,2,25600,0.0,0.0,0.0,all 200 decision ticks; ties resolved by actual argmin
E1_raw_recorded_indices,locked_delay_dropout,burgers,O-cand-state,3,25600,0.0,0.0,0.0,all 200 decision ticks; ties resolved by actual argmin
E1_raw_recorded_indices,locked_delay_dropout,burgers,O-cand-state,4,25600,0.989296875,0.989296875,0.0,all 200 decision ticks; ties resolved by actual argmin
E1_raw_recorded_indices,locked_delay_dropout,burgers,O-cand-state,5,25600,0.0,0.0,0.0,all 200 decision ticks; ties resolved by actual argmin
E1_raw_recorded_indices,locked_delay_dropout,burgers,O-cand-state,6,25600,0.0,0.0,0.0,all 200 decision ticks; ties resolved by actual argmin
E1_raw_recorded_indices,locked_delay_dropout,burgers,O-cand-state,7,25600,0.0,0.0,0.0,all 200 decision ticks; ties resolved by actual argmin
E1_raw_recorded_indices,locked_delay_dropout,burgers,O-cand-state,8,25600,0.0,0.0,0.0,all 200 decision ticks; ties resolved by actual argmin
E1_raw_recorded_indices,locked_delay_dropout,burgers,O-cand-state,9,25600,0.0106640625,0.0106640625,0.0,all 200 decision ticks; ties resolved by actual argmin
E1_raw_recorded_indices,locked_delay_dropout,heat,O-cand-obs,0,25600,0.0055078125,0.0055078125,0.0,all 200 decision ticks; ties resolved by actual argmin
E1_raw_recorded_indices,locked_delay_dropout,heat,O-cand-obs,1,25600,0.0171484375,0.0171484375,0.0,all 200 decision ticks; ties resolved by actual argmin
E1_raw_recorded_indices,locked_delay_dropout,heat,O-cand-obs,2,25600,3.90625e-05,3.90625e-05,0.0,all 200 decision ticks; ties resolved by actual argmin
E1_raw_recorded_indices,locked_delay_dropout,heat,O-cand-obs,3,25600,0.018046875,0.018046875,0.0,all 200 decision ticks; ties resolved by actual argmin
E1_raw_recorded_indices,locked_delay_dropout,heat,O-cand-obs,4,25600,0.9329296875,0.9329296875,0.0,all 200 decision ticks; ties resolved by actual argmin
E1_raw_recorded_indices,locked_delay_dropout,heat,O-cand-obs,5,25600,0.0040625,0.0040625,0.0,all 200 decision ticks; ties resolved by actual argmin
E1_raw_recorded_indices,locked_delay_dropout,heat,O-cand-obs,6,25600,0.0,0.0,0.0,all 200 decision ticks; ties resolved by actual argmin
E1_raw_recorded_indices,locked_delay_dropout,heat,O-cand-obs,7,25600,0.0025390625,0.0025390625,0.0,all 200 decision ticks; ties resolved by actual argmin
E1_raw_recorded_indices,locked_delay_dropout,heat,O-cand-obs,8,25600,0.018828125,0.018828125,0.0,all 200 decision ticks; ties resolved by actual argmin
E1_raw_recorded_indices,locked_delay_dropout,heat,O-cand-obs,9,25600,0.0008984375,0.0008984375,0.0,all 200 decision ticks; ties resolved by actual argmin
E1_raw_recorded_indices,locked_delay_dropout,heat,O-cand-state,0,25600,0.0017578125,0.0017578125,0.0,all 200 decision ticks; ties resolved by actual argmin
E1_raw_recorded_indices,locked_delay_dropout,heat,O-cand-state,1,25600,0.01984375,0.01984375,0.0,all 200 decision ticks; ties resolved by actual argmin
E1_raw_recorded_indices,locked_delay_dropout,heat,O-cand-state,2,25600,3.90625e-05,3.90625e-05,0.0,all 200 decision ticks; ties resolved by actual argmin
E1_raw_recorded_indices,locked_delay_dropout,heat,O-cand-state,3,25600,0.02109375,0.02109375,0.0,all 200 decision ticks; ties resolved by actual argmin
E1_raw_recorded_indices,locked_delay_dropout,heat,O-cand-state,4,25600,0.931640625,0.931640625,0.0,all 200 decision ticks; ties resolved by actual argmin
E1_raw_recorded_indices,locked_delay_dropout,heat,O-cand-state,5,25600,0.0040234375,0.0040234375,0.0,all 200 decision ticks; ties resolved by actual argmin
E1_raw_recorded_indices,locked_delay_dropout,heat,O-cand-state,6,25600,0.0,0.0,0.0,all 200 decision ticks; ties resolved by actual argmin
E1_raw_recorded_indices,locked_delay_dropout,heat,O-cand-state,7,25600,0.0024609375,0.0024609375,0.0,all 200 decision ticks; ties resolved by actual argmin
E1_raw_recorded_indices,locked_delay_dropout,heat,O-cand-state,8,25600,0.018515625,0.018515625,0.0,all 200 decision ticks; ties resolved by actual argmin
E1_raw_recorded_indices,locked_delay_dropout,heat,O-cand-state,9,25600,0.000625,0.000625,0.0,all 200 decision ticks; ties resolved by actual argmin
E1_raw_recorded_indices,locked_nominal,burgers,O-cand-obs,0,76800,0.0,0.0,0.0,all 200 decision ticks; ties resolved by actual argmin
E1_raw_recorded_indices,locked_nominal,burgers,O-cand-obs,1,76800,3.90625e-05,3.90625e-05,0.0,all 200 decision ticks; ties resolved by actual argmin
E1_raw_recorded_indices,locked_nominal,burgers,O-cand-obs,2,76800,0.0,0.0,0.0,all 200 decision ticks; ties resolved by actual argmin
E1_raw_recorded_indices,locked_nominal,burgers,O-cand-obs,3,76800,6.510416666666667e-05,6.510416666666667e-05,0.0,all 200 decision ticks; ties resolved by actual argmin
E1_raw_recorded_indices,locked_nominal,burgers,O-cand-obs,4,76800,0.9994270833333333,0.9994270833333333,0.0,all 200 decision ticks; ties resolved by actual argmin
E1_raw_recorded_indices,locked_nominal,burgers,O-cand-obs,5,76800,0.00010416666666666667,0.00010416666666666667,0.0,all 200 decision ticks; ties resolved by actual argmin
E1_raw_recorded_indices,locked_nominal,burgers,O-cand-obs,6,76800,1.3020833333333334e-05,1.3020833333333334e-05,0.0,all 200 decision ticks; ties resolved by actual argmin
E1_raw_recorded_indices,locked_nominal,burgers,O-cand-obs,7,76800,5.208333333333334e-05,5.208333333333334e-05,0.0,all 200 decision ticks; ties resolved by actual argmin
E1_raw_recorded_indices,locked_nominal,burgers,O-cand-obs,8,76800,0.0,0.0,0.0,all 200 decision ticks; ties resolved by actual argmin
E1_raw_recorded_indices,locked_nominal,burgers,O-cand-obs,9,76800,0.00029947916666666664,0.00029947916666666664,0.0,all 200 decision ticks; ties resolved by actual argmin
E1_raw_recorded_indices,locked_nominal,burgers,O-cand-state,0,76800,0.0,0.0,0.0,all 200 decision ticks; ties resolved by actual argmin
E1_raw_recorded_indices,locked_nominal,burgers,O-cand-state,1,76800,2.604166666666667e-05,2.604166666666667e-05,0.0,all 200 decision ticks; ties resolved by actual argmin
E1_raw_recorded_indices,locked_nominal,burgers,O-cand-state,2,76800,0.0,0.0,0.0,all 200 decision ticks; ties resolved by actual argmin
E1_raw_recorded_indices,locked_nominal,burgers,O-cand-state,3,76800,1.3020833333333334e-05,1.3020833333333334e-05,0.0,all 200 decision ticks; ties resolved by actual argmin
E1_raw_recorded_indices,locked_nominal,burgers,O-cand-state,4,76800,0.9897916666666666,0.9897916666666666,0.0,all 200 decision ticks; ties resolved by actual argmin
E1_raw_recorded_indices,locked_nominal,burgers,O-cand-state,5,76800,6.510416666666667e-05,6.510416666666667e-05,0.0,all 200 decision ticks; ties resolved by actual argmin
E1_raw_recorded_indices,locked_nominal,burgers,O-cand-state,6,76800,0.0,0.0,0.0,all 200 decision ticks; ties resolved by actual argmin
E1_raw_recorded_indices,locked_nominal,burgers,O-cand-state,7,76800,5.208333333333334e-05,5.208333333333334e-05,0.0,all 200 decision ticks; ties resolved by actual argmin
E1_raw_recorded_indices,locked_nominal,burgers,O-cand-state,8,76800,0.0,0.0,0.0,all 200 decision ticks; ties resolved by actual argmin
E1_raw_recorded_indices,locked_nominal,burgers,O-cand-state,9,76800,0.010052083333333333,0.010052083333333333,0.0,all 200 decision ticks; ties resolved by actual argmin
E1_raw_recorded_indices,locked_nominal,heat,O-cand-obs,0,76800,0.009544270833333333,0.009544270833333333,0.0,all 200 decision ticks; ties resolved by actual argmin
E1_raw_recorded_indices,locked_nominal,heat,O-cand-obs,1,76800,0.030859375,0.030859375,0.0,all 200 decision ticks; ties resolved by actual argmin
E1_raw_recorded_indices,locked_nominal,heat,O-cand-obs,2,76800,0.00010416666666666667,0.00010416666666666667,0.0,all 200 decision ticks; ties resolved by actual argmin
E1_raw_recorded_indices,locked_nominal,heat,O-cand-obs,3,76800,0.03169270833333333,0.03169270833333333,0.0,all 200 decision ticks; ties resolved by actual argmin
E1_raw_recorded_indices,locked_nominal,heat,O-cand-obs,4,76800,0.9003645833333334,0.9003645833333334,0.0,all 200 decision ticks; ties resolved by actual argmin
E1_raw_recorded_indices,locked_nominal,heat,O-cand-obs,5,76800,0.003828125,0.003828125,0.0,all 200 decision ticks; ties resolved by actual argmin
E1_raw_recorded_indices,locked_nominal,heat,O-cand-obs,6,76800,0.00014322916666666667,0.00014322916666666667,0.0,all 200 decision ticks; ties resolved by actual argmin
E1_raw_recorded_indices,locked_nominal,heat,O-cand-obs,7,76800,0.0034765625,0.0034765625,0.0,all 200 decision ticks; ties resolved by actual argmin
E1_raw_recorded_indices,locked_nominal,heat,O-cand-obs,8,76800,0.0189453125,0.0189453125,0.0,all 200 decision ticks; ties resolved by actual argmin
E1_raw_recorded_indices,locked_nominal,heat,O-cand-obs,9,76800,0.0010416666666666667,0.0010416666666666667,0.0,all 200 decision ticks; ties resolved by actual argmin
E1_raw_recorded_indices,locked_nominal,heat,O-cand-state,0,76800,0.0067708333333333336,0.0067708333333333336,0.0,all 200 decision ticks; ties resolved by actual argmin
E1_raw_recorded_indices,locked_nominal,heat,O-cand-state,1,76800,0.0332421875,0.0332421875,0.0,all 200 decision ticks; ties resolved by actual argmin
E1_raw_recorded_indices,locked_nominal,heat,O-cand-state,2,76800,9.114583333333334e-05,9.114583333333334e-05,0.0,all 200 decision ticks; ties resolved by actual argmin
E1_raw_recorded_indices,locked_nominal,heat,O-cand-state,3,76800,0.0342578125,0.0342578125,0.0,all 200 decision ticks; ties resolved by actual argmin
E1_raw_recorded_indices,locked_nominal,heat,O-cand-state,4,76800,0.8988411458333333,0.8988411458333333,0.0,all 200 decision ticks; ties resolved by actual argmin
E1_raw_recorded_indices,locked_nominal,heat,O-cand-state,5,76800,0.003671875,0.003671875,0.0,all 200 decision ticks; ties resolved by actual argmin
E1_raw_recorded_indices,locked_nominal,heat,O-cand-state,6,76800,0.00015625,0.00015625,0.0,all 200 decision ticks; ties resolved by actual argmin
E1_raw_recorded_indices,locked_nominal,heat,O-cand-state,7,76800,0.0032942708333333335,0.0032942708333333335,0.0,all 200 decision ticks; ties resolved by actual argmin
E1_raw_recorded_indices,locked_nominal,heat,O-cand-state,8,76800,0.018723958333333332,0.018723958333333332,0.0,all 200 decision ticks; ties resolved by actual argmin
E1_raw_recorded_indices,locked_nominal,heat,O-cand-state,9,76800,0.0009505208333333334,0.0009505208333333334,0.0,all 200 decision ticks; ties resolved by actual argmin
E5_raw_recorded_indices,locked_coefficient_ood,heat,B4_s11,0,25600,0.0001953125,0.0001953125,0.0,all 200 decision ticks; ties resolved by actual argmin
E5_raw_recorded_indices,locked_coefficient_ood,heat,B4_s11,1,25600,0.005859375,0.005859375,0.0,all 200 decision ticks; ties resolved by actual argmin
E5_raw_recorded_indices,locked_coefficient_ood,heat,B4_s11,2,25600,0.0,0.0,0.0,all 200 decision ticks; ties resolved by actual argmin
E5_raw_recorded_indices,locked_coefficient_ood,heat,B4_s11,3,25600,0.0052734375,0.0052734375,0.0,all 200 decision ticks; ties resolved by actual argmin
E5_raw_recorded_indices,locked_coefficient_ood,heat,B4_s11,4,25600,0.982265625,0.982265625,0.0,all 200 decision ticks; ties resolved by actual argmin
E5_raw_recorded_indices,locked_coefficient_ood,heat,B4_s11,5,25600,0.00203125,0.00203125,0.0,all 200 decision ticks; ties resolved by actual argmin
E5_raw_recorded_indices,locked_coefficient_ood,heat,B4_s11,6,25600,0.0,0.0,0.0,all 200 decision ticks; ties resolved by actual argmin
E5_raw_recorded_indices,locked_coefficient_ood,heat,B4_s11,7,25600,0.002734375,0.002734375,0.0,all 200 decision ticks; ties resolved by actual argmin
E5_raw_recorded_indices,locked_coefficient_ood,heat,B4_s11,8,25600,0.001328125,0.001328125,0.0,all 200 decision ticks; ties resolved by actual argmin
E5_raw_recorded_indices,locked_coefficient_ood,heat,B4_s11,9,25600,0.0003125,0.0003125,0.0,all 200 decision ticks; ties resolved by actual argmin
E5_raw_recorded_indices,locked_coefficient_ood,heat,B4_s23,0,25600,0.0001953125,0.0001953125,0.0,all 200 decision ticks; ties resolved by actual argmin
E5_raw_recorded_indices,locked_coefficient_ood,heat,B4_s23,1,25600,0.005390625,0.005390625,0.0,all 200 decision ticks; ties resolved by actual argmin
E5_raw_recorded_indices,locked_coefficient_ood,heat,B4_s23,2,25600,0.0,0.0,0.0,all 200 decision ticks; ties resolved by actual argmin
E5_raw_recorded_indices,locked_coefficient_ood,heat,B4_s23,3,25600,0.0050390625,0.0050390625,0.0,all 200 decision ticks; ties resolved by actual argmin
E5_raw_recorded_indices,locked_coefficient_ood,heat,B4_s23,4,25600,0.9835546875,0.9835546875,0.0,all 200 decision ticks; ties resolved by actual argmin
E5_raw_recorded_indices,locked_coefficient_ood,heat,B4_s23,5,25600,0.0018359375,0.0018359375,0.0,all 200 decision ticks; ties resolved by actual argmin
E5_raw_recorded_indices,locked_coefficient_ood,heat,B4_s23,6,25600,0.0,0.0,0.0,all 200 decision ticks; ties resolved by actual argmin
E5_raw_recorded_indices,locked_coefficient_ood,heat,B4_s23,7,25600,0.00234375,0.00234375,0.0,all 200 decision ticks; ties resolved by actual argmin
E5_raw_recorded_indices,locked_coefficient_ood,heat,B4_s23,8,25600,0.001328125,0.001328125,0.0,all 200 decision ticks; ties resolved by actual argmin
E5_raw_recorded_indices,locked_coefficient_ood,heat,B4_s23,9,25600,0.0003125,0.0003125,0.0,all 200 decision ticks; ties resolved by actual argmin
E5_raw_recorded_indices,locked_coefficient_ood,heat,B4_s37,0,25600,0.0002734375,0.0002734375,0.0,all 200 decision ticks; ties resolved by actual argmin
E5_raw_recorded_indices,locked_coefficient_ood,heat,B4_s37,1,25600,0.005546875,0.005546875,0.0,all 200 decision ticks; ties resolved by actual argmin
E5_raw_recorded_indices,locked_coefficient_ood,heat,B4_s37,2,25600,0.0,0.0,0.0,all 200 decision ticks; ties resolved by actual argmin
E5_raw_recorded_indices,locked_coefficient_ood,heat,B4_s37,3,25600,0.00515625,0.00515625,0.0,all 200 decision ticks; ties resolved by actual argmin
E5_raw_recorded_indices,locked_coefficient_ood,heat,B4_s37,4,25600,0.9828515625,0.9828515625,0.0,all 200 decision ticks; ties resolved by actual argmin
E5_raw_recorded_indices,locked_coefficient_ood,heat,B4_s37,5,25600,0.0019921875,0.0019921875,0.0,all 200 decision ticks; ties resolved by actual argmin
E5_raw_recorded_indices,locked_coefficient_ood,heat,B4_s37,6,25600,0.0,0.0,0.0,all 200 decision ticks; ties resolved by actual argmin
E5_raw_recorded_indices,locked_coefficient_ood,heat,B4_s37,7,25600,0.0025,0.0025,0.0,all 200 decision ticks; ties resolved by actual argmin
E5_raw_recorded_indices,locked_coefficient_ood,heat,B4_s37,8,25600,0.0013671875,0.0013671875,0.0,all 200 decision ticks; ties resolved by actual argmin
E5_raw_recorded_indices,locked_coefficient_ood,heat,B4_s37,9,25600,0.0003125,0.0003125,0.0,all 200 decision ticks; ties resolved by actual argmin
E5_raw_recorded_indices,locked_coefficient_ood,heat,B5_s11,0,25600,0.0001953125,0.0001953125,0.0,all 200 decision ticks; ties resolved by actual argmin
E5_raw_recorded_indices,locked_coefficient_ood,heat,B5_s11,1,25600,0.0058984375,0.0058984375,0.0,all 200 decision ticks; ties resolved by actual argmin
E5_raw_recorded_indices,locked_coefficient_ood,heat,B5_s11,2,25600,0.0,0.0,0.0,all 200 decision ticks; ties resolved by actual argmin
E5_raw_recorded_indices,locked_coefficient_ood,heat,B5_s11,3,25600,0.00546875,0.00546875,0.0,all 200 decision ticks; ties resolved by actual argmin
E5_raw_recorded_indices,locked_coefficient_ood,heat,B5_s11,4,25600,0.9819140625,0.9819140625,0.0,all 200 decision ticks; ties resolved by actual argmin
E5_raw_recorded_indices,locked_coefficient_ood,heat,B5_s11,5,25600,0.00203125,0.00203125,0.0,all 200 decision ticks; ties resolved by actual argmin
E5_raw_recorded_indices,locked_coefficient_ood,heat,B5_s11,6,25600,0.0,0.0,0.0,all 200 decision ticks; ties resolved by actual argmin
E5_raw_recorded_indices,locked_coefficient_ood,heat,B5_s11,7,25600,0.00265625,0.00265625,0.0,all 200 decision ticks; ties resolved by actual argmin
E5_raw_recorded_indices,locked_coefficient_ood,heat,B5_s11,8,25600,0.0015234375,0.0015234375,0.0,all 200 decision ticks; ties resolved by actual argmin
E5_raw_recorded_indices,locked_coefficient_ood,heat,B5_s11,9,25600,0.0003125,0.0003125,0.0,all 200 decision ticks; ties resolved by actual argmin
E5_raw_recorded_indices,locked_coefficient_ood,heat,B5_s23,0,25600,0.00015625,0.00015625,0.0,all 200 decision ticks; ties resolved by actual argmin
E5_raw_recorded_indices,locked_coefficient_ood,heat,B5_s23,1,25600,0.0059765625,0.0059765625,0.0,all 200 decision ticks; ties resolved by actual argmin
E5_raw_recorded_indices,locked_coefficient_ood,heat,B5_s23,2,25600,0.0,0.0,0.0,all 200 decision ticks; ties resolved by actual argmin
E5_raw_recorded_indices,locked_coefficient_ood,heat,B5_s23,3,25600,0.0054296875,0.0054296875,0.0,all 200 decision ticks; ties resolved by actual argmin
E5_raw_recorded_indices,locked_coefficient_ood,heat,B5_s23,4,25600,0.981875,0.981875,0.0,all 200 decision ticks; ties resolved by actual argmin
E5_raw_recorded_indices,locked_coefficient_ood,heat,B5_s23,5,25600,0.00203125,0.00203125,0.0,all 200 decision ticks; ties resolved by actual argmin
E5_raw_recorded_indices,locked_coefficient_ood,heat,B5_s23,6,25600,0.0,0.0,0.0,all 200 decision ticks; ties resolved by actual argmin
E5_raw_recorded_indices,locked_coefficient_ood,heat,B5_s23,7,25600,0.0027734375,0.0027734375,0.0,all 200 decision ticks; ties resolved by actual argmin
E5_raw_recorded_indices,locked_coefficient_ood,heat,B5_s23,8,25600,0.0014453125,0.0014453125,0.0,all 200 decision ticks; ties resolved by actual argmin
E5_raw_recorded_indices,locked_coefficient_ood,heat,B5_s23,9,25600,0.0003125,0.0003125,0.0,all 200 decision ticks; ties resolved by actual argmin
E5_raw_recorded_indices,locked_coefficient_ood,heat,B5_s37,0,25600,0.0001171875,0.0001171875,0.0,all 200 decision ticks; ties resolved by actual argmin
E5_raw_recorded_indices,locked_coefficient_ood,heat,B5_s37,1,25600,0.0057421875,0.0057421875,0.0,all 200 decision ticks; ties resolved by actual argmin
E5_raw_recorded_indices,locked_coefficient_ood,heat,B5_s37,2,25600,0.0,0.0,0.0,all 200 decision ticks; ties resolved by actual argmin
E5_raw_recorded_indices,locked_coefficient_ood,heat,B5_s37,3,25600,0.0055078125,0.0055078125,0.0,all 200 decision ticks; ties resolved by actual argmin
E5_raw_recorded_indices,locked_coefficient_ood,heat,B5_s37,4,25600,0.9823828125,0.9823828125,0.0,all 200 decision ticks; ties resolved by actual argmin
E5_raw_recorded_indices,locked_coefficient_ood,heat,B5_s37,5,25600,0.001953125,0.001953125,0.0,all 200 decision ticks; ties resolved by actual argmin
E5_raw_recorded_indices,locked_coefficient_ood,heat,B5_s37,6,25600,0.0,0.0,0.0,all 200 decision ticks; ties resolved by actual argmin
E5_raw_recorded_indices,locked_coefficient_ood,heat,B5_s37,7,25600,0.0024609375,0.0024609375,0.0,all 200 decision ticks; ties resolved by actual argmin
E5_raw_recorded_indices,locked_coefficient_ood,heat,B5_s37,8,25600,0.0015234375,0.0015234375,0.0,all 200 decision ticks; ties resolved by actual argmin
E5_raw_recorded_indices,locked_coefficient_ood,heat,B5_s37,9,25600,0.0003125,0.0003125,0.0,all 200 decision ticks; ties resolved by actual argmin
E5_raw_recorded_indices,locked_coefficient_ood,heat,P-no-rank_s11,0,25600,0.0002734375,0.0002734375,0.0,all 200 decision ticks; ties resolved by actual argmin
E5_raw_recorded_indices,locked_coefficient_ood,heat,P-no-rank_s11,1,25600,0.0066015625,0.0066015625,0.0,all 200 decision ticks; ties resolved by actual argmin
E5_raw_recorded_indices,locked_coefficient_ood,heat,P-no-rank_s11,2,25600,0.0,0.0,0.0,all 200 decision ticks; ties resolved by actual argmin
E5_raw_recorded_indices,locked_coefficient_ood,heat,P-no-rank_s11,3,25600,0.006328125,0.006328125,0.0,all 200 decision ticks; ties resolved by actual argmin
E5_raw_recorded_indices,locked_coefficient_ood,heat,P-no-rank_s11,4,25600,0.97921875,0.97921875,0.0,all 200 decision ticks; ties resolved by actual argmin
E5_raw_recorded_indices,locked_coefficient_ood,heat,P-no-rank_s11,5,25600,0.0023046875,0.0023046875,0.0,all 200 decision ticks; ties resolved by actual argmin
E5_raw_recorded_indices,locked_coefficient_ood,heat,P-no-rank_s11,6,25600,0.0,0.0,0.0,all 200 decision ticks; ties resolved by actual argmin
E5_raw_recorded_indices,locked_coefficient_ood,heat,P-no-rank_s11,7,25600,0.0028515625,0.0028515625,0.0,all 200 decision ticks; ties resolved by actual argmin
E5_raw_recorded_indices,locked_coefficient_ood,heat,P-no-rank_s11,8,25600,0.002109375,0.002109375,0.0,all 200 decision ticks; ties resolved by actual argmin
E5_raw_recorded_indices,locked_coefficient_ood,heat,P-no-rank_s11,9,25600,0.0003125,0.0003125,0.0,all 200 decision ticks; ties resolved by actual argmin
E5_raw_recorded_indices,locked_coefficient_ood,heat,P-no-rank_s23,0,25600,7.8125e-05,7.8125e-05,0.0,all 200 decision ticks; ties resolved by actual argmin
E5_raw_recorded_indices,locked_coefficient_ood,heat,P-no-rank_s23,1,25600,0.0069140625,0.0069140625,0.0,all 200 decision ticks; ties resolved by actual argmin
E5_raw_recorded_indices,locked_coefficient_ood,heat,P-no-rank_s23,2,25600,0.0,0.0,0.0,all 200 decision ticks; ties resolved by actual argmin
E5_raw_recorded_indices,locked_coefficient_ood,heat,P-no-rank_s23,3,25600,0.006171875,0.006171875,0.0,all 200 decision ticks; ties resolved by actual argmin
E5_raw_recorded_indices,locked_coefficient_ood,heat,P-no-rank_s23,4,25600,0.9794140625,0.9794140625,0.0,all 200 decision ticks; ties resolved by actual argmin
E5_raw_recorded_indices,locked_coefficient_ood,heat,P-no-rank_s23,5,25600,0.0019140625,0.0019140625,0.0,all 200 decision ticks; ties resolved by actual argmin
E5_raw_recorded_indices,locked_coefficient_ood,heat,P-no-rank_s23,6,25600,0.0,0.0,0.0,all 200 decision ticks; ties resolved by actual argmin
E5_raw_recorded_indices,locked_coefficient_ood,heat,P-no-rank_s23,7,25600,0.003046875,0.003046875,0.0,all 200 decision ticks; ties resolved by actual argmin
E5_raw_recorded_indices,locked_coefficient_ood,heat,P-no-rank_s23,8,25600,0.0021484375,0.0021484375,0.0,all 200 decision ticks; ties resolved by actual argmin
E5_raw_recorded_indices,locked_coefficient_ood,heat,P-no-rank_s23,9,25600,0.0003125,0.0003125,0.0,all 200 decision ticks; ties resolved by actual argmin
E5_raw_recorded_indices,locked_coefficient_ood,heat,P-no-rank_s37,0,25600,0.0001171875,0.0001171875,0.0,all 200 decision ticks; ties resolved by actual argmin
E5_raw_recorded_indices,locked_coefficient_ood,heat,P-no-rank_s37,1,25600,0.0059375,0.0059375,0.0,all 200 decision ticks; ties resolved by actual argmin
E5_raw_recorded_indices,locked_coefficient_ood,heat,P-no-rank_s37,2,25600,0.0,0.0,0.0,all 200 decision ticks; ties resolved by actual argmin
E5_raw_recorded_indices,locked_coefficient_ood,heat,P-no-rank_s37,3,25600,0.006171875,0.006171875,0.0,all 200 decision ticks; ties resolved by actual argmin
E5_raw_recorded_indices,locked_coefficient_ood,heat,P-no-rank_s37,4,25600,0.981171875,0.981171875,0.0,all 200 decision ticks; ties resolved by actual argmin
E5_raw_recorded_indices,locked_coefficient_ood,heat,P-no-rank_s37,5,25600,0.00203125,0.00203125,0.0,all 200 decision ticks; ties resolved by actual argmin
E5_raw_recorded_indices,locked_coefficient_ood,heat,P-no-rank_s37,6,25600,0.0,0.0,0.0,all 200 decision ticks; ties resolved by actual argmin
E5_raw_recorded_indices,locked_coefficient_ood,heat,P-no-rank_s37,7,25600,0.002265625,0.002265625,0.0,all 200 decision ticks; ties resolved by actual argmin
E5_raw_recorded_indices,locked_coefficient_ood,heat,P-no-rank_s37,8,25600,0.0019921875,0.0019921875,0.0,all 200 decision ticks; ties resolved by actual argmin
E5_raw_recorded_indices,locked_coefficient_ood,heat,P-no-rank_s37,9,25600,0.0003125,0.0003125,0.0,all 200 decision ticks; ties resolved by actual argmin
E5_raw_recorded_indices,locked_coefficient_ood,heat,P_s11,0,25600,0.0001953125,0.0001953125,0.0,all 200 decision ticks; ties resolved by actual argmin
E5_raw_recorded_indices,locked_coefficient_ood,heat,P_s11,1,25600,0.0058984375,0.0058984375,0.0,all 200 decision ticks; ties resolved by actual argmin
E5_raw_recorded_indices,locked_coefficient_ood,heat,P_s11,2,25600,0.0,0.0,0.0,all 200 decision ticks; ties resolved by actual argmin
E5_raw_recorded_indices,locked_coefficient_ood,heat,P_s11,3,25600,0.00546875,0.00546875,0.0,all 200 decision ticks; ties resolved by actual argmin
E5_raw_recorded_indices,locked_coefficient_ood,heat,P_s11,4,25600,0.9819140625,0.9819140625,0.0,all 200 decision ticks; ties resolved by actual argmin
E5_raw_recorded_indices,locked_coefficient_ood,heat,P_s11,5,25600,0.00203125,0.00203125,0.0,all 200 decision ticks; ties resolved by actual argmin
E5_raw_recorded_indices,locked_coefficient_ood,heat,P_s11,6,25600,0.0,0.0,0.0,all 200 decision ticks; ties resolved by actual argmin
E5_raw_recorded_indices,locked_coefficient_ood,heat,P_s11,7,25600,0.00265625,0.00265625,0.0,all 200 decision ticks; ties resolved by actual argmin
E5_raw_recorded_indices,locked_coefficient_ood,heat,P_s11,8,25600,0.0015234375,0.0015234375,0.0,all 200 decision ticks; ties resolved by actual argmin
E5_raw_recorded_indices,locked_coefficient_ood,heat,P_s11,9,25600,0.0003125,0.0003125,0.0,all 200 decision ticks; ties resolved by actual argmin
E5_raw_recorded_indices,locked_coefficient_ood,heat,P_s23,0,25600,0.00015625,0.00015625,0.0,all 200 decision ticks; ties resolved by actual argmin
E5_raw_recorded_indices,locked_coefficient_ood,heat,P_s23,1,25600,0.0059765625,0.0059765625,0.0,all 200 decision ticks; ties resolved by actual argmin
E5_raw_recorded_indices,locked_coefficient_ood,heat,P_s23,2,25600,0.0,0.0,0.0,all 200 decision ticks; ties resolved by actual argmin
E5_raw_recorded_indices,locked_coefficient_ood,heat,P_s23,3,25600,0.0054296875,0.0054296875,0.0,all 200 decision ticks; ties resolved by actual argmin
E5_raw_recorded_indices,locked_coefficient_ood,heat,P_s23,4,25600,0.981875,0.981875,0.0,all 200 decision ticks; ties resolved by actual argmin
E5_raw_recorded_indices,locked_coefficient_ood,heat,P_s23,5,25600,0.00203125,0.00203125,0.0,all 200 decision ticks; ties resolved by actual argmin
E5_raw_recorded_indices,locked_coefficient_ood,heat,P_s23,6,25600,0.0,0.0,0.0,all 200 decision ticks; ties resolved by actual argmin
E5_raw_recorded_indices,locked_coefficient_ood,heat,P_s23,7,25600,0.0027734375,0.0027734375,0.0,all 200 decision ticks; ties resolved by actual argmin
E5_raw_recorded_indices,locked_coefficient_ood,heat,P_s23,8,25600,0.0014453125,0.0014453125,0.0,all 200 decision ticks; ties resolved by actual argmin
E5_raw_recorded_indices,locked_coefficient_ood,heat,P_s23,9,25600,0.0003125,0.0003125,0.0,all 200 decision ticks; ties resolved by actual argmin
E5_raw_recorded_indices,locked_coefficient_ood,heat,P_s37,0,25600,0.0001171875,0.0001171875,0.0,all 200 decision ticks; ties resolved by actual argmin
E5_raw_recorded_indices,locked_coefficient_ood,heat,P_s37,1,25600,0.0057421875,0.0057421875,0.0,all 200 decision ticks; ties resolved by actual argmin
E5_raw_recorded_indices,locked_coefficient_ood,heat,P_s37,2,25600,0.0,0.0,0.0,all 200 decision ticks; ties resolved by actual argmin
E5_raw_recorded_indices,locked_coefficient_ood,heat,P_s37,3,25600,0.0055078125,0.0055078125,0.0,all 200 decision ticks; ties resolved by actual argmin
E5_raw_recorded_indices,locked_coefficient_ood,heat,P_s37,4,25600,0.9823828125,0.9823828125,0.0,all 200 decision ticks; ties resolved by actual argmin
E5_raw_recorded_indices,locked_coefficient_ood,heat,P_s37,5,25600,0.001953125,0.001953125,0.0,all 200 decision ticks; ties resolved by actual argmin
E5_raw_recorded_indices,locked_coefficient_ood,heat,P_s37,6,25600,0.0,0.0,0.0,all 200 decision ticks; ties resolved by actual argmin
E5_raw_recorded_indices,locked_coefficient_ood,heat,P_s37,7,25600,0.0024609375,0.0024609375,0.0,all 200 decision ticks; ties resolved by actual argmin
E5_raw_recorded_indices,locked_coefficient_ood,heat,P_s37,8,25600,0.0015234375,0.0015234375,0.0,all 200 decision ticks; ties resolved by actual argmin
E5_raw_recorded_indices,locked_coefficient_ood,heat,P_s37,9,25600,0.0003125,0.0003125,0.0,all 200 decision ticks; ties resolved by actual argmin
E5_raw_recorded_indices,locked_delay_dropout,heat,B4_s11,0,25600,0.0006640625,0.0006640625,0.0,all 200 decision ticks; ties resolved by actual argmin
E5_raw_recorded_indices,locked_delay_dropout,heat,B4_s11,1,25600,0.012578125,0.012578125,0.0,all 200 decision ticks; ties resolved by actual argmin
E5_raw_recorded_indices,locked_delay_dropout,heat,B4_s11,2,25600,0.0,0.0,0.0,all 200 decision ticks; ties resolved by actual argmin
E5_raw_recorded_indices,locked_delay_dropout,heat,B4_s11,3,25600,0.0132421875,0.0132421875,0.0,all 200 decision ticks; ties resolved by actual argmin
E5_raw_recorded_indices,locked_delay_dropout,heat,B4_s11,4,25600,0.95578125,0.95578125,0.0,all 200 decision ticks; ties resolved by actual argmin
E5_raw_recorded_indices,locked_delay_dropout,heat,B4_s11,5,25600,0.0046875,0.0046875,0.0,all 200 decision ticks; ties resolved by actual argmin
E5_raw_recorded_indices,locked_delay_dropout,heat,B4_s11,6,25600,0.0,0.0,0.0,all 200 decision ticks; ties resolved by actual argmin
E5_raw_recorded_indices,locked_delay_dropout,heat,B4_s11,7,25600,0.00421875,0.00421875,0.0,all 200 decision ticks; ties resolved by actual argmin
E5_raw_recorded_indices,locked_delay_dropout,heat,B4_s11,8,25600,0.0084375,0.0084375,0.0,all 200 decision ticks; ties resolved by actual argmin
E5_raw_recorded_indices,locked_delay_dropout,heat,B4_s11,9,25600,0.000390625,0.000390625,0.0,all 200 decision ticks; ties resolved by actual argmin
E5_raw_recorded_indices,locked_delay_dropout,heat,B4_s23,0,25600,0.0003125,0.0003125,0.0,all 200 decision ticks; ties resolved by actual argmin
E5_raw_recorded_indices,locked_delay_dropout,heat,B4_s23,1,25600,0.0128515625,0.0128515625,0.0,all 200 decision ticks; ties resolved by actual argmin
E5_raw_recorded_indices,locked_delay_dropout,heat,B4_s23,2,25600,0.0,0.0,0.0,all 200 decision ticks; ties resolved by actual argmin
E5_raw_recorded_indices,locked_delay_dropout,heat,B4_s23,3,25600,0.0131640625,0.0131640625,0.0,all 200 decision ticks; ties resolved by actual argmin
E5_raw_recorded_indices,locked_delay_dropout,heat,B4_s23,4,25600,0.95625,0.95625,0.0,all 200 decision ticks; ties resolved by actual argmin
E5_raw_recorded_indices,locked_delay_dropout,heat,B4_s23,5,25600,0.004453125,0.004453125,0.0,all 200 decision ticks; ties resolved by actual argmin
E5_raw_recorded_indices,locked_delay_dropout,heat,B4_s23,6,25600,0.0,0.0,0.0,all 200 decision ticks; ties resolved by actual argmin
E5_raw_recorded_indices,locked_delay_dropout,heat,B4_s23,7,25600,0.0043359375,0.0043359375,0.0,all 200 decision ticks; ties resolved by actual argmin
E5_raw_recorded_indices,locked_delay_dropout,heat,B4_s23,8,25600,0.0082421875,0.0082421875,0.0,all 200 decision ticks; ties resolved by actual argmin
E5_raw_recorded_indices,locked_delay_dropout,heat,B4_s23,9,25600,0.000390625,0.000390625,0.0,all 200 decision ticks; ties resolved by actual argmin
E5_raw_recorded_indices,locked_delay_dropout,heat,B4_s37,0,25600,0.000625,0.000625,0.0,all 200 decision ticks; ties resolved by actual argmin
E5_raw_recorded_indices,locked_delay_dropout,heat,B4_s37,1,25600,0.012734375,0.012734375,0.0,all 200 decision ticks; ties resolved by actual argmin
E5_raw_recorded_indices,locked_delay_dropout,heat,B4_s37,2,25600,0.0,0.0,0.0,all 200 decision ticks; ties resolved by actual argmin
E5_raw_recorded_indices,locked_delay_dropout,heat,B4_s37,3,25600,0.0132421875,0.0132421875,0.0,all 200 decision ticks; ties resolved by actual argmin
E5_raw_recorded_indices,locked_delay_dropout,heat,B4_s37,4,25600,0.9556640625,0.9556640625,0.0,all 200 decision ticks; ties resolved by actual argmin
E5_raw_recorded_indices,locked_delay_dropout,heat,B4_s37,5,25600,0.004609375,0.004609375,0.0,all 200 decision ticks; ties resolved by actual argmin
E5_raw_recorded_indices,locked_delay_dropout,heat,B4_s37,6,25600,0.0,0.0,0.0,all 200 decision ticks; ties resolved by actual argmin
E5_raw_recorded_indices,locked_delay_dropout,heat,B4_s37,7,25600,0.0042578125,0.0042578125,0.0,all 200 decision ticks; ties resolved by actual argmin
E5_raw_recorded_indices,locked_delay_dropout,heat,B4_s37,8,25600,0.0084765625,0.0084765625,0.0,all 200 decision ticks; ties resolved by actual argmin
E5_raw_recorded_indices,locked_delay_dropout,heat,B4_s37,9,25600,0.000390625,0.000390625,0.0,all 200 decision ticks; ties resolved by actual argmin
E5_raw_recorded_indices,locked_delay_dropout,heat,B5_s11,0,25600,0.0005078125,0.0005078125,0.0,all 200 decision ticks; ties resolved by actual argmin
E5_raw_recorded_indices,locked_delay_dropout,heat,B5_s11,1,25600,0.0133203125,0.0133203125,0.0,all 200 decision ticks; ties resolved by actual argmin
E5_raw_recorded_indices,locked_delay_dropout,heat,B5_s11,2,25600,0.0,0.0,0.0,all 200 decision ticks; ties resolved by actual argmin
E5_raw_recorded_indices,locked_delay_dropout,heat,B5_s11,3,25600,0.0136328125,0.0136328125,0.0,all 200 decision ticks; ties resolved by actual argmin
E5_raw_recorded_indices,locked_delay_dropout,heat,B5_s11,4,25600,0.954375,0.954375,0.0,all 200 decision ticks; ties resolved by actual argmin
E5_raw_recorded_indices,locked_delay_dropout,heat,B5_s11,5,25600,0.004453125,0.004453125,0.0,all 200 decision ticks; ties resolved by actual argmin
E5_raw_recorded_indices,locked_delay_dropout,heat,B5_s11,6,25600,0.0,0.0,0.0,all 200 decision ticks; ties resolved by actual argmin
E5_raw_recorded_indices,locked_delay_dropout,heat,B5_s11,7,25600,0.0044140625,0.0044140625,0.0,all 200 decision ticks; ties resolved by actual argmin
E5_raw_recorded_indices,locked_delay_dropout,heat,B5_s11,8,25600,0.00890625,0.00890625,0.0,all 200 decision ticks; ties resolved by actual argmin
E5_raw_recorded_indices,locked_delay_dropout,heat,B5_s11,9,25600,0.000390625,0.000390625,0.0,all 200 decision ticks; ties resolved by actual argmin
E5_raw_recorded_indices,locked_delay_dropout,heat,B5_s23,0,25600,0.000234375,0.000234375,0.0,all 200 decision ticks; ties resolved by actual argmin
E5_raw_recorded_indices,locked_delay_dropout,heat,B5_s23,1,25600,0.0137109375,0.0137109375,0.0,all 200 decision ticks; ties resolved by actual argmin
E5_raw_recorded_indices,locked_delay_dropout,heat,B5_s23,2,25600,0.0,0.0,0.0,all 200 decision ticks; ties resolved by actual argmin
E5_raw_recorded_indices,locked_delay_dropout,heat,B5_s23,3,25600,0.013984375,0.013984375,0.0,all 200 decision ticks; ties resolved by actual argmin
E5_raw_recorded_indices,locked_delay_dropout,heat,B5_s23,4,25600,0.953984375,0.953984375,0.0,all 200 decision ticks; ties resolved by actual argmin
E5_raw_recorded_indices,locked_delay_dropout,heat,B5_s23,5,25600,0.004296875,0.004296875,0.0,all 200 decision ticks; ties resolved by actual argmin
E5_raw_recorded_indices,locked_delay_dropout,heat,B5_s23,6,25600,0.0,0.0,0.0,all 200 decision ticks; ties resolved by actual argmin
E5_raw_recorded_indices,locked_delay_dropout,heat,B5_s23,7,25600,0.0042578125,0.0042578125,0.0,all 200 decision ticks; ties resolved by actual argmin
E5_raw_recorded_indices,locked_delay_dropout,heat,B5_s23,8,25600,0.009140625,0.009140625,0.0,all 200 decision ticks; ties resolved by actual argmin
E5_raw_recorded_indices,locked_delay_dropout,heat,B5_s23,9,25600,0.000390625,0.000390625,0.0,all 200 decision ticks; ties resolved by actual argmin
E5_raw_recorded_indices,locked_delay_dropout,heat,B5_s37,0,25600,0.00046875,0.00046875,0.0,all 200 decision ticks; ties resolved by actual argmin
E5_raw_recorded_indices,locked_delay_dropout,heat,B5_s37,1,25600,0.0134375,0.0134375,0.0,all 200 decision ticks; ties resolved by actual argmin
E5_raw_recorded_indices,locked_delay_dropout,heat,B5_s37,2,25600,0.0,0.0,0.0,all 200 decision ticks; ties resolved by actual argmin
E5_raw_recorded_indices,locked_delay_dropout,heat,B5_s37,3,25600,0.01375,0.01375,0.0,all 200 decision ticks; ties resolved by actual argmin
E5_raw_recorded_indices,locked_delay_dropout,heat,B5_s37,4,25600,0.9540625,0.9540625,0.0,all 200 decision ticks; ties resolved by actual argmin
E5_raw_recorded_indices,locked_delay_dropout,heat,B5_s37,5,25600,0.0045703125,0.0045703125,0.0,all 200 decision ticks; ties resolved by actual argmin
E5_raw_recorded_indices,locked_delay_dropout,heat,B5_s37,6,25600,0.0,0.0,0.0,all 200 decision ticks; ties resolved by actual argmin
E5_raw_recorded_indices,locked_delay_dropout,heat,B5_s37,7,25600,0.004453125,0.004453125,0.0,all 200 decision ticks; ties resolved by actual argmin
E5_raw_recorded_indices,locked_delay_dropout,heat,B5_s37,8,25600,0.0088671875,0.0088671875,0.0,all 200 decision ticks; ties resolved by actual argmin
E5_raw_recorded_indices,locked_delay_dropout,heat,B5_s37,9,25600,0.000390625,0.000390625,0.0,all 200 decision ticks; ties resolved by actual argmin
E5_raw_recorded_indices,locked_delay_dropout,heat,P-no-rank_s11,0,25600,0.0003515625,0.0003515625,0.0,all 200 decision ticks; ties resolved by actual argmin
E5_raw_recorded_indices,locked_delay_dropout,heat,P-no-rank_s11,1,25600,0.012109375,0.012109375,0.0,all 200 decision ticks; ties resolved by actual argmin
E5_raw_recorded_indices,locked_delay_dropout,heat,P-no-rank_s11,2,25600,0.0,0.0,0.0,all 200 decision ticks; ties resolved by actual argmin
E5_raw_recorded_indices,locked_delay_dropout,heat,P-no-rank_s11,3,25600,0.0144140625,0.0144140625,0.0,all 200 decision ticks; ties resolved by actual argmin
E5_raw_recorded_indices,locked_delay_dropout,heat,P-no-rank_s11,4,25600,0.9552734375,0.9552734375,0.0,all 200 decision ticks; ties resolved by actual argmin
E5_raw_recorded_indices,locked_delay_dropout,heat,P-no-rank_s11,5,25600,0.0055078125,0.0055078125,0.0,all 200 decision ticks; ties resolved by actual argmin
E5_raw_recorded_indices,locked_delay_dropout,heat,P-no-rank_s11,6,25600,0.0,0.0,0.0,all 200 decision ticks; ties resolved by actual argmin
E5_raw_recorded_indices,locked_delay_dropout,heat,P-no-rank_s11,7,25600,0.0034765625,0.0034765625,0.0,all 200 decision ticks; ties resolved by actual argmin
E5_raw_recorded_indices,locked_delay_dropout,heat,P-no-rank_s11,8,25600,0.0084765625,0.0084765625,0.0,all 200 decision ticks; ties resolved by actual argmin
E5_raw_recorded_indices,locked_delay_dropout,heat,P-no-rank_s11,9,25600,0.000390625,0.000390625,0.0,all 200 decision ticks; ties resolved by actual argmin
E5_raw_recorded_indices,locked_delay_dropout,heat,P-no-rank_s23,0,25600,0.0001953125,0.0001953125,0.0,all 200 decision ticks; ties resolved by actual argmin
E5_raw_recorded_indices,locked_delay_dropout,heat,P-no-rank_s23,1,25600,0.0129296875,0.0129296875,0.0,all 200 decision ticks; ties resolved by actual argmin
E5_raw_recorded_indices,locked_delay_dropout,heat,P-no-rank_s23,2,25600,0.0,0.0,0.0,all 200 decision ticks; ties resolved by actual argmin
E5_raw_recorded_indices,locked_delay_dropout,heat,P-no-rank_s23,3,25600,0.0141796875,0.0141796875,0.0,all 200 decision ticks; ties resolved by actual argmin
E5_raw_recorded_indices,locked_delay_dropout,heat,P-no-rank_s23,4,25600,0.9550390625,0.9550390625,0.0,all 200 decision ticks; ties resolved by actual argmin
E5_raw_recorded_indices,locked_delay_dropout,heat,P-no-rank_s23,5,25600,0.0046875,0.0046875,0.0,all 200 decision ticks; ties resolved by actual argmin
E5_raw_recorded_indices,locked_delay_dropout,heat,P-no-rank_s23,6,25600,0.0,0.0,0.0,all 200 decision ticks; ties resolved by actual argmin
E5_raw_recorded_indices,locked_delay_dropout,heat,P-no-rank_s23,7,25600,0.0037109375,0.0037109375,0.0,all 200 decision ticks; ties resolved by actual argmin
E5_raw_recorded_indices,locked_delay_dropout,heat,P-no-rank_s23,8,25600,0.0088671875,0.0088671875,0.0,all 200 decision ticks; ties resolved by actual argmin
E5_raw_recorded_indices,locked_delay_dropout,heat,P-no-rank_s23,9,25600,0.000390625,0.000390625,0.0,all 200 decision ticks; ties resolved by actual argmin
E5_raw_recorded_indices,locked_delay_dropout,heat,P-no-rank_s37,0,25600,0.000390625,0.000390625,0.0,all 200 decision ticks; ties resolved by actual argmin
E5_raw_recorded_indices,locked_delay_dropout,heat,P-no-rank_s37,1,25600,0.01203125,0.01203125,0.0,all 200 decision ticks; ties resolved by actual argmin
E5_raw_recorded_indices,locked_delay_dropout,heat,P-no-rank_s37,2,25600,0.0,0.0,0.0,all 200 decision ticks; ties resolved by actual argmin
E5_raw_recorded_indices,locked_delay_dropout,heat,P-no-rank_s37,3,25600,0.014296875,0.014296875,0.0,all 200 decision ticks; ties resolved by actual argmin
E5_raw_recorded_indices,locked_delay_dropout,heat,P-no-rank_s37,4,25600,0.955703125,0.955703125,0.0,all 200 decision ticks; ties resolved by actual argmin
E5_raw_recorded_indices,locked_delay_dropout,heat,P-no-rank_s37,5,25600,0.0053515625,0.0053515625,0.0,all 200 decision ticks; ties resolved by actual argmin
E5_raw_recorded_indices,locked_delay_dropout,heat,P-no-rank_s37,6,25600,0.0,0.0,0.0,all 200 decision ticks; ties resolved by actual argmin
E5_raw_recorded_indices,locked_delay_dropout,heat,P-no-rank_s37,7,25600,0.0033203125,0.0033203125,0.0,all 200 decision ticks; ties resolved by actual argmin
E5_raw_recorded_indices,locked_delay_dropout,heat,P-no-rank_s37,8,25600,0.008515625,0.008515625,0.0,all 200 decision ticks; ties resolved by actual argmin
E5_raw_recorded_indices,locked_delay_dropout,heat,P-no-rank_s37,9,25600,0.000390625,0.000390625,0.0,all 200 decision ticks; ties resolved by actual argmin
E5_raw_recorded_indices,locked_delay_dropout,heat,P_s11,0,25600,0.0005078125,0.0005078125,0.0,all 200 decision ticks; ties resolved by actual argmin
E5_raw_recorded_indices,locked_delay_dropout,heat,P_s11,1,25600,0.0133203125,0.0133203125,0.0,all 200 decision ticks; ties resolved by actual argmin
E5_raw_recorded_indices,locked_delay_dropout,heat,P_s11,2,25600,0.0,0.0,0.0,all 200 decision ticks; ties resolved by actual argmin
E5_raw_recorded_indices,locked_delay_dropout,heat,P_s11,3,25600,0.0136328125,0.0136328125,0.0,all 200 decision ticks; ties resolved by actual argmin
E5_raw_recorded_indices,locked_delay_dropout,heat,P_s11,4,25600,0.954375,0.954375,0.0,all 200 decision ticks; ties resolved by actual argmin
E5_raw_recorded_indices,locked_delay_dropout,heat,P_s11,5,25600,0.004453125,0.004453125,0.0,all 200 decision ticks; ties resolved by actual argmin
E5_raw_recorded_indices,locked_delay_dropout,heat,P_s11,6,25600,0.0,0.0,0.0,all 200 decision ticks; ties resolved by actual argmin
E5_raw_recorded_indices,locked_delay_dropout,heat,P_s11,7,25600,0.0044140625,0.0044140625,0.0,all 200 decision ticks; ties resolved by actual argmin
E5_raw_recorded_indices,locked_delay_dropout,heat,P_s11,8,25600,0.00890625,0.00890625,0.0,all 200 decision ticks; ties resolved by actual argmin
E5_raw_recorded_indices,locked_delay_dropout,heat,P_s11,9,25600,0.000390625,0.000390625,0.0,all 200 decision ticks; ties resolved by actual argmin
E5_raw_recorded_indices,locked_delay_dropout,heat,P_s23,0,25600,0.000234375,0.000234375,0.0,all 200 decision ticks; ties resolved by actual argmin
E5_raw_recorded_indices,locked_delay_dropout,heat,P_s23,1,25600,0.0137109375,0.0137109375,0.0,all 200 decision ticks; ties resolved by actual argmin
E5_raw_recorded_indices,locked_delay_dropout,heat,P_s23,2,25600,0.0,0.0,0.0,all 200 decision ticks; ties resolved by actual argmin
E5_raw_recorded_indices,locked_delay_dropout,heat,P_s23,3,25600,0.013984375,0.013984375,0.0,all 200 decision ticks; ties resolved by actual argmin
E5_raw_recorded_indices,locked_delay_dropout,heat,P_s23,4,25600,0.953984375,0.953984375,0.0,all 200 decision ticks; ties resolved by actual argmin
E5_raw_recorded_indices,locked_delay_dropout,heat,P_s23,5,25600,0.004296875,0.004296875,0.0,all 200 decision ticks; ties resolved by actual argmin
E5_raw_recorded_indices,locked_delay_dropout,heat,P_s23,6,25600,0.0,0.0,0.0,all 200 decision ticks; ties resolved by actual argmin
E5_raw_recorded_indices,locked_delay_dropout,heat,P_s23,7,25600,0.0042578125,0.0042578125,0.0,all 200 decision ticks; ties resolved by actual argmin
E5_raw_recorded_indices,locked_delay_dropout,heat,P_s23,8,25600,0.009140625,0.009140625,0.0,all 200 decision ticks; ties resolved by actual argmin
E5_raw_recorded_indices,locked_delay_dropout,heat,P_s23,9,25600,0.000390625,0.000390625,0.0,all 200 decision ticks; ties resolved by actual argmin
E5_raw_recorded_indices,locked_delay_dropout,heat,P_s37,0,25600,0.00046875,0.00046875,0.0,all 200 decision ticks; ties resolved by actual argmin
E5_raw_recorded_indices,locked_delay_dropout,heat,P_s37,1,25600,0.0134375,0.0134375,0.0,all 200 decision ticks; ties resolved by actual argmin
E5_raw_recorded_indices,locked_delay_dropout,heat,P_s37,2,25600,0.0,0.0,0.0,all 200 decision ticks; ties resolved by actual argmin
E5_raw_recorded_indices,locked_delay_dropout,heat,P_s37,3,25600,0.01375,0.01375,0.0,all 200 decision ticks; ties resolved by actual argmin
E5_raw_recorded_indices,locked_delay_dropout,heat,P_s37,4,25600,0.9540625,0.9540625,0.0,all 200 decision ticks; ties resolved by actual argmin
E5_raw_recorded_indices,locked_delay_dropout,heat,P_s37,5,25600,0.0045703125,0.0045703125,0.0,all 200 decision ticks; ties resolved by actual argmin
E5_raw_recorded_indices,locked_delay_dropout,heat,P_s37,6,25600,0.0,0.0,0.0,all 200 decision ticks; ties resolved by actual argmin
E5_raw_recorded_indices,locked_delay_dropout,heat,P_s37,7,25600,0.004453125,0.004453125,0.0,all 200 decision ticks; ties resolved by actual argmin
E5_raw_recorded_indices,locked_delay_dropout,heat,P_s37,8,25600,0.0088671875,0.0088671875,0.0,all 200 decision ticks; ties resolved by actual argmin
E5_raw_recorded_indices,locked_delay_dropout,heat,P_s37,9,25600,0.000390625,0.000390625,0.0,all 200 decision ticks; ties resolved by actual argmin
E5_raw_recorded_indices,locked_nominal,heat,B4_s11,0,76800,0.004856770833333334,0.004856770833333334,0.0,all 200 decision ticks; ties resolved by actual argmin
E5_raw_recorded_indices,locked_nominal,heat,B4_s11,1,76800,0.023125,0.023125,0.0,all 200 decision ticks; ties resolved by actual argmin
E5_raw_recorded_indices,locked_nominal,heat,B4_s11,2,76800,9.114583333333334e-05,9.114583333333334e-05,0.0,all 200 decision ticks; ties resolved by actual argmin
E5_raw_recorded_indices,locked_nominal,heat,B4_s11,3,76800,0.021028645833333335,0.021028645833333335,0.0,all 200 decision ticks; ties resolved by actual argmin
E5_raw_recorded_indices,locked_nominal,heat,B4_s11,4,76800,0.9318098958333333,0.9318098958333333,0.0,all 200 decision ticks; ties resolved by actual argmin
E5_raw_recorded_indices,locked_nominal,heat,B4_s11,5,76800,0.005234375,0.005234375,0.0,all 200 decision ticks; ties resolved by actual argmin
E5_raw_recorded_indices,locked_nominal,heat,B4_s11,6,76800,0.0001171875,0.0001171875,0.0,all 200 decision ticks; ties resolved by actual argmin
E5_raw_recorded_indices,locked_nominal,heat,B4_s11,7,76800,0.004283854166666667,0.004283854166666667,0.0,all 200 decision ticks; ties resolved by actual argmin
E5_raw_recorded_indices,locked_nominal,heat,B4_s11,8,76800,0.008697916666666666,0.008697916666666666,0.0,all 200 decision ticks; ties resolved by actual argmin
E5_raw_recorded_indices,locked_nominal,heat,B4_s11,9,76800,0.0007552083333333333,0.0007552083333333333,0.0,all 200 decision ticks; ties resolved by actual argmin
E5_raw_recorded_indices,locked_nominal,heat,B4_s23,0,76800,0.004544270833333333,0.004544270833333333,0.0,all 200 decision ticks; ties resolved by actual argmin
E5_raw_recorded_indices,locked_nominal,heat,B4_s23,1,76800,0.022330729166666667,0.022330729166666667,0.0,all 200 decision ticks; ties resolved by actual argmin
E5_raw_recorded_indices,locked_nominal,heat,B4_s23,2,76800,9.114583333333334e-05,9.114583333333334e-05,0.0,all 200 decision ticks; ties resolved by actual argmin
E5_raw_recorded_indices,locked_nominal,heat,B4_s23,3,76800,0.022044270833333334,0.022044270833333334,0.0,all 200 decision ticks; ties resolved by actual argmin
E5_raw_recorded_indices,locked_nominal,heat,B4_s23,4,76800,0.9319270833333333,0.9319270833333333,0.0,all 200 decision ticks; ties resolved by actual argmin
E5_raw_recorded_indices,locked_nominal,heat,B4_s23,5,76800,0.005091145833333333,0.005091145833333333,0.0,all 200 decision ticks; ties resolved by actual argmin
E5_raw_recorded_indices,locked_nominal,heat,B4_s23,6,76800,9.114583333333334e-05,9.114583333333334e-05,0.0,all 200 decision ticks; ties resolved by actual argmin
E5_raw_recorded_indices,locked_nominal,heat,B4_s23,7,76800,0.004427083333333333,0.004427083333333333,0.0,all 200 decision ticks; ties resolved by actual argmin
E5_raw_recorded_indices,locked_nominal,heat,B4_s23,8,76800,0.008463541666666666,0.008463541666666666,0.0,all 200 decision ticks; ties resolved by actual argmin
E5_raw_recorded_indices,locked_nominal,heat,B4_s23,9,76800,0.0009895833333333334,0.0009895833333333334,0.0,all 200 decision ticks; ties resolved by actual argmin
E5_raw_recorded_indices,locked_nominal,heat,B4_s37,0,76800,0.005520833333333333,0.005520833333333333,0.0,all 200 decision ticks; ties resolved by actual argmin
E5_raw_recorded_indices,locked_nominal,heat,B4_s37,1,76800,0.0226171875,0.0226171875,0.0,all 200 decision ticks; ties resolved by actual argmin
E5_raw_recorded_indices,locked_nominal,heat,B4_s37,2,76800,0.00010416666666666667,0.00010416666666666667,0.0,all 200 decision ticks; ties resolved by actual argmin
E5_raw_recorded_indices,locked_nominal,heat,B4_s37,3,76800,0.021080729166666666,0.021080729166666666,0.0,all 200 decision ticks; ties resolved by actual argmin
E5_raw_recorded_indices,locked_nominal,heat,B4_s37,4,76800,0.9315234375,0.9315234375,0.0,all 200 decision ticks; ties resolved by actual argmin
E5_raw_recorded_indices,locked_nominal,heat,B4_s37,5,76800,0.005247395833333333,0.005247395833333333,0.0,all 200 decision ticks; ties resolved by actual argmin
E5_raw_recorded_indices,locked_nominal,heat,B4_s37,6,76800,0.0001171875,0.0001171875,0.0,all 200 decision ticks; ties resolved by actual argmin
E5_raw_recorded_indices,locked_nominal,heat,B4_s37,7,76800,0.004427083333333333,0.004427083333333333,0.0,all 200 decision ticks; ties resolved by actual argmin
E5_raw_recorded_indices,locked_nominal,heat,B4_s37,8,76800,0.008697916666666666,0.008697916666666666,0.0,all 200 decision ticks; ties resolved by actual argmin
E5_raw_recorded_indices,locked_nominal,heat,B4_s37,9,76800,0.0006640625,0.0006640625,0.0,all 200 decision ticks; ties resolved by actual argmin
E5_raw_recorded_indices,locked_nominal,heat,B5_s11,0,76800,0.002994791666666667,0.002994791666666667,0.0,all 200 decision ticks; ties resolved by actual argmin
E5_raw_recorded_indices,locked_nominal,heat,B5_s11,1,76800,0.024401041666666668,0.024401041666666668,0.0,all 200 decision ticks; ties resolved by actual argmin
E5_raw_recorded_indices,locked_nominal,heat,B5_s11,2,76800,9.114583333333334e-05,9.114583333333334e-05,0.0,all 200 decision ticks; ties resolved by actual argmin
E5_raw_recorded_indices,locked_nominal,heat,B5_s11,3,76800,0.023346354166666666,0.023346354166666666,0.0,all 200 decision ticks; ties resolved by actual argmin
E5_raw_recorded_indices,locked_nominal,heat,B5_s11,4,76800,0.929609375,0.929609375,0.0,all 200 decision ticks; ties resolved by actual argmin
E5_raw_recorded_indices,locked_nominal,heat,B5_s11,5,76800,0.005,0.005,0.0,all 200 decision ticks; ties resolved by actual argmin
E5_raw_recorded_indices,locked_nominal,heat,B5_s11,6,76800,6.510416666666667e-05,6.510416666666667e-05,0.0,all 200 decision ticks; ties resolved by actual argmin
E5_raw_recorded_indices,locked_nominal,heat,B5_s11,7,76800,0.004479166666666667,0.004479166666666667,0.0,all 200 decision ticks; ties resolved by actual argmin
E5_raw_recorded_indices,locked_nominal,heat,B5_s11,8,76800,0.009322916666666667,0.009322916666666667,0.0,all 200 decision ticks; ties resolved by actual argmin
E5_raw_recorded_indices,locked_nominal,heat,B5_s11,9,76800,0.0006901041666666667,0.0006901041666666667,0.0,all 200 decision ticks; ties resolved by actual argmin
E5_raw_recorded_indices,locked_nominal,heat,B5_s23,0,76800,0.0036328125,0.0036328125,0.0,all 200 decision ticks; ties resolved by actual argmin
E5_raw_recorded_indices,locked_nominal,heat,B5_s23,1,76800,0.024375,0.024375,0.0,all 200 decision ticks; ties resolved by actual argmin
E5_raw_recorded_indices,locked_nominal,heat,B5_s23,2,76800,9.114583333333334e-05,9.114583333333334e-05,0.0,all 200 decision ticks; ties resolved by actual argmin
E5_raw_recorded_indices,locked_nominal,heat,B5_s23,3,76800,0.022721354166666666,0.022721354166666666,0.0,all 200 decision ticks; ties resolved by actual argmin
E5_raw_recorded_indices,locked_nominal,heat,B5_s23,4,76800,0.9297526041666667,0.9297526041666667,0.0,all 200 decision ticks; ties resolved by actual argmin
E5_raw_recorded_indices,locked_nominal,heat,B5_s23,5,76800,0.004765625,0.004765625,0.0,all 200 decision ticks; ties resolved by actual argmin
E5_raw_recorded_indices,locked_nominal,heat,B5_s23,6,76800,7.8125e-05,7.8125e-05,0.0,all 200 decision ticks; ties resolved by actual argmin
E5_raw_recorded_indices,locked_nominal,heat,B5_s23,7,76800,0.004453125,0.004453125,0.0,all 200 decision ticks; ties resolved by actual argmin
E5_raw_recorded_indices,locked_nominal,heat,B5_s23,8,76800,0.009427083333333334,0.009427083333333334,0.0,all 200 decision ticks; ties resolved by actual argmin
E5_raw_recorded_indices,locked_nominal,heat,B5_s23,9,76800,0.000703125,0.000703125,0.0,all 200 decision ticks; ties resolved by actual argmin
E5_raw_recorded_indices,locked_nominal,heat,B5_s37,0,76800,0.0037630208333333335,0.0037630208333333335,0.0,all 200 decision ticks; ties resolved by actual argmin
E5_raw_recorded_indices,locked_nominal,heat,B5_s37,1,76800,0.024375,0.024375,0.0,all 200 decision ticks; ties resolved by actual argmin
E5_raw_recorded_indices,locked_nominal,heat,B5_s37,2,76800,9.114583333333334e-05,9.114583333333334e-05,0.0,all 200 decision ticks; ties resolved by actual argmin
E5_raw_recorded_indices,locked_nominal,heat,B5_s37,3,76800,0.0226953125,0.0226953125,0.0,all 200 decision ticks; ties resolved by actual argmin
E5_raw_recorded_indices,locked_nominal,heat,B5_s37,4,76800,0.9296354166666667,0.9296354166666667,0.0,all 200 decision ticks; ties resolved by actual argmin
E5_raw_recorded_indices,locked_nominal,heat,B5_s37,5,76800,0.004908854166666666,0.004908854166666666,0.0,all 200 decision ticks; ties resolved by actual argmin
E5_raw_recorded_indices,locked_nominal,heat,B5_s37,6,76800,7.8125e-05,7.8125e-05,0.0,all 200 decision ticks; ties resolved by actual argmin
E5_raw_recorded_indices,locked_nominal,heat,B5_s37,7,76800,0.004361979166666667,0.004361979166666667,0.0,all 200 decision ticks; ties resolved by actual argmin
E5_raw_recorded_indices,locked_nominal,heat,B5_s37,8,76800,0.0094140625,0.0094140625,0.0,all 200 decision ticks; ties resolved by actual argmin
E5_raw_recorded_indices,locked_nominal,heat,B5_s37,9,76800,0.0006770833333333334,0.0006770833333333334,0.0,all 200 decision ticks; ties resolved by actual argmin
E5_raw_recorded_indices,locked_nominal,heat,P-no-rank_s11,0,76800,0.0041796875,0.0041796875,0.0,all 200 decision ticks; ties resolved by actual argmin
E5_raw_recorded_indices,locked_nominal,heat,P-no-rank_s11,1,76800,0.021979166666666668,0.021979166666666668,0.0,all 200 decision ticks; ties resolved by actual argmin
E5_raw_recorded_indices,locked_nominal,heat,P-no-rank_s11,2,76800,0.00010416666666666667,0.00010416666666666667,0.0,all 200 decision ticks; ties resolved by actual argmin
E5_raw_recorded_indices,locked_nominal,heat,P-no-rank_s11,3,76800,0.022786458333333332,0.022786458333333332,0.0,all 200 decision ticks; ties resolved by actual argmin
E5_raw_recorded_indices,locked_nominal,heat,P-no-rank_s11,4,76800,0.9313671875,0.9313671875,0.0,all 200 decision ticks; ties resolved by actual argmin
E5_raw_recorded_indices,locked_nominal,heat,P-no-rank_s11,5,76800,0.0059375,0.0059375,0.0,all 200 decision ticks; ties resolved by actual argmin
E5_raw_recorded_indices,locked_nominal,heat,P-no-rank_s11,6,76800,9.114583333333334e-05,9.114583333333334e-05,0.0,all 200 decision ticks; ties resolved by actual argmin
E5_raw_recorded_indices,locked_nominal,heat,P-no-rank_s11,7,76800,0.0036458333333333334,0.0036458333333333334,0.0,all 200 decision ticks; ties resolved by actual argmin
E5_raw_recorded_indices,locked_nominal,heat,P-no-rank_s11,8,76800,0.009127604166666666,0.009127604166666666,0.0,all 200 decision ticks; ties resolved by actual argmin
E5_raw_recorded_indices,locked_nominal,heat,P-no-rank_s11,9,76800,0.00078125,0.00078125,0.0,all 200 decision ticks; ties resolved by actual argmin
E5_raw_recorded_indices,locked_nominal,heat,P-no-rank_s23,0,76800,0.0037109375,0.0037109375,0.0,all 200 decision ticks; ties resolved by actual argmin
E5_raw_recorded_indices,locked_nominal,heat,P-no-rank_s23,1,76800,0.022291666666666668,0.022291666666666668,0.0,all 200 decision ticks; ties resolved by actual argmin
E5_raw_recorded_indices,locked_nominal,heat,P-no-rank_s23,2,76800,0.00010416666666666667,0.00010416666666666667,0.0,all 200 decision ticks; ties resolved by actual argmin
E5_raw_recorded_indices,locked_nominal,heat,P-no-rank_s23,3,76800,0.023098958333333332,0.023098958333333332,0.0,all 200 decision ticks; ties resolved by actual argmin
E5_raw_recorded_indices,locked_nominal,heat,P-no-rank_s23,4,76800,0.9314322916666666,0.9314322916666666,0.0,all 200 decision ticks; ties resolved by actual argmin
E5_raw_recorded_indices,locked_nominal,heat,P-no-rank_s23,5,76800,0.005286458333333333,0.005286458333333333,0.0,all 200 decision ticks; ties resolved by actual argmin
E5_raw_recorded_indices,locked_nominal,heat,P-no-rank_s23,6,76800,7.8125e-05,7.8125e-05,0.0,all 200 decision ticks; ties resolved by actual argmin
E5_raw_recorded_indices,locked_nominal,heat,P-no-rank_s23,7,76800,0.00375,0.00375,0.0,all 200 decision ticks; ties resolved by actual argmin
E5_raw_recorded_indices,locked_nominal,heat,P-no-rank_s23,8,76800,0.0093359375,0.0093359375,0.0,all 200 decision ticks; ties resolved by actual argmin
E5_raw_recorded_indices,locked_nominal,heat,P-no-rank_s23,9,76800,0.0009114583333333333,0.0009114583333333333,0.0,all 200 decision ticks; ties resolved by actual argmin
E5_raw_recorded_indices,locked_nominal,heat,P-no-rank_s37,0,76800,0.0030338541666666665,0.0030338541666666665,0.0,all 200 decision ticks; ties resolved by actual argmin
E5_raw_recorded_indices,locked_nominal,heat,P-no-rank_s37,1,76800,0.022682291666666667,0.022682291666666667,0.0,all 200 decision ticks; ties resolved by actual argmin
E5_raw_recorded_indices,locked_nominal,heat,P-no-rank_s37,2,76800,9.114583333333334e-05,9.114583333333334e-05,0.0,all 200 decision ticks; ties resolved by actual argmin
E5_raw_recorded_indices,locked_nominal,heat,P-no-rank_s37,3,76800,0.0239453125,0.0239453125,0.0,all 200 decision ticks; ties resolved by actual argmin
E5_raw_recorded_indices,locked_nominal,heat,P-no-rank_s37,4,76800,0.9309765625,0.9309765625,0.0,all 200 decision ticks; ties resolved by actual argmin
E5_raw_recorded_indices,locked_nominal,heat,P-no-rank_s37,5,76800,0.0057942708333333336,0.0057942708333333336,0.0,all 200 decision ticks; ties resolved by actual argmin
E5_raw_recorded_indices,locked_nominal,heat,P-no-rank_s37,6,76800,7.8125e-05,7.8125e-05,0.0,all 200 decision ticks; ties resolved by actual argmin
E5_raw_recorded_indices,locked_nominal,heat,P-no-rank_s37,7,76800,0.003515625,0.003515625,0.0,all 200 decision ticks; ties resolved by actual argmin
E5_raw_recorded_indices,locked_nominal,heat,P-no-rank_s37,8,76800,0.0090625,0.0090625,0.0,all 200 decision ticks; ties resolved by actual argmin
E5_raw_recorded_indices,locked_nominal,heat,P-no-rank_s37,9,76800,0.0008203125,0.0008203125,0.0,all 200 decision ticks; ties resolved by actual argmin
E5_raw_recorded_indices,locked_nominal,heat,P_s11,0,76800,0.0030078125,0.0030078125,0.0,all 200 decision ticks; ties resolved by actual argmin
E5_raw_recorded_indices,locked_nominal,heat,P_s11,1,76800,0.024388020833333333,0.024388020833333333,0.0,all 200 decision ticks; ties resolved by actual argmin
E5_raw_recorded_indices,locked_nominal,heat,P_s11,2,76800,9.114583333333334e-05,9.114583333333334e-05,0.0,all 200 decision ticks; ties resolved by actual argmin
E5_raw_recorded_indices,locked_nominal,heat,P_s11,3,76800,0.023333333333333334,0.023333333333333334,0.0,all 200 decision ticks; ties resolved by actual argmin
E5_raw_recorded_indices,locked_nominal,heat,P_s11,4,76800,0.9296223958333333,0.9296223958333333,0.0,all 200 decision ticks; ties resolved by actual argmin
E5_raw_recorded_indices,locked_nominal,heat,P_s11,5,76800,0.005,0.005,0.0,all 200 decision ticks; ties resolved by actual argmin
E5_raw_recorded_indices,locked_nominal,heat,P_s11,6,76800,6.510416666666667e-05,6.510416666666667e-05,0.0,all 200 decision ticks; ties resolved by actual argmin
E5_raw_recorded_indices,locked_nominal,heat,P_s11,7,76800,0.004479166666666667,0.004479166666666667,0.0,all 200 decision ticks; ties resolved by actual argmin
E5_raw_recorded_indices,locked_nominal,heat,P_s11,8,76800,0.009322916666666667,0.009322916666666667,0.0,all 200 decision ticks; ties resolved by actual argmin
E5_raw_recorded_indices,locked_nominal,heat,P_s11,9,76800,0.0006901041666666667,0.0006901041666666667,0.0,all 200 decision ticks; ties resolved by actual argmin
E5_raw_recorded_indices,locked_nominal,heat,P_s23,0,76800,0.0036328125,0.0036328125,0.0,all 200 decision ticks; ties resolved by actual argmin
E5_raw_recorded_indices,locked_nominal,heat,P_s23,1,76800,0.024375,0.024375,0.0,all 200 decision ticks; ties resolved by actual argmin
E5_raw_recorded_indices,locked_nominal,heat,P_s23,2,76800,9.114583333333334e-05,9.114583333333334e-05,0.0,all 200 decision ticks; ties resolved by actual argmin
E5_raw_recorded_indices,locked_nominal,heat,P_s23,3,76800,0.022721354166666666,0.022721354166666666,0.0,all 200 decision ticks; ties resolved by actual argmin
E5_raw_recorded_indices,locked_nominal,heat,P_s23,4,76800,0.9297526041666667,0.9297526041666667,0.0,all 200 decision ticks; ties resolved by actual argmin
E5_raw_recorded_indices,locked_nominal,heat,P_s23,5,76800,0.004765625,0.004765625,0.0,all 200 decision ticks; ties resolved by actual argmin
E5_raw_recorded_indices,locked_nominal,heat,P_s23,6,76800,7.8125e-05,7.8125e-05,0.0,all 200 decision ticks; ties resolved by actual argmin
E5_raw_recorded_indices,locked_nominal,heat,P_s23,7,76800,0.004453125,0.004453125,0.0,all 200 decision ticks; ties resolved by actual argmin
E5_raw_recorded_indices,locked_nominal,heat,P_s23,8,76800,0.009427083333333334,0.009427083333333334,0.0,all 200 decision ticks; ties resolved by actual argmin
E5_raw_recorded_indices,locked_nominal,heat,P_s23,9,76800,0.000703125,0.000703125,0.0,all 200 decision ticks; ties resolved by actual argmin
E5_raw_recorded_indices,locked_nominal,heat,P_s37,0,76800,0.0037630208333333335,0.0037630208333333335,0.0,all 200 decision ticks; ties resolved by actual argmin
E5_raw_recorded_indices,locked_nominal,heat,P_s37,1,76800,0.024375,0.024375,0.0,all 200 decision ticks; ties resolved by actual argmin
E5_raw_recorded_indices,locked_nominal,heat,P_s37,2,76800,9.114583333333334e-05,9.114583333333334e-05,0.0,all 200 decision ticks; ties resolved by actual argmin
E5_raw_recorded_indices,locked_nominal,heat,P_s37,3,76800,0.0226953125,0.0226953125,0.0,all 200 decision ticks; ties resolved by actual argmin
E5_raw_recorded_indices,locked_nominal,heat,P_s37,4,76800,0.9296354166666667,0.9296354166666667,0.0,all 200 decision ticks; ties resolved by actual argmin
E5_raw_recorded_indices,locked_nominal,heat,P_s37,5,76800,0.004908854166666666,0.004908854166666666,0.0,all 200 decision ticks; ties resolved by actual argmin
E5_raw_recorded_indices,locked_nominal,heat,P_s37,6,76800,7.8125e-05,7.8125e-05,0.0,all 200 decision ticks; ties resolved by actual argmin
E5_raw_recorded_indices,locked_nominal,heat,P_s37,7,76800,0.004361979166666667,0.004361979166666667,0.0,all 200 decision ticks; ties resolved by actual argmin
E5_raw_recorded_indices,locked_nominal,heat,P_s37,8,76800,0.0094140625,0.0094140625,0.0,all 200 decision ticks; ties resolved by actual argmin
E5_raw_recorded_indices,locked_nominal,heat,P_s37,9,76800,0.0006770833333333334,0.0006770833333333334,0.0,all 200 decision ticks; ties resolved by actual argmin
