campaign,pde,method,cache,bin_left_ms,bin_right_ms,count,fraction,density_per_log10_ms,total_requests
original,burgers,P,False,1.203147,1.2662984874570626,0,0.0,0.0,180000
original,burgers,P,False,1.2662984874570626,1.3327647073350513,0,0.0,0.0,180000
original,burgers,P,False,1.3327647073350513,1.402719645259083,0,0.0,0.0,180000
original,burgers,P,False,1.402719645259083,1.4763464191141105,0,0.0,0.0,180000
original,burgers,P,False,1.4763464191141105,1.5538377583843443,0,0.0,0.0,180000
original,burgers,P,False,1.5538377583843443,1.6353965086525324,0,0.0,0.0,180000
original,burgers,P,False,1.6353965086525324,1.721236162579687,0,0.0,0.0,180000
original,burgers,P,False,1.721236162579687,1.8115814187551953,0,0.0,0.0,180000
original,burgers,P,False,1.8115814187551953,1.9066687698801754,0,0.0,0.0,180000
original,burgers,P,False,1.9066687698801754,2.0067471218237545,0,0.0,0.0,180000
original,burgers,P,False,2.0067471218237545,2.1120784451727297,0,0.0,0.0,180000
original,burgers,P,False,2.1120784451727297,2.2229384609801563,0,0.0,0.0,180000
original,burgers,P,False,2.2229384609801563,2.339617362507909,9,5e-05,0.0022504887990151407,180000
original,burgers,P,False,2.339617362507909,2.462420574852489,324,0.0018,0.08101759676454566,180000
original,burgers,P,False,2.462420574852489,2.5916695544425226,1940,0.010777777777777778,0.4851053633432661,180000
original,burgers,P,False,2.5916695544425226,2.72770263050075,1576,0.008755555555555556,0.3940855941386533,180000
original,burgers,P,False,2.72770263050075,2.870875890673169,1327,0.007372222222222222,0.33182207069923403,180000
original,burgers,P,False,2.870875890673169,3.0215641131435986,31412,0.17451111111111112,7.854706017184883,180000
original,burgers,P,False,3.0215641131435986,3.180161747673626,84311,0.46839444444444445,21.08232901486294,180000
original,burgers,P,False,3.180161747673626,3.3470839481359485,29256,0.16253333333333334,7.3155889226652535,180000
original,burgers,P,False,3.3470839481359485,3.522767659243937,2824,0.015688888888888888,0.7061533742687542,180000
original,burgers,P,False,3.522767659243937,3.7076727603221014,510,0.0028333333333333335,0.1275276986108586,180000
original,burgers,P,False,3.7076727603221014,3.9022832691114466,223,0.001238888888888889,0.05576211135337543,180000
original,burgers,P,False,3.9022832691114466,4.10710860876088,153,0.00085,0.03825830958325758,180000
original,burgers,P,False,4.10710860876088,4.322684941321205,116,0.0006444444444444444,0.02900630007619529,180000
original,burgers,P,False,4.322684941321205,4.54957657123233,144,0.0008,0.03600782078424243,180000
original,burgers,P,False,4.54957657123233,4.788377422477543,153,0.00085,0.03825830958325758,180000
original,burgers,P,False,4.788377422477543,5.03971259327153,139,0.0007722222222222222,0.03475754922923401,180000
original,burgers,P,False,5.03971259327153,5.304239992351766,153,0.00085,0.03825830958325758,180000
original,burgers,P,False,5.304239992351766,5.582652061156536,249,0.0013833333333333334,0.062263523439419204,180000
original,burgers,P,False,5.582652061156536,5.875677586397652,594,0.0033,0.148532260735,180000
original,burgers,P,False,5.875677586397652,6.184083607772543,4927,0.02737222222222222,1.2320175903052948,180000
original,burgers,P,False,6.184083607772543,6.50867742580947,13541,0.07522777777777778,3.385985425273797,180000
original,burgers,P,False,6.50867742580947,6.850308715101696,5277,0.029316666666666668,1.319536599155884,180000
original,burgers,P,False,6.850308715101696,7.2098717484623345,735,0.004083333333333333,0.1837899185862374,180000
original,burgers,P,False,7.2098717484623345,7.588307737821948,92,0.0005111111111111112,0.023004996612154886,180000
original,burgers,P,False,7.588307737821948,7.986607297996552,14,7.777777777777778e-05,0.0035007603540235695,180000
original,burgers,P,False,7.986607297996552,8.405813039775333,0,0.0,0.0,180000
original,burgers,P,False,8.405813039775333,8.847022299115867,0,0.0,0.0,180000
original,burgers,P,False,8.847022299115867,9.311390009590955,1,5.555555555555556e-06,0.00025005431100168354,180000
original,burgers,P,False,9.311390009590955,9.800131725606123,0,0.0,0.0,180000
original,burgers,P,False,9.800131725606123,10.31452680430156,0,0.0,0.0,180000
original,burgers,P,False,10.31452680430156,10.85592175446757,0,0.0,0.0,180000
original,burgers,P,False,10.85592175446757,11.425733761239906,0,0.0,0.0,180000
original,burgers,P,False,11.425733761239906,12.025454395801333,0,0.0,0.0,180000
original,burgers,P,False,12.025454395801333,12.656653519800255,0,0.0,0.0,180000
original,burgers,P,False,12.656653519800255,13.320983394706696,0,0.0,0.0,180000
original,burgers,P,False,13.320983394706696,14.020183006862613,0,0.0,0.0,180000
original,burgers,P,False,14.020183006862613,14.756082619548016,0,0.0,0.0,180000
original,burgers,P,False,14.756082619548016,15.530608563978557,0,0.0,0.0,180000
original,burgers,P,False,15.530608563978557,16.34578828177584,0,0.0,0.0,180000
original,burgers,P,False,16.34578828177584,17.203755632109893,0,0.0,0.0,180000
original,burgers,P,False,17.203755632109893,18.106756477406066,0,0.0,0.0,180000
original,burgers,P,False,18.106756477406066,19.057154562237766,0,0.0,0.0,180000
original,burgers,P,False,19.057154562237766,20.05743770079396,0,0.0,0.0,180000
original,burgers,P,False,20.05743770079396,21.110224289118165,0,0.0,0.0,180000
original,burgers,P,False,21.110224289118165,22.218270159165648,0,0.0,0.0,180000
original,burgers,P,False,22.218270159165648,23.384475792620403,0,0.0,0.0,180000
original,burgers,P,False,23.384475792620403,24.61189391335516,0,0.0,0.0,180000
original,burgers,P,False,24.61189391335516,25.903737478408974,0,0.0,0.0,180000
original,burgers,P,False,25.903737478408974,27.26338808839992,0,0.0,0.0,180000
original,burgers,P,False,27.26338808839992,28.69440483938848,0,0.0,0.0,180000
original,burgers,P,False,28.69440483938848,30.200533639362657,0,0.0,0.0,180000
original,burgers,P,False,30.200533639362657,31.785717013732373,0,0.0,0.0,180000
original,burgers,P,False,31.785717013732373,33.45410442550039,0,0.0,0.0,180000
original,burgers,P,False,33.45410442550039,35.21006313712438,0,0.0,0.0,180000
original,burgers,P,False,35.21006313712438,37.05818964250278,0,0.0,0.0,180000
original,burgers,P,False,37.05818964250278,39.003321699009554,0,0.0,0.0,180000
original,burgers,P,False,39.003321699009554,41.05055099107343,0,0.0,0.0,180000
original,burgers,P,False,41.05055099107343,43.20523645845048,0,0.0,0.0,180000
original,burgers,P,False,43.20523645845048,45.473018324078936,0,0.0,0.0,180000
original,burgers,P,False,45.473018324078936,47.85983285823631,0,0.0,0.0,180000
original,burgers,P,False,47.85983285823631,50.37192791764635,0,0.0,0.0,180000
original,burgers,P,False,50.37192791764635,53.01587930021168,0,0.0,0.0,180000
original,burgers,P,False,53.01587930021168,55.79860795818322,0,0.0,0.0,180000
original,burgers,P,False,55.79860795818322,58.72739811482472,0,0.0,0.0,180000
original,burgers,P,False,58.72739811482472,61.80991633199541,0,0.0,0.0,180000
original,burgers,P,False,61.80991633199541,65.05423157856306,0,0.0,0.0,180000
original,burgers,P,False,65.05423157856306,68.46883635217966,0,0.0,0.0,180000
original,burgers,P,False,68.46883635217966,72.06266890970949,0,0.0,0.0,180000
original,burgers,P,False,72.06266890970949,75.84513666450084,0,0.0,0.0,180000
original,burgers,P,False,75.84513666450084,79.82614081174758,0,0.0,0.0,180000
original,burgers,P,False,79.82614081174758,84.01610224640089,0,0.0,0.0,180000
original,burgers,P,False,84.01610224640089,88.42598884147601,0,0.0,0.0,180000
original,burgers,P,False,88.42598884147601,93.06734415815869,0,0.0,0.0,180000
original,burgers,P,False,93.06734415815869,97.95231766286437,0,0.0,0.0,180000
original,burgers,P,False,97.95231766286437,103.09369653034821,0,0.0,0.0,180000
original,burgers,P,False,103.09369653034821,108.50493911611578,0,0.0,0.0,180000
original,burgers,P,False,108.50493911611578,114.20021018575291,0,0.0,0.0,180000
original,burgers,P,False,114.20021018575291,120.19441799339371,0,0.0,0.0,180000
original,burgers,P,False,120.19441799339371,126.50325330638432,0,0.0,0.0,180000
original,burgers,P,False,126.50325330638432,133.14323047829743,0,0.0,0.0,180000
original,burgers,P,False,133.14323047829743,140.13173067781,0,0.0,0.0,180000
original,burgers,P,False,140.13173067781,147.48704738660481,0,0.0,0.0,180000
original,burgers,P,False,147.48704738660481,155.22843428539136,0,0.0,0.0,180000
original,burgers,P,False,155.22843428539136,163.3761556533982,0,0.0,0.0,180000
original,burgers,P,False,163.3761556533982,171.95153941326183,0,0.0,0.0,180000
original,burgers,P,False,171.95153941326183,180.97703296016772,0,0.0,0.0,180000
original,burgers,P,False,180.97703296016772,190.47626192138412,0,0.0,0.0,180000
original,burgers,P,False,190.47626192138412,200.474092,0,0.0,0.0,180000
original,burgers,B4,False,1.203147,1.2662984874570626,0,0.0,0.0,180000
original,burgers,B4,False,1.2662984874570626,1.3327647073350513,0,0.0,0.0,180000
original,burgers,B4,False,1.3327647073350513,1.402719645259083,0,0.0,0.0,180000
original,burgers,B4,False,1.402719645259083,1.4763464191141105,0,0.0,0.0,180000
original,burgers,B4,False,1.4763464191141105,1.5538377583843443,0,0.0,0.0,180000
original,burgers,B4,False,1.5538377583843443,1.6353965086525324,0,0.0,0.0,180000
original,burgers,B4,False,1.6353965086525324,1.721236162579687,0,0.0,0.0,180000
original,burgers,B4,False,1.721236162579687,1.8115814187551953,0,0.0,0.0,180000
original,burgers,B4,False,1.8115814187551953,1.9066687698801754,0,0.0,0.0,180000
original,burgers,B4,False,1.9066687698801754,2.0067471218237545,0,0.0,0.0,180000
original,burgers,B4,False,2.0067471218237545,2.1120784451727297,0,0.0,0.0,180000
original,burgers,B4,False,2.1120784451727297,2.2229384609801563,0,0.0,0.0,180000
original,burgers,B4,False,2.2229384609801563,2.339617362507909,3,1.6666666666666667e-05,0.0007501629330050469,180000
original,burgers,B4,False,2.339617362507909,2.462420574852489,124,0.0006888888888888888,0.031006734564208834,180000
original,burgers,B4,False,2.462420574852489,2.5916695544425226,1371,0.0076166666666666666,0.3428244603833081,180000
original,burgers,B4,False,2.5916695544425226,2.72770263050075,1941,0.010783333333333334,0.48535541765426776,180000
original,burgers,B4,False,2.72770263050075,2.870875890673169,811,0.004505555555555555,0.20279404622236533,180000
original,burgers,B4,False,2.870875890673169,3.0215641131435986,15159,0.08421666666666666,3.7905733004745206,180000
original,burgers,B4,False,3.0215641131435986,3.180161747673626,81057,0.45031666666666664,20.26865228686346,180000
original,burgers,B4,False,3.180161747673626,3.3470839481359485,44072,0.24484444444444445,11.020393594466197,180000
original,burgers,B4,False,3.3470839481359485,3.522767659243937,5572,0.030955555555555556,1.3933026209013806,180000
original,burgers,B4,False,3.522767659243937,3.7076727603221014,634,0.003522222222222222,0.15853443317506735,180000
original,burgers,B4,False,3.7076727603221014,3.9022832691114466,254,0.001411111111111111,0.06351379499442761,180000
original,burgers,B4,False,3.9022832691114466,4.10710860876088,173,0.0009611111111111112,0.04325939580329125,180000
original,burgers,B4,False,4.10710860876088,4.322684941321205,139,0.0007722222222222222,0.03475754922923401,180000
original,burgers,B4,False,4.322684941321205,4.54957657123233,149,0.0008277777777777778,0.03725809233925084,180000
original,burgers,B4,False,4.54957657123233,4.788377422477543,170,0.0009444444444444445,0.0425092328702862,180000
original,burgers,B4,False,4.788377422477543,5.03971259327153,153,0.00085,0.03825830958325758,180000
original,burgers,B4,False,5.03971259327153,5.304239992351766,169,0.0009388888888888888,0.042259178559284516,180000
original,burgers,B4,False,5.304239992351766,5.582652061156536,208,0.0011555555555555555,0.052011296688350174,180000
original,burgers,B4,False,5.582652061156536,5.875677586397652,498,0.002766666666666667,0.12452704687883841,180000
original,burgers,B4,False,5.875677586397652,6.184083607772543,2879,0.015994444444444443,0.7199063613738468,180000
original,burgers,B4,False,6.184083607772543,6.50867742580947,14336,0.07964444444444445,3.584778602520135,180000
original,burgers,B4,False,6.50867742580947,6.850308715101696,8714,0.04841111111111111,2.1789732660686703,180000
original,burgers,B4,False,6.850308715101696,7.2098717484623345,1229,0.006827777777777778,0.3073167482210691,180000
original,burgers,B4,False,7.2098717484623345,7.588307737821948,156,0.0008666666666666666,0.03900847251626263,180000
original,burgers,B4,False,7.588307737821948,7.986607297996552,22,0.00012222222222222221,0.005501194842037037,180000
original,burgers,B4,False,7.986607297996552,8.405813039775333,5,2.777777777777778e-05,0.0012502715550084178,180000
original,burgers,B4,False,8.405813039775333,8.847022299115867,0,0.0,0.0,180000
original,burgers,B4,False,8.847022299115867,9.311390009590955,0,0.0,0.0,180000
original,burgers,B4,False,9.311390009590955,9.800131725606123,2,1.1111111111111112e-05,0.0005001086220033671,180000
original,burgers,B4,False,9.800131725606123,10.31452680430156,0,0.0,0.0,180000
original,burgers,B4,False,10.31452680430156,10.85592175446757,0,0.0,0.0,180000
original,burgers,B4,False,10.85592175446757,11.425733761239906,0,0.0,0.0,180000
original,burgers,B4,False,11.425733761239906,12.025454395801333,0,0.0,0.0,180000
original,burgers,B4,False,12.025454395801333,12.656653519800255,0,0.0,0.0,180000
original,burgers,B4,False,12.656653519800255,13.320983394706696,0,0.0,0.0,180000
original,burgers,B4,False,13.320983394706696,14.020183006862613,0,0.0,0.0,180000
original,burgers,B4,False,14.020183006862613,14.756082619548016,0,0.0,0.0,180000
original,burgers,B4,False,14.756082619548016,15.530608563978557,0,0.0,0.0,180000
original,burgers,B4,False,15.530608563978557,16.34578828177584,0,0.0,0.0,180000
original,burgers,B4,False,16.34578828177584,17.203755632109893,0,0.0,0.0,180000
original,burgers,B4,False,17.203755632109893,18.106756477406066,0,0.0,0.0,180000
original,burgers,B4,False,18.106756477406066,19.057154562237766,0,0.0,0.0,180000
original,burgers,B4,False,19.057154562237766,20.05743770079396,0,0.0,0.0,180000
original,burgers,B4,False,20.05743770079396,21.110224289118165,0,0.0,0.0,180000
original,burgers,B4,False,21.110224289118165,22.218270159165648,0,0.0,0.0,180000
original,burgers,B4,False,22.218270159165648,23.384475792620403,0,0.0,0.0,180000
original,burgers,B4,False,23.384475792620403,24.61189391335516,0,0.0,0.0,180000
original,burgers,B4,False,24.61189391335516,25.903737478408974,0,0.0,0.0,180000
original,burgers,B4,False,25.903737478408974,27.26338808839992,0,0.0,0.0,180000
original,burgers,B4,False,27.26338808839992,28.69440483938848,0,0.0,0.0,180000
original,burgers,B4,False,28.69440483938848,30.200533639362657,0,0.0,0.0,180000
original,burgers,B4,False,30.200533639362657,31.785717013732373,0,0.0,0.0,180000
original,burgers,B4,False,31.785717013732373,33.45410442550039,0,0.0,0.0,180000
original,burgers,B4,False,33.45410442550039,35.21006313712438,0,0.0,0.0,180000
original,burgers,B4,False,35.21006313712438,37.05818964250278,0,0.0,0.0,180000
original,burgers,B4,False,37.05818964250278,39.003321699009554,0,0.0,0.0,180000
original,burgers,B4,False,39.003321699009554,41.05055099107343,0,0.0,0.0,180000
original,burgers,B4,False,41.05055099107343,43.20523645845048,0,0.0,0.0,180000
original,burgers,B4,False,43.20523645845048,45.473018324078936,0,0.0,0.0,180000
original,burgers,B4,False,45.473018324078936,47.85983285823631,0,0.0,0.0,180000
original,burgers,B4,False,47.85983285823631,50.37192791764635,0,0.0,0.0,180000
original,burgers,B4,False,50.37192791764635,53.01587930021168,0,0.0,0.0,180000
original,burgers,B4,False,53.01587930021168,55.79860795818322,0,0.0,0.0,180000
original,burgers,B4,False,55.79860795818322,58.72739811482472,0,0.0,0.0,180000
original,burgers,B4,False,58.72739811482472,61.80991633199541,0,0.0,0.0,180000
original,burgers,B4,False,61.80991633199541,65.05423157856306,0,0.0,0.0,180000
original,burgers,B4,False,65.05423157856306,68.46883635217966,0,0.0,0.0,180000
original,burgers,B4,False,68.46883635217966,72.06266890970949,0,0.0,0.0,180000
original,burgers,B4,False,72.06266890970949,75.84513666450084,0,0.0,0.0,180000
original,burgers,B4,False,75.84513666450084,79.82614081174758,0,0.0,0.0,180000
original,burgers,B4,False,79.82614081174758,84.01610224640089,0,0.0,0.0,180000
original,burgers,B4,False,84.01610224640089,88.42598884147601,0,0.0,0.0,180000
original,burgers,B4,False,88.42598884147601,93.06734415815869,0,0.0,0.0,180000
original,burgers,B4,False,93.06734415815869,97.95231766286437,0,0.0,0.0,180000
original,burgers,B4,False,97.95231766286437,103.09369653034821,0,0.0,0.0,180000
original,burgers,B4,False,103.09369653034821,108.50493911611578,0,0.0,0.0,180000
original,burgers,B4,False,108.50493911611578,114.20021018575291,0,0.0,0.0,180000
original,burgers,B4,False,114.20021018575291,120.19441799339371,0,0.0,0.0,180000
original,burgers,B4,False,120.19441799339371,126.50325330638432,0,0.0,0.0,180000
original,burgers,B4,False,126.50325330638432,133.14323047829743,0,0.0,0.0,180000
original,burgers,B4,False,133.14323047829743,140.13173067781,0,0.0,0.0,180000
original,burgers,B4,False,140.13173067781,147.48704738660481,0,0.0,0.0,180000
original,burgers,B4,False,147.48704738660481,155.22843428539136,0,0.0,0.0,180000
original,burgers,B4,False,155.22843428539136,163.3761556533982,0,0.0,0.0,180000
original,burgers,B4,False,163.3761556533982,171.95153941326183,0,0.0,0.0,180000
original,burgers,B4,False,171.95153941326183,180.97703296016772,0,0.0,0.0,180000
original,burgers,B4,False,180.97703296016772,190.47626192138412,0,0.0,0.0,180000
original,burgers,B4,False,190.47626192138412,200.474092,0,0.0,0.0,180000
original,burgers,B2,False,1.203147,1.2662984874570626,27,0.00015,0.006751466397045459,180000
original,burgers,B2,False,1.2662984874570626,1.3327647073350513,531,0.00295,0.1327788391418937,180000
original,burgers,B2,False,1.3327647073350513,1.402719645259083,1890,0.0105,0.47260264779318306,180000
original,burgers,B2,False,1.402719645259083,1.4763464191141105,1360,0.007555555555555556,0.3400738629622892,180000
original,burgers,B2,False,1.4763464191141105,1.5538377583843443,306,0.0017,0.07651661916651525,180000
original,burgers,B2,False,1.5538377583843443,1.6353965086525324,54,0.0003,0.013502932794090875,180000
original,burgers,B2,False,1.6353965086525324,1.721236162579687,239,0.0013277777777777778,0.05976298032940251,180000
original,burgers,B2,False,1.721236162579687,1.8115814187551953,12178,0.06765555555555555,3.045161399378494,180000
original,burgers,B2,False,1.8115814187551953,1.9066687698801754,76374,0.4243,19.097647948442578,180000
original,burgers,B2,False,1.9066687698801754,2.0067471218237545,53835,0.2990833333333333,13.461673832775633,180000
original,burgers,B2,False,2.0067471218237545,2.1120784451727297,6314,0.03507777777777778,1.5788429196646299,180000
original,burgers,B2,False,2.1120784451727297,2.2229384609801563,631,0.0035055555555555556,0.1577842702420627,180000
original,burgers,B2,False,2.2229384609801563,2.339617362507909,245,0.0013611111111111111,0.06126330619541216,180000
original,burgers,B2,False,2.339617362507909,2.462420574852489,132,0.0007333333333333333,0.033007169052222306,180000
original,burgers,B2,False,2.462420574852489,2.5916695544425226,95,0.0005277777777777777,0.023755159545159932,180000
original,burgers,B2,False,2.5916695544425226,2.72770263050075,116,0.0006444444444444444,0.02900630007619529,180000
original,burgers,B2,False,2.72770263050075,2.870875890673169,187,0.0010388888888888889,0.04676015615731482,180000
original,burgers,B2,False,2.870875890673169,3.0215641131435986,446,0.002477777777777778,0.11152422270675086,180000
original,burgers,B2,False,3.0215641131435986,3.180161747673626,390,0.0021666666666666666,0.09752118129065657,180000
original,burgers,B2,False,3.180161747673626,3.3470839481359485,2156,0.011977777777777778,0.5391170945196297,180000
original,burgers,B2,False,3.3470839481359485,3.522767659243937,10486,0.058255555555555553,2.6220695051636533,180000
original,burgers,B2,False,3.522767659243937,3.7076727603221014,8505,0.04725,2.1267119150693183,180000
original,burgers,B2,False,3.7076727603221014,3.9022832691114466,3060,0.017,0.7651661916651517,180000
original,burgers,B2,False,3.9022832691114466,4.10710860876088,344,0.001911111111111111,0.08601868298457913,180000
original,burgers,B2,False,4.10710860876088,4.322684941321205,58,0.0003222222222222222,0.014503150038097644,180000
original,burgers,B2,False,4.322684941321205,4.54957657123233,24,0.00013333333333333334,0.006001303464040405,180000
original,burgers,B2,False,4.54957657123233,4.788377422477543,15,8.333333333333333e-05,0.0037508146650252526,180000
original,burgers,B2,False,4.788377422477543,5.03971259327153,2,1.1111111111111112e-05,0.0005001086220033671,180000
original,burgers,B2,False,5.03971259327153,5.304239992351766,0,0.0,0.0,180000
original,burgers,B2,False,5.304239992351766,5.582652061156536,0,0.0,0.0,180000
original,burgers,B2,False,5.582652061156536,5.875677586397652,0,0.0,0.0,180000
original,burgers,B2,False,5.875677586397652,6.184083607772543,0,0.0,0.0,180000
original,burgers,B2,False,6.184083607772543,6.50867742580947,0,0.0,0.0,180000
original,burgers,B2,False,6.50867742580947,6.850308715101696,0,0.0,0.0,180000
original,burgers,B2,False,6.850308715101696,7.2098717484623345,0,0.0,0.0,180000
original,burgers,B2,False,7.2098717484623345,7.588307737821948,0,0.0,0.0,180000
original,burgers,B2,False,7.588307737821948,7.986607297996552,0,0.0,0.0,180000
original,burgers,B2,False,7.986607297996552,8.405813039775333,0,0.0,0.0,180000
original,burgers,B2,False,8.405813039775333,8.847022299115867,0,0.0,0.0,180000
original,burgers,B2,False,8.847022299115867,9.311390009590955,0,0.0,0.0,180000
original,burgers,B2,False,9.311390009590955,9.800131725606123,0,0.0,0.0,180000
original,burgers,B2,False,9.800131725606123,10.31452680430156,0,0.0,0.0,180000
original,burgers,B2,False,10.31452680430156,10.85592175446757,0,0.0,0.0,180000
original,burgers,B2,False,10.85592175446757,11.425733761239906,0,0.0,0.0,180000
original,burgers,B2,False,11.425733761239906,12.025454395801333,0,0.0,0.0,180000
original,burgers,B2,False,12.025454395801333,12.656653519800255,0,0.0,0.0,180000
original,burgers,B2,False,12.656653519800255,13.320983394706696,0,0.0,0.0,180000
original,burgers,B2,False,13.320983394706696,14.020183006862613,0,0.0,0.0,180000
original,burgers,B2,False,14.020183006862613,14.756082619548016,0,0.0,0.0,180000
original,burgers,B2,False,14.756082619548016,15.530608563978557,0,0.0,0.0,180000
original,burgers,B2,False,15.530608563978557,16.34578828177584,0,0.0,0.0,180000
original,burgers,B2,False,16.34578828177584,17.203755632109893,0,0.0,0.0,180000
original,burgers,B2,False,17.203755632109893,18.106756477406066,0,0.0,0.0,180000
original,burgers,B2,False,18.106756477406066,19.057154562237766,0,0.0,0.0,180000
original,burgers,B2,False,19.057154562237766,20.05743770079396,0,0.0,0.0,180000
original,burgers,B2,False,20.05743770079396,21.110224289118165,0,0.0,0.0,180000
original,burgers,B2,False,21.110224289118165,22.218270159165648,0,0.0,0.0,180000
original,burgers,B2,False,22.218270159165648,23.384475792620403,0,0.0,0.0,180000
original,burgers,B2,False,23.384475792620403,24.61189391335516,0,0.0,0.0,180000
original,burgers,B2,False,24.61189391335516,25.903737478408974,0,0.0,0.0,180000
original,burgers,B2,False,25.903737478408974,27.26338808839992,0,0.0,0.0,180000
original,burgers,B2,False,27.26338808839992,28.69440483938848,0,0.0,0.0,180000
original,burgers,B2,False,28.69440483938848,30.200533639362657,0,0.0,0.0,180000
original,burgers,B2,False,30.200533639362657,31.785717013732373,0,0.0,0.0,180000
original,burgers,B2,False,31.785717013732373,33.45410442550039,0,0.0,0.0,180000
original,burgers,B2,False,33.45410442550039,35.21006313712438,0,0.0,0.0,180000
original,burgers,B2,False,35.21006313712438,37.05818964250278,0,0.0,0.0,180000
original,burgers,B2,False,37.05818964250278,39.003321699009554,0,0.0,0.0,180000
original,burgers,B2,False,39.003321699009554,41.05055099107343,0,0.0,0.0,180000
original,burgers,B2,False,41.05055099107343,43.20523645845048,0,0.0,0.0,180000
original,burgers,B2,False,43.20523645845048,45.473018324078936,0,0.0,0.0,180000
original,burgers,B2,False,45.473018324078936,47.85983285823631,0,0.0,0.0,180000
original,burgers,B2,False,47.85983285823631,50.37192791764635,0,0.0,0.0,180000
original,burgers,B2,False,50.37192791764635,53.01587930021168,0,0.0,0.0,180000
original,burgers,B2,False,53.01587930021168,55.79860795818322,0,0.0,0.0,180000
original,burgers,B2,False,55.79860795818322,58.72739811482472,0,0.0,0.0,180000
original,burgers,B2,False,58.72739811482472,61.80991633199541,0,0.0,0.0,180000
original,burgers,B2,False,61.80991633199541,65.05423157856306,0,0.0,0.0,180000
original,burgers,B2,False,65.05423157856306,68.46883635217966,0,0.0,0.0,180000
original,burgers,B2,False,68.46883635217966,72.06266890970949,0,0.0,0.0,180000
original,burgers,B2,False,72.06266890970949,75.84513666450084,0,0.0,0.0,180000
original,burgers,B2,False,75.84513666450084,79.82614081174758,0,0.0,0.0,180000
original,burgers,B2,False,79.82614081174758,84.01610224640089,0,0.0,0.0,180000
original,burgers,B2,False,84.01610224640089,88.42598884147601,0,0.0,0.0,180000
original,burgers,B2,False,88.42598884147601,93.06734415815869,0,0.0,0.0,180000
original,burgers,B2,False,93.06734415815869,97.95231766286437,0,0.0,0.0,180000
original,burgers,B2,False,97.95231766286437,103.09369653034821,0,0.0,0.0,180000
original,burgers,B2,False,103.09369653034821,108.50493911611578,0,0.0,0.0,180000
original,burgers,B2,False,108.50493911611578,114.20021018575291,0,0.0,0.0,180000
original,burgers,B2,False,114.20021018575291,120.19441799339371,0,0.0,0.0,180000
original,burgers,B2,False,120.19441799339371,126.50325330638432,0,0.0,0.0,180000
original,burgers,B2,False,126.50325330638432,133.14323047829743,0,0.0,0.0,180000
original,burgers,B2,False,133.14323047829743,140.13173067781,0,0.0,0.0,180000
original,burgers,B2,False,140.13173067781,147.48704738660481,0,0.0,0.0,180000
original,burgers,B2,False,147.48704738660481,155.22843428539136,0,0.0,0.0,180000
original,burgers,B2,False,155.22843428539136,163.3761556533982,0,0.0,0.0,180000
original,burgers,B2,False,163.3761556533982,171.95153941326183,0,0.0,0.0,180000
original,burgers,B2,False,171.95153941326183,180.97703296016772,0,0.0,0.0,180000
original,burgers,B2,False,180.97703296016772,190.47626192138412,0,0.0,0.0,180000
original,burgers,B2,False,190.47626192138412,200.474092,0,0.0,0.0,180000
revision_K10,burgers,P,False,1.203147,1.2662984874570626,0,0.0,0.0,45000
revision_K10,burgers,P,False,1.2662984874570626,1.3327647073350513,0,0.0,0.0,45000
revision_K10,burgers,P,False,1.3327647073350513,1.402719645259083,0,0.0,0.0,45000
revision_K10,burgers,P,False,1.402719645259083,1.4763464191141105,0,0.0,0.0,45000
revision_K10,burgers,P,False,1.4763464191141105,1.5538377583843443,0,0.0,0.0,45000
revision_K10,burgers,P,False,1.5538377583843443,1.6353965086525324,0,0.0,0.0,45000
revision_K10,burgers,P,False,1.6353965086525324,1.721236162579687,0,0.0,0.0,45000
revision_K10,burgers,P,False,1.721236162579687,1.8115814187551953,0,0.0,0.0,45000
revision_K10,burgers,P,False,1.8115814187551953,1.9066687698801754,0,0.0,0.0,45000
revision_K10,burgers,P,False,1.9066687698801754,2.0067471218237545,0,0.0,0.0,45000
revision_K10,burgers,P,False,2.0067471218237545,2.1120784451727297,0,0.0,0.0,45000
revision_K10,burgers,P,False,2.1120784451727297,2.2229384609801563,0,0.0,0.0,45000
revision_K10,burgers,P,False,2.2229384609801563,2.339617362507909,1,2.2222222222222223e-05,0.0010002172440067292,45000
revision_K10,burgers,P,False,2.339617362507909,2.462420574852489,98,0.0021777777777777776,0.09802128991266018,45000
revision_K10,burgers,P,False,2.462420574852489,2.5916695544425226,445,0.009888888888888888,0.44509667358299665,45000
revision_K10,burgers,P,False,2.5916695544425226,2.72770263050075,295,0.006555555555555556,0.29506408698198655,45000
revision_K10,burgers,P,False,2.72770263050075,2.870875890673169,369,0.0082,0.3690801630384849,45000
revision_K10,burgers,P,False,2.870875890673169,3.0215641131435986,8741,0.19424444444444444,8.742898929862863,45000
revision_K10,burgers,P,False,3.0215641131435986,3.180161747673626,17241,0.3831333333333333,17.244745503920104,45000
revision_K10,burgers,P,False,3.180161747673626,3.3470839481359485,6176,0.13724444444444445,6.17734169898559,45000
revision_K10,burgers,P,False,3.3470839481359485,3.522767659243937,1494,0.0332,1.4943245625460608,45000
revision_K10,burgers,P,False,3.522767659243937,3.7076727603221014,612,0.0136,0.6121329533321213,45000
revision_K10,burgers,P,False,3.7076727603221014,3.9022832691114466,293,0.006511111111111111,0.2930636524939731,45000
revision_K10,burgers,P,False,3.9022832691114466,4.10710860876088,161,0.003577777777777778,0.1610349762850842,45000
revision_K10,burgers,P,False,4.10710860876088,4.322684941321205,104,0.002311111111111111,0.10402259337670035,45000
revision_K10,burgers,P,False,4.322684941321205,4.54957657123233,57,0.0012666666666666666,0.05701238290838384,45000
revision_K10,burgers,P,False,4.54957657123233,4.788377422477543,50,0.0011111111111111111,0.05001086220033671,45000
revision_K10,burgers,P,False,4.788377422477543,5.03971259327153,52,0.0011555555555555555,0.052011296688350174,45000
revision_K10,burgers,P,False,5.03971259327153,5.304239992351766,55,0.0012222222222222222,0.055011948420370375,45000
revision_K10,burgers,P,False,5.304239992351766,5.582652061156536,77,0.0017111111111111112,0.07701672778851854,45000
revision_K10,burgers,P,False,5.582652061156536,5.875677586397652,161,0.003577777777777778,0.1610349762850842,45000
revision_K10,burgers,P,False,5.875677586397652,6.184083607772543,763,0.016955555555555557,0.7631657571771382,45000
revision_K10,burgers,P,False,6.184083607772543,6.50867742580947,2826,0.0628,2.8266139315630303,45000
revision_K10,burgers,P,False,6.50867742580947,6.850308715101696,1949,0.04331111111111111,1.9494234085691249,45000
revision_K10,burgers,P,False,6.850308715101696,7.2098717484623345,625,0.013888888888888888,0.6251357775042088,45000
revision_K10,burgers,P,False,7.2098717484623345,7.588307737821948,217,0.0048222222222222225,0.21704714194946131,45000
revision_K10,burgers,P,False,7.588307737821948,7.986607297996552,71,0.0015777777777777778,0.07101542432447812,45000
revision_K10,burgers,P,False,7.986607297996552,8.405813039775333,24,0.0005333333333333334,0.02400521385616162,45000
revision_K10,burgers,P,False,8.405813039775333,8.847022299115867,6,0.00013333333333333334,0.006001303464040405,45000
revision_K10,burgers,P,False,8.847022299115867,9.311390009590955,5,0.00011111111111111112,0.005001086220033671,45000
revision_K10,burgers,P,False,9.311390009590955,9.800131725606123,13,0.0002888888888888889,0.013002824172087544,45000
revision_K10,burgers,P,False,9.800131725606123,10.31452680430156,36,0.0008,0.03600782078424243,45000
revision_K10,burgers,P,False,10.31452680430156,10.85592175446757,50,0.0011111111111111111,0.05001086220033696,45000
revision_K10,burgers,P,False,10.85592175446757,11.425733761239906,374,0.008311111111111111,0.3740812492585167,45000
revision_K10,burgers,P,False,11.425733761239906,12.025454395801333,698,0.015511111111111111,0.6981516363167038,45000
revision_K10,burgers,P,False,12.025454395801333,12.656653519800255,281,0.006244444444444445,0.2810610455658909,45000
revision_K10,burgers,P,False,12.656653519800255,13.320983394706696,182,0.004044444444444444,0.18203953840922468,45000
revision_K10,burgers,P,False,13.320983394706696,14.020183006862613,160,0.0035555555555555557,0.16003475904107828,45000
revision_K10,burgers,P,False,14.020183006862613,14.756082619548016,133,0.0029555555555555555,0.13302889345289629,45000
revision_K10,burgers,P,False,14.756082619548016,15.530608563978557,58,0.001288888888888889,0.05801260015239029,45000
revision_K10,burgers,P,False,15.530608563978557,16.34578828177584,41,0.0009111111111111111,0.041008907004275896,45000
revision_K10,burgers,P,False,16.34578828177584,17.203755632109893,6,0.00013333333333333334,0.006001303464040435,45000
revision_K10,burgers,P,False,17.203755632109893,18.106756477406066,0,0.0,0.0,45000
revision_K10,burgers,P,False,18.106756477406066,19.057154562237766,0,0.0,0.0,45000
revision_K10,burgers,P,False,19.057154562237766,20.05743770079396,0,0.0,0.0,45000
revision_K10,burgers,P,False,20.05743770079396,21.110224289118165,0,0.0,0.0,45000
revision_K10,burgers,P,False,21.110224289118165,22.218270159165648,0,0.0,0.0,45000
revision_K10,burgers,P,False,22.218270159165648,23.384475792620403,0,0.0,0.0,45000
revision_K10,burgers,P,False,23.384475792620403,24.61189391335516,0,0.0,0.0,45000
revision_K10,burgers,P,False,24.61189391335516,25.903737478408974,0,0.0,0.0,45000
revision_K10,burgers,P,False,25.903737478408974,27.26338808839992,0,0.0,0.0,45000
revision_K10,burgers,P,False,27.26338808839992,28.69440483938848,0,0.0,0.0,45000
revision_K10,burgers,P,False,28.69440483938848,30.200533639362657,0,0.0,0.0,45000
revision_K10,burgers,P,False,30.200533639362657,31.785717013732373,0,0.0,0.0,45000
revision_K10,burgers,P,False,31.785717013732373,33.45410442550039,0,0.0,0.0,45000
revision_K10,burgers,P,False,33.45410442550039,35.21006313712438,0,0.0,0.0,45000
revision_K10,burgers,P,False,35.21006313712438,37.05818964250278,0,0.0,0.0,45000
revision_K10,burgers,P,False,37.05818964250278,39.003321699009554,0,0.0,0.0,45000
revision_K10,burgers,P,False,39.003321699009554,41.05055099107343,0,0.0,0.0,45000
revision_K10,burgers,P,False,41.05055099107343,43.20523645845048,0,0.0,0.0,45000
revision_K10,burgers,P,False,43.20523645845048,45.473018324078936,0,0.0,0.0,45000
revision_K10,burgers,P,False,45.473018324078936,47.85983285823631,0,0.0,0.0,45000
revision_K10,burgers,P,False,47.85983285823631,50.37192791764635,0,0.0,0.0,45000
revision_K10,burgers,P,False,50.37192791764635,53.01587930021168,0,0.0,0.0,45000
revision_K10,burgers,P,False,53.01587930021168,55.79860795818322,0,0.0,0.0,45000
revision_K10,burgers,P,False,55.79860795818322,58.72739811482472,0,0.0,0.0,45000
revision_K10,burgers,P,False,58.72739811482472,61.80991633199541,0,0.0,0.0,45000
revision_K10,burgers,P,False,61.80991633199541,65.05423157856306,0,0.0,0.0,45000
revision_K10,burgers,P,False,65.05423157856306,68.46883635217966,0,0.0,0.0,45000
revision_K10,burgers,P,False,68.46883635217966,72.06266890970949,0,0.0,0.0,45000
revision_K10,burgers,P,False,72.06266890970949,75.84513666450084,0,0.0,0.0,45000
revision_K10,burgers,P,False,75.84513666450084,79.82614081174758,0,0.0,0.0,45000
revision_K10,burgers,P,False,79.82614081174758,84.01610224640089,0,0.0,0.0,45000
revision_K10,burgers,P,False,84.01610224640089,88.42598884147601,0,0.0,0.0,45000
revision_K10,burgers,P,False,88.42598884147601,93.06734415815869,0,0.0,0.0,45000
revision_K10,burgers,P,False,93.06734415815869,97.95231766286437,0,0.0,0.0,45000
revision_K10,burgers,P,False,97.95231766286437,103.09369653034821,0,0.0,0.0,45000
revision_K10,burgers,P,False,103.09369653034821,108.50493911611578,0,0.0,0.0,45000
revision_K10,burgers,P,False,108.50493911611578,114.20021018575291,0,0.0,0.0,45000
revision_K10,burgers,P,False,114.20021018575291,120.19441799339371,0,0.0,0.0,45000
revision_K10,burgers,P,False,120.19441799339371,126.50325330638432,0,0.0,0.0,45000
revision_K10,burgers,P,False,126.50325330638432,133.14323047829743,0,0.0,0.0,45000
revision_K10,burgers,P,False,133.14323047829743,140.13173067781,0,0.0,0.0,45000
revision_K10,burgers,P,False,140.13173067781,147.48704738660481,0,0.0,0.0,45000
revision_K10,burgers,P,False,147.48704738660481,155.22843428539136,0,0.0,0.0,45000
revision_K10,burgers,P,False,155.22843428539136,163.3761556533982,0,0.0,0.0,45000
revision_K10,burgers,P,False,163.3761556533982,171.95153941326183,0,0.0,0.0,45000
revision_K10,burgers,P,False,171.95153941326183,180.97703296016772,0,0.0,0.0,45000
revision_K10,burgers,P,False,180.97703296016772,190.47626192138412,0,0.0,0.0,45000
revision_K10,burgers,P,False,190.47626192138412,200.474092,0,0.0,0.0,45000
revision_K10,burgers,P,True,1.203147,1.2662984874570626,0,0.0,0.0,45000
revision_K10,burgers,P,True,1.2662984874570626,1.3327647073350513,0,0.0,0.0,45000
revision_K10,burgers,P,True,1.3327647073350513,1.402719645259083,0,0.0,0.0,45000
revision_K10,burgers,P,True,1.402719645259083,1.4763464191141105,0,0.0,0.0,45000
revision_K10,burgers,P,True,1.4763464191141105,1.5538377583843443,0,0.0,0.0,45000
revision_K10,burgers,P,True,1.5538377583843443,1.6353965086525324,0,0.0,0.0,45000
revision_K10,burgers,P,True,1.6353965086525324,1.721236162579687,0,0.0,0.0,45000
revision_K10,burgers,P,True,1.721236162579687,1.8115814187551953,16,0.00035555555555555557,0.016003475904107705,45000
revision_K10,burgers,P,True,1.8115814187551953,1.9066687698801754,277,0.006155555555555556,0.27706017658986537,45000
revision_K10,burgers,P,True,1.9066687698801754,2.0067471218237545,524,0.011644444444444445,0.5241138358595288,45000
revision_K10,burgers,P,True,2.0067471218237545,2.1120784451727297,151,0.0033555555555555556,0.15103280384501686,45000
revision_K10,burgers,P,True,2.1120784451727297,2.2229384609801563,36,0.0008,0.03600782078424252,45000
revision_K10,burgers,P,True,2.2229384609801563,2.339617362507909,1792,0.039822222222222224,1.7923893012600587,45000
revision_K10,burgers,P,True,2.339617362507909,2.462420574852489,19665,0.437,19.669272103392476,45000
revision_K10,burgers,P,True,2.462420574852489,2.5916695544425226,12969,0.2882,12.971817437523335,45000
revision_K10,burgers,P,True,2.5916695544425226,2.72770263050075,1619,0.035977777777777775,1.6193517180469024,45000
revision_K10,burgers,P,True,2.72770263050075,2.870875890673169,434,0.009644444444444445,0.43409428389892263,45000
revision_K10,burgers,P,True,2.870875890673169,3.0215641131435986,187,0.0041555555555555556,0.18704062462925927,45000
revision_K10,burgers,P,True,3.0215641131435986,3.180161747673626,114,0.002533333333333333,0.11402476581676768,45000
revision_K10,burgers,P,True,3.180161747673626,3.3470839481359485,59,0.0013111111111111112,0.05901281739639732,45000
revision_K10,burgers,P,True,3.3470839481359485,3.522767659243937,35,0.0007777777777777777,0.035007603540235695,45000
revision_K10,burgers,P,True,3.522767659243937,3.7076727603221014,35,0.0007777777777777777,0.035007603540235695,45000
revision_K10,burgers,P,True,3.7076727603221014,3.9022832691114466,31,0.0006888888888888888,0.031006734564208757,45000
revision_K10,burgers,P,True,3.9022832691114466,4.10710860876088,53,0.0011777777777777778,0.05301151393235691,45000
revision_K10,burgers,P,True,4.10710860876088,4.322684941321205,121,0.002688888888888889,0.12102628652481484,45000
revision_K10,burgers,P,True,4.322684941321205,4.54957657123233,246,0.0054666666666666665,0.2460534420256566,45000
revision_K10,burgers,P,True,4.54957657123233,4.788377422477543,2067,0.04593333333333333,2.0674490433619193,45000
revision_K10,burgers,P,True,4.788377422477543,5.03971259327153,2617,0.05815555555555556,2.617568527565623,45000
revision_K10,burgers,P,True,5.03971259327153,5.304239992351766,794,0.017644444444444445,0.794172491741347,45000
revision_K10,burgers,P,True,5.304239992351766,5.582652061156536,232,0.005155555555555556,0.2320504006095623,45000
revision_K10,burgers,P,True,5.582652061156536,5.875677586397652,63,0.0014,0.06301368637242424,45000
revision_K10,burgers,P,True,5.875677586397652,6.184083607772543,27,0.0006,0.02700586558818182,45000
revision_K10,burgers,P,True,6.184083607772543,6.50867742580947,13,0.0002888888888888889,0.013002824172087544,45000
revision_K10,burgers,P,True,6.50867742580947,6.850308715101696,4,8.888888888888889e-05,0.004000868976026937,45000
revision_K10,burgers,P,True,6.850308715101696,7.2098717484623345,8,0.00017777777777777779,0.008001737952053873,45000
revision_K10,burgers,P,True,7.2098717484623345,7.588307737821948,10,0.00022222222222222223,0.010002172440067342,45000
revision_K10,burgers,P,True,7.588307737821948,7.986607297996552,1,2.2222222222222223e-05,0.0010002172440067342,45000
revision_K10,burgers,P,True,7.986607297996552,8.405813039775333,2,4.4444444444444447e-05,0.0020004344880134683,45000
revision_K10,burgers,P,True,8.405813039775333,8.847022299115867,2,4.4444444444444447e-05,0.0020004344880134683,45000
revision_K10,burgers,P,True,8.847022299115867,9.311390009590955,10,0.00022222222222222223,0.010002172440067342,45000
revision_K10,burgers,P,True,9.311390009590955,9.800131725606123,25,0.0005555555555555556,0.025005431100168354,45000
revision_K10,burgers,P,True,9.800131725606123,10.31452680430156,28,0.0006222222222222223,0.028006082832188556,45000
revision_K10,burgers,P,True,10.31452680430156,10.85592175446757,214,0.004755555555555555,0.21404649021744215,45000
revision_K10,burgers,P,True,10.85592175446757,11.425733761239906,221,0.004911111111111111,0.22104801092548712,45000
revision_K10,burgers,P,True,11.425733761239906,12.025454395801333,94,0.002088888888888889,0.09402042093663347,45000
revision_K10,burgers,P,True,12.025454395801333,12.656653519800255,79,0.0017555555555555556,0.0790171622765316,45000
revision_K10,burgers,P,True,12.656653519800255,13.320983394706696,67,0.001488888888888889,0.06701455534845085,45000
revision_K10,burgers,P,True,13.320983394706696,14.020183006862613,49,0.0010888888888888888,0.049010644956330215,45000
revision_K10,burgers,P,True,14.020183006862613,14.756082619548016,9,0.0002,0.009001955196060653,45000
revision_K10,burgers,P,True,14.756082619548016,15.530608563978557,0,0.0,0.0,45000
revision_K10,burgers,P,True,15.530608563978557,16.34578828177584,0,0.0,0.0,45000
revision_K10,burgers,P,True,16.34578828177584,17.203755632109893,0,0.0,0.0,45000
revision_K10,burgers,P,True,17.203755632109893,18.106756477406066,0,0.0,0.0,45000
revision_K10,burgers,P,True,18.106756477406066,19.057154562237766,0,0.0,0.0,45000
revision_K10,burgers,P,True,19.057154562237766,20.05743770079396,0,0.0,0.0,45000
revision_K10,burgers,P,True,20.05743770079396,21.110224289118165,0,0.0,0.0,45000
revision_K10,burgers,P,True,21.110224289118165,22.218270159165648,0,0.0,0.0,45000
revision_K10,burgers,P,True,22.218270159165648,23.384475792620403,0,0.0,0.0,45000
revision_K10,burgers,P,True,23.384475792620403,24.61189391335516,0,0.0,0.0,45000
revision_K10,burgers,P,True,24.61189391335516,25.903737478408974,0,0.0,0.0,45000
revision_K10,burgers,P,True,25.903737478408974,27.26338808839992,0,0.0,0.0,45000
revision_K10,burgers,P,True,27.26338808839992,28.69440483938848,0,0.0,0.0,45000
revision_K10,burgers,P,True,28.69440483938848,30.200533639362657,0,0.0,0.0,45000
revision_K10,burgers,P,True,30.200533639362657,31.785717013732373,0,0.0,0.0,45000
revision_K10,burgers,P,True,31.785717013732373,33.45410442550039,0,0.0,0.0,45000
revision_K10,burgers,P,True,33.45410442550039,35.21006313712438,0,0.0,0.0,45000
revision_K10,burgers,P,True,35.21006313712438,37.05818964250278,0,0.0,0.0,45000
revision_K10,burgers,P,True,37.05818964250278,39.003321699009554,0,0.0,0.0,45000
revision_K10,burgers,P,True,39.003321699009554,41.05055099107343,0,0.0,0.0,45000
revision_K10,burgers,P,True,41.05055099107343,43.20523645845048,0,0.0,0.0,45000
revision_K10,burgers,P,True,43.20523645845048,45.473018324078936,0,0.0,0.0,45000
revision_K10,burgers,P,True,45.473018324078936,47.85983285823631,0,0.0,0.0,45000
revision_K10,burgers,P,True,47.85983285823631,50.37192791764635,0,0.0,0.0,45000
revision_K10,burgers,P,True,50.37192791764635,53.01587930021168,0,0.0,0.0,45000
revision_K10,burgers,P,True,53.01587930021168,55.79860795818322,0,0.0,0.0,45000
revision_K10,burgers,P,True,55.79860795818322,58.72739811482472,0,0.0,0.0,45000
revision_K10,burgers,P,True,58.72739811482472,61.80991633199541,0,0.0,0.0,45000
revision_K10,burgers,P,True,61.80991633199541,65.05423157856306,0,0.0,0.0,45000
revision_K10,burgers,P,True,65.05423157856306,68.46883635217966,0,0.0,0.0,45000
revision_K10,burgers,P,True,68.46883635217966,72.06266890970949,0,0.0,0.0,45000
revision_K10,burgers,P,True,72.06266890970949,75.84513666450084,0,0.0,0.0,45000
revision_K10,burgers,P,True,75.84513666450084,79.82614081174758,0,0.0,0.0,45000
revision_K10,burgers,P,True,79.82614081174758,84.01610224640089,0,0.0,0.0,45000
revision_K10,burgers,P,True,84.01610224640089,88.42598884147601,0,0.0,0.0,45000
revision_K10,burgers,P,True,88.42598884147601,93.06734415815869,0,0.0,0.0,45000
revision_K10,burgers,P,True,93.06734415815869,97.95231766286437,0,0.0,0.0,45000
revision_K10,burgers,P,True,97.95231766286437,103.09369653034821,0,0.0,0.0,45000
revision_K10,burgers,P,True,103.09369653034821,108.50493911611578,0,0.0,0.0,45000
revision_K10,burgers,P,True,108.50493911611578,114.20021018575291,0,0.0,0.0,45000
revision_K10,burgers,P,True,114.20021018575291,120.19441799339371,0,0.0,0.0,45000
revision_K10,burgers,P,True,120.19441799339371,126.50325330638432,0,0.0,0.0,45000
revision_K10,burgers,P,True,126.50325330638432,133.14323047829743,0,0.0,0.0,45000
revision_K10,burgers,P,True,133.14323047829743,140.13173067781,0,0.0,0.0,45000
revision_K10,burgers,P,True,140.13173067781,147.48704738660481,0,0.0,0.0,45000
revision_K10,burgers,P,True,147.48704738660481,155.22843428539136,0,0.0,0.0,45000
revision_K10,burgers,P,True,155.22843428539136,163.3761556533982,0,0.0,0.0,45000
revision_K10,burgers,P,True,163.3761556533982,171.95153941326183,0,0.0,0.0,45000
revision_K10,burgers,P,True,171.95153941326183,180.97703296016772,0,0.0,0.0,45000
revision_K10,burgers,P,True,180.97703296016772,190.47626192138412,0,0.0,0.0,45000
revision_K10,burgers,P,True,190.47626192138412,200.474092,0,0.0,0.0,45000
revision_K10,burgers,B4,False,1.203147,1.2662984874570626,0,0.0,0.0,45000
revision_K10,burgers,B4,False,1.2662984874570626,1.3327647073350513,0,0.0,0.0,45000
revision_K10,burgers,B4,False,1.3327647073350513,1.402719645259083,0,0.0,0.0,45000
revision_K10,burgers,B4,False,1.402719645259083,1.4763464191141105,0,0.0,0.0,45000
revision_K10,burgers,B4,False,1.4763464191141105,1.5538377583843443,0,0.0,0.0,45000
revision_K10,burgers,B4,False,1.5538377583843443,1.6353965086525324,0,0.0,0.0,45000
revision_K10,burgers,B4,False,1.6353965086525324,1.721236162579687,0,0.0,0.0,45000
revision_K10,burgers,B4,False,1.721236162579687,1.8115814187551953,0,0.0,0.0,45000
revision_K10,burgers,B4,False,1.8115814187551953,1.9066687698801754,0,0.0,0.0,45000
revision_K10,burgers,B4,False,1.9066687698801754,2.0067471218237545,0,0.0,0.0,45000
revision_K10,burgers,B4,False,2.0067471218237545,2.1120784451727297,0,0.0,0.0,45000
revision_K10,burgers,B4,False,2.1120784451727297,2.2229384609801563,0,0.0,0.0,45000
revision_K10,burgers,B4,False,2.2229384609801563,2.339617362507909,3,6.666666666666667e-05,0.0030006517320201875,45000
revision_K10,burgers,B4,False,2.339617362507909,2.462420574852489,63,0.0014,0.06301368637242441,45000
revision_K10,burgers,B4,False,2.462420574852489,2.5916695544425226,398,0.008844444444444445,0.3980864631146802,45000
revision_K10,burgers,B4,False,2.5916695544425226,2.72770263050075,375,0.008333333333333333,0.3750814665025253,45000
revision_K10,burgers,B4,False,2.72770263050075,2.870875890673169,220,0.004888888888888889,0.2200477936814815,45000
revision_K10,burgers,B4,False,2.870875890673169,3.0215641131435986,5577,0.12393333333333334,5.578211569825556,45000
revision_K10,burgers,B4,False,3.0215641131435986,3.180161747673626,18678,0.41506666666666664,18.68205768355778,45000
revision_K10,burgers,B4,False,3.180161747673626,3.3470839481359485,8124,0.18053333333333332,8.125764890310707,45000
revision_K10,burgers,B4,False,3.3470839481359485,3.522767659243937,1565,0.034777777777777776,1.5653399868705389,45000
revision_K10,burgers,B4,False,3.522767659243937,3.7076727603221014,610,0.013555555555555555,0.6101325188441078,45000
revision_K10,burgers,B4,False,3.7076727603221014,3.9022832691114466,320,0.0071111111111111115,0.32006951808215495,45000
revision_K10,burgers,B4,False,3.9022832691114466,4.10710860876088,179,0.003977777777777778,0.1790388866772054,45000
revision_K10,burgers,B4,False,4.10710860876088,4.322684941321205,96,0.0021333333333333334,0.09602085542464649,45000
revision_K10,burgers,B4,False,4.322684941321205,4.54957657123233,55,0.0012222222222222222,0.055011948420370375,45000
revision_K10,burgers,B4,False,4.54957657123233,4.788377422477543,53,0.0011777777777777778,0.05301151393235691,45000
revision_K10,burgers,B4,False,4.788377422477543,5.03971259327153,40,0.0008888888888888889,0.04000868976026937,45000
revision_K10,burgers,B4,False,5.03971259327153,5.304239992351766,58,0.001288888888888889,0.05801260015239058,45000
revision_K10,burgers,B4,False,5.304239992351766,5.582652061156536,58,0.001288888888888889,0.05801260015239058,45000
revision_K10,burgers,B4,False,5.582652061156536,5.875677586397652,114,0.002533333333333333,0.11402476581676768,45000
revision_K10,burgers,B4,False,5.875677586397652,6.184083607772543,621,0.0138,0.6211349085281819,45000
revision_K10,burgers,B4,False,6.184083607772543,6.50867742580947,3016,0.06702222222222222,3.01665520792431,45000
revision_K10,burgers,B4,False,6.50867742580947,6.850308715101696,2215,0.04922222222222222,2.2154811954749163,45000
revision_K10,burgers,B4,False,6.850308715101696,7.2098717484623345,620,0.013777777777777778,0.6201346912841752,45000
revision_K10,burgers,B4,False,7.2098717484623345,7.588307737821948,223,0.004955555555555556,0.22304844541350172,45000
revision_K10,burgers,B4,False,7.588307737821948,7.986607297996552,113,0.002511111111111111,0.11302454857276095,45000
revision_K10,burgers,B4,False,7.986607297996552,8.405813039775333,37,0.0008222222222222222,0.03700803802824916,45000
revision_K10,burgers,B4,False,8.405813039775333,8.847022299115867,8,0.00017777777777777779,0.008001737952053873,45000
revision_K10,burgers,B4,False,8.847022299115867,9.311390009590955,5,0.00011111111111111112,0.005001086220033671,45000
revision_K10,burgers,B4,False,9.311390009590955,9.800131725606123,10,0.00022222222222222223,0.010002172440067342,45000
revision_K10,burgers,B4,False,9.800131725606123,10.31452680430156,21,0.00046666666666666666,0.021004562124141417,45000
revision_K10,burgers,B4,False,10.31452680430156,10.85592175446757,29,0.0006444444444444444,0.029006300076195434,45000
revision_K10,burgers,B4,False,10.85592175446757,11.425733761239906,218,0.004844444444444445,0.21804735919346696,45000
revision_K10,burgers,B4,False,11.425733761239906,12.025454395801333,590,0.013111111111111112,0.5901281739639761,45000
revision_K10,burgers,B4,False,12.025454395801333,12.656653519800255,193,0.004288888888888889,0.19304192809329873,45000
revision_K10,burgers,B4,False,12.656653519800255,13.320983394706696,138,0.0030666666666666668,0.13802997967292863,45000
revision_K10,burgers,B4,False,13.320983394706696,14.020183006862613,114,0.002533333333333333,0.11402476581676825,45000
revision_K10,burgers,B4,False,14.020183006862613,14.756082619548016,100,0.0022222222222222222,0.10002172440067392,45000
revision_K10,burgers,B4,False,14.756082619548016,15.530608563978557,81,0.0018,0.08101759676454506,45000
revision_K10,burgers,B4,False,15.530608563978557,16.34578828177584,51,0.0011333333333333334,0.05101107944434319,45000
revision_K10,burgers,B4,False,16.34578828177584,17.203755632109893,9,0.0002,0.009001955196060653,45000
revision_K10,burgers,B4,False,17.203755632109893,18.106756477406066,2,4.4444444444444447e-05,0.0020004344880134783,45000
revision_K10,burgers,B4,False,18.106756477406066,19.057154562237766,0,0.0,0.0,45000
revision_K10,burgers,B4,False,19.057154562237766,20.05743770079396,0,0.0,0.0,45000
revision_K10,burgers,B4,False,20.05743770079396,21.110224289118165,0,0.0,0.0,45000
revision_K10,burgers,B4,False,21.110224289118165,22.218270159165648,0,0.0,0.0,45000
revision_K10,burgers,B4,False,22.218270159165648,23.384475792620403,0,0.0,0.0,45000
revision_K10,burgers,B4,False,23.384475792620403,24.61189391335516,0,0.0,0.0,45000
revision_K10,burgers,B4,False,24.61189391335516,25.903737478408974,0,0.0,0.0,45000
revision_K10,burgers,B4,False,25.903737478408974,27.26338808839992,0,0.0,0.0,45000
revision_K10,burgers,B4,False,27.26338808839992,28.69440483938848,0,0.0,0.0,45000
revision_K10,burgers,B4,False,28.69440483938848,30.200533639362657,0,0.0,0.0,45000
revision_K10,burgers,B4,False,30.200533639362657,31.785717013732373,0,0.0,0.0,45000
revision_K10,burgers,B4,False,31.785717013732373,33.45410442550039,0,0.0,0.0,45000
revision_K10,burgers,B4,False,33.45410442550039,35.21006313712438,0,0.0,0.0,45000
revision_K10,burgers,B4,False,35.21006313712438,37.05818964250278,0,0.0,0.0,45000
revision_K10,burgers,B4,False,37.05818964250278,39.003321699009554,0,0.0,0.0,45000
revision_K10,burgers,B4,False,39.003321699009554,41.05055099107343,0,0.0,0.0,45000
revision_K10,burgers,B4,False,41.05055099107343,43.20523645845048,0,0.0,0.0,45000
revision_K10,burgers,B4,False,43.20523645845048,45.473018324078936,0,0.0,0.0,45000
revision_K10,burgers,B4,False,45.473018324078936,47.85983285823631,0,0.0,0.0,45000
revision_K10,burgers,B4,False,47.85983285823631,50.37192791764635,0,0.0,0.0,45000
revision_K10,burgers,B4,False,50.37192791764635,53.01587930021168,0,0.0,0.0,45000
revision_K10,burgers,B4,False,53.01587930021168,55.79860795818322,0,0.0,0.0,45000
revision_K10,burgers,B4,False,55.79860795818322,58.72739811482472,0,0.0,0.0,45000
revision_K10,burgers,B4,False,58.72739811482472,61.80991633199541,0,0.0,0.0,45000
revision_K10,burgers,B4,False,61.80991633199541,65.05423157856306,0,0.0,0.0,45000
revision_K10,burgers,B4,False,65.05423157856306,68.46883635217966,0,0.0,0.0,45000
revision_K10,burgers,B4,False,68.46883635217966,72.06266890970949,0,0.0,0.0,45000
revision_K10,burgers,B4,False,72.06266890970949,75.84513666450084,0,0.0,0.0,45000
revision_K10,burgers,B4,False,75.84513666450084,79.82614081174758,0,0.0,0.0,45000
revision_K10,burgers,B4,False,79.82614081174758,84.01610224640089,0,0.0,0.0,45000
revision_K10,burgers,B4,False,84.01610224640089,88.42598884147601,0,0.0,0.0,45000
revision_K10,burgers,B4,False,88.42598884147601,93.06734415815869,0,0.0,0.0,45000
revision_K10,burgers,B4,False,93.06734415815869,97.95231766286437,0,0.0,0.0,45000
revision_K10,burgers,B4,False,97.95231766286437,103.09369653034821,0,0.0,0.0,45000
revision_K10,burgers,B4,False,103.09369653034821,108.50493911611578,0,0.0,0.0,45000
revision_K10,burgers,B4,False,108.50493911611578,114.20021018575291,0,0.0,0.0,45000
revision_K10,burgers,B4,False,114.20021018575291,120.19441799339371,0,0.0,0.0,45000
revision_K10,burgers,B4,False,120.19441799339371,126.50325330638432,0,0.0,0.0,45000
revision_K10,burgers,B4,False,126.50325330638432,133.14323047829743,0,0.0,0.0,45000
revision_K10,burgers,B4,False,133.14323047829743,140.13173067781,0,0.0,0.0,45000
revision_K10,burgers,B4,False,140.13173067781,147.48704738660481,0,0.0,0.0,45000
revision_K10,burgers,B4,False,147.48704738660481,155.22843428539136,0,0.0,0.0,45000
revision_K10,burgers,B4,False,155.22843428539136,163.3761556533982,0,0.0,0.0,45000
revision_K10,burgers,B4,False,163.3761556533982,171.95153941326183,0,0.0,0.0,45000
revision_K10,burgers,B4,False,171.95153941326183,180.97703296016772,0,0.0,0.0,45000
revision_K10,burgers,B4,False,180.97703296016772,190.47626192138412,0,0.0,0.0,45000
revision_K10,burgers,B4,False,190.47626192138412,200.474092,0,0.0,0.0,45000
revision_K10,burgers,B4,True,1.203147,1.2662984874570626,0,0.0,0.0,45000
revision_K10,burgers,B4,True,1.2662984874570626,1.3327647073350513,0,0.0,0.0,45000
revision_K10,burgers,B4,True,1.3327647073350513,1.402719645259083,0,0.0,0.0,45000
revision_K10,burgers,B4,True,1.402719645259083,1.4763464191141105,0,0.0,0.0,45000
revision_K10,burgers,B4,True,1.4763464191141105,1.5538377583843443,0,0.0,0.0,45000
revision_K10,burgers,B4,True,1.5538377583843443,1.6353965086525324,0,0.0,0.0,45000
revision_K10,burgers,B4,True,1.6353965086525324,1.721236162579687,0,0.0,0.0,45000
revision_K10,burgers,B4,True,1.721236162579687,1.8115814187551953,3,6.666666666666667e-05,0.003000651732020195,45000
revision_K10,burgers,B4,True,1.8115814187551953,1.9066687698801754,118,0.0026222222222222224,0.11802563479279464,45000
revision_K10,burgers,B4,True,1.9066687698801754,2.0067471218237545,554,0.012311111111111111,0.5541203531797307,45000
revision_K10,burgers,B4,True,2.0067471218237545,2.1120784451727297,274,0.0060888888888888885,0.2740595248578451,45000
revision_K10,burgers,B4,True,2.1120784451727297,2.2229384609801563,45,0.001,0.045009775980303146,45000
revision_K10,burgers,B4,True,2.2229384609801563,2.339617362507909,436,0.00968888888888889,0.4360947183869339,45000
revision_K10,burgers,B4,True,2.339617362507909,2.462420574852489,12324,0.27386666666666665,12.32667731513902,45000
revision_K10,burgers,B4,True,2.462420574852489,2.5916695544425226,18607,0.4134888888888889,18.6110422592333,45000
revision_K10,burgers,B4,True,2.5916695544425226,2.72770263050075,3464,0.07697777777777778,3.464752533239327,45000
revision_K10,burgers,B4,True,2.72770263050075,2.870875890673169,820,0.018222222222222223,0.820178140085522,45000
revision_K10,burgers,B4,True,2.870875890673169,3.0215641131435986,388,0.008622222222222222,0.3880842906746128,45000
revision_K10,burgers,B4,True,3.0215641131435986,3.180161747673626,212,0.004711111111111111,0.21204605572942764,45000
revision_K10,burgers,B4,True,3.180161747673626,3.3470839481359485,136,0.003022222222222222,0.13602954518491583,45000
revision_K10,burgers,B4,True,3.3470839481359485,3.522767659243937,94,0.002088888888888889,0.094020420936633,45000
revision_K10,burgers,B4,True,3.522767659243937,3.7076727603221014,84,0.0018666666666666666,0.08401824849656567,45000
revision_K10,burgers,B4,True,3.7076727603221014,3.9022832691114466,57,0.0012666666666666666,0.05701238290838384,45000
revision_K10,burgers,B4,True,3.9022832691114466,4.10710860876088,63,0.0014,0.06301368637242424,45000
revision_K10,burgers,B4,True,4.10710860876088,4.322684941321205,125,0.002777777777777778,0.12502715550084176,45000
revision_K10,burgers,B4,True,4.322684941321205,4.54957657123233,170,0.003777777777777778,0.1700369314811448,45000
revision_K10,burgers,B4,True,4.54957657123233,4.788377422477543,1203,0.026733333333333335,1.2032613445401013,45000
revision_K10,burgers,B4,True,4.788377422477543,5.03971259327153,2855,0.06344444444444444,2.8556202316392256,45000
revision_K10,burgers,B4,True,5.03971259327153,5.304239992351766,1046,0.023244444444444446,1.046227237231044,45000
revision_K10,burgers,B4,True,5.304239992351766,5.582652061156536,368,0.008177777777777779,0.36807994579447817,45000
revision_K10,burgers,B4,True,5.582652061156536,5.875677586397652,157,0.003488888888888889,0.15703410730905726,45000
revision_K10,burgers,B4,True,5.875677586397652,6.184083607772543,62,0.0013777777777777777,0.062013469128417514,45000
revision_K10,burgers,B4,True,6.184083607772543,6.50867742580947,22,0.0004888888888888889,0.02200477936814815,45000
revision_K10,burgers,B4,True,6.50867742580947,6.850308715101696,22,0.0004888888888888889,0.02200477936814815,45000
revision_K10,burgers,B4,True,6.850308715101696,7.2098717484623345,14,0.0003111111111111111,0.014003041416094278,45000
revision_K10,burgers,B4,True,7.2098717484623345,7.588307737821948,8,0.00017777777777777779,0.008001737952053873,45000
revision_K10,burgers,B4,True,7.588307737821948,7.986607297996552,4,8.888888888888889e-05,0.004000868976026937,45000
revision_K10,burgers,B4,True,7.986607297996552,8.405813039775333,10,0.00022222222222222223,0.010002172440067342,45000
revision_K10,burgers,B4,True,8.405813039775333,8.847022299115867,8,0.00017777777777777779,0.008001737952053873,45000
revision_K10,burgers,B4,True,8.847022299115867,9.311390009590955,24,0.0005333333333333334,0.02400521385616162,45000
revision_K10,burgers,B4,True,9.311390009590955,9.800131725606123,38,0.0008444444444444444,0.038008255272255896,45000
revision_K10,burgers,B4,True,9.800131725606123,10.31452680430156,29,0.0006444444444444444,0.02900630007619529,45000
revision_K10,burgers,B4,True,10.31452680430156,10.85592175446757,285,0.006333333333333333,0.28506191454192065,45000
revision_K10,burgers,B4,True,10.85592175446757,11.425733761239906,372,0.008266666666666667,0.37208081477050325,45000
revision_K10,burgers,B4,True,11.425733761239906,12.025454395801333,172,0.003822222222222222,0.1720373659691591,45000
revision_K10,burgers,B4,True,12.025454395801333,12.656653519800255,119,0.0026444444444444445,0.11902585203680077,45000
revision_K10,burgers,B4,True,12.656653519800255,13.320983394706696,93,0.0020666666666666667,0.09302020369262581,45000
revision_K10,burgers,B4,True,13.320983394706696,14.020183006862613,75,0.0016666666666666668,0.07501629330050544,45000
revision_K10,burgers,B4,True,14.020183006862613,14.756082619548016,29,0.0006444444444444444,0.029006300076195434,45000
revision_K10,burgers,B4,True,14.756082619548016,15.530608563978557,7,0.00015555555555555556,0.007001520708047104,45000
revision_K10,burgers,B4,True,15.530608563978557,16.34578828177584,0,0.0,0.0,45000
revision_K10,burgers,B4,True,16.34578828177584,17.203755632109893,1,2.2222222222222223e-05,0.0010002172440067392,45000
revision_K10,burgers,B4,True,17.203755632109893,18.106756477406066,0,0.0,0.0,45000
revision_K10,burgers,B4,True,18.106756477406066,19.057154562237766,0,0.0,0.0,45000
revision_K10,burgers,B4,True,19.057154562237766,20.05743770079396,0,0.0,0.0,45000
revision_K10,burgers,B4,True,20.05743770079396,21.110224289118165,0,0.0,0.0,45000
revision_K10,burgers,B4,True,21.110224289118165,22.218270159165648,0,0.0,0.0,45000
revision_K10,burgers,B4,True,22.218270159165648,23.384475792620403,1,2.2222222222222223e-05,0.0010002172440067292,45000
revision_K10,burgers,B4,True,23.384475792620403,24.61189391335516,0,0.0,0.0,45000
revision_K10,burgers,B4,True,24.61189391335516,25.903737478408974,0,0.0,0.0,45000
revision_K10,burgers,B4,True,25.903737478408974,27.26338808839992,0,0.0,0.0,45000
revision_K10,burgers,B4,True,27.26338808839992,28.69440483938848,0,0.0,0.0,45000
revision_K10,burgers,B4,True,28.69440483938848,30.200533639362657,0,0.0,0.0,45000
revision_K10,burgers,B4,True,30.200533639362657,31.785717013732373,0,0.0,0.0,45000
revision_K10,burgers,B4,True,31.785717013732373,33.45410442550039,0,0.0,0.0,45000
revision_K10,burgers,B4,True,33.45410442550039,35.21006313712438,0,0.0,0.0,45000
revision_K10,burgers,B4,True,35.21006313712438,37.05818964250278,0,0.0,0.0,45000
revision_K10,burgers,B4,True,37.05818964250278,39.003321699009554,0,0.0,0.0,45000
revision_K10,burgers,B4,True,39.003321699009554,41.05055099107343,0,0.0,0.0,45000
revision_K10,burgers,B4,True,41.05055099107343,43.20523645845048,0,0.0,0.0,45000
revision_K10,burgers,B4,True,43.20523645845048,45.473018324078936,0,0.0,0.0,45000
revision_K10,burgers,B4,True,45.473018324078936,47.85983285823631,0,0.0,0.0,45000
revision_K10,burgers,B4,True,47.85983285823631,50.37192791764635,0,0.0,0.0,45000
revision_K10,burgers,B4,True,50.37192791764635,53.01587930021168,0,0.0,0.0,45000
revision_K10,burgers,B4,True,53.01587930021168,55.79860795818322,0,0.0,0.0,45000
revision_K10,burgers,B4,True,55.79860795818322,58.72739811482472,0,0.0,0.0,45000
revision_K10,burgers,B4,True,58.72739811482472,61.80991633199541,0,0.0,0.0,45000
revision_K10,burgers,B4,True,61.80991633199541,65.05423157856306,0,0.0,0.0,45000
revision_K10,burgers,B4,True,65.05423157856306,68.46883635217966,0,0.0,0.0,45000
revision_K10,burgers,B4,True,68.46883635217966,72.06266890970949,0,0.0,0.0,45000
revision_K10,burgers,B4,True,72.06266890970949,75.84513666450084,0,0.0,0.0,45000
revision_K10,burgers,B4,True,75.84513666450084,79.82614081174758,0,0.0,0.0,45000
revision_K10,burgers,B4,True,79.82614081174758,84.01610224640089,0,0.0,0.0,45000
revision_K10,burgers,B4,True,84.01610224640089,88.42598884147601,0,0.0,0.0,45000
revision_K10,burgers,B4,True,88.42598884147601,93.06734415815869,0,0.0,0.0,45000
revision_K10,burgers,B4,True,93.06734415815869,97.95231766286437,0,0.0,0.0,45000
revision_K10,burgers,B4,True,97.95231766286437,103.09369653034821,0,0.0,0.0,45000
revision_K10,burgers,B4,True,103.09369653034821,108.50493911611578,0,0.0,0.0,45000
revision_K10,burgers,B4,True,108.50493911611578,114.20021018575291,0,0.0,0.0,45000
revision_K10,burgers,B4,True,114.20021018575291,120.19441799339371,0,0.0,0.0,45000
revision_K10,burgers,B4,True,120.19441799339371,126.50325330638432,0,0.0,0.0,45000
revision_K10,burgers,B4,True,126.50325330638432,133.14323047829743,0,0.0,0.0,45000
revision_K10,burgers,B4,True,133.14323047829743,140.13173067781,0,0.0,0.0,45000
revision_K10,burgers,B4,True,140.13173067781,147.48704738660481,0,0.0,0.0,45000
revision_K10,burgers,B4,True,147.48704738660481,155.22843428539136,1,2.2222222222222223e-05,0.0010002172440067392,45000
revision_K10,burgers,B4,True,155.22843428539136,163.3761556533982,0,0.0,0.0,45000
revision_K10,burgers,B4,True,163.3761556533982,171.95153941326183,0,0.0,0.0,45000
revision_K10,burgers,B4,True,171.95153941326183,180.97703296016772,0,0.0,0.0,45000
revision_K10,burgers,B4,True,180.97703296016772,190.47626192138412,0,0.0,0.0,45000
revision_K10,burgers,B4,True,190.47626192138412,200.474092,1,2.2222222222222223e-05,0.0010002172440067392,45000
original,heat,P,False,1.203147,1.2662984874570626,0,0.0,0.0,180000
original,heat,P,False,1.2662984874570626,1.3327647073350513,0,0.0,0.0,180000
original,heat,P,False,1.3327647073350513,1.402719645259083,0,0.0,0.0,180000
original,heat,P,False,1.402719645259083,1.4763464191141105,0,0.0,0.0,180000
original,heat,P,False,1.4763464191141105,1.5538377583843443,0,0.0,0.0,180000
original,heat,P,False,1.5538377583843443,1.6353965086525324,0,0.0,0.0,180000
original,heat,P,False,1.6353965086525324,1.721236162579687,0,0.0,0.0,180000
original,heat,P,False,1.721236162579687,1.8115814187551953,0,0.0,0.0,180000
original,heat,P,False,1.8115814187551953,1.9066687698801754,0,0.0,0.0,180000
original,heat,P,False,1.9066687698801754,2.0067471218237545,0,0.0,0.0,180000
original,heat,P,False,2.0067471218237545,2.1120784451727297,0,0.0,0.0,180000
original,heat,P,False,2.1120784451727297,2.2229384609801563,0,0.0,0.0,180000
original,heat,P,False,2.2229384609801563,2.339617362507909,0,0.0,0.0,180000
original,heat,P,False,2.339617362507909,2.462420574852489,0,0.0,0.0,180000
original,heat,P,False,2.462420574852489,2.5916695544425226,0,0.0,0.0,180000
original,heat,P,False,2.5916695544425226,2.72770263050075,0,0.0,0.0,180000
original,heat,P,False,2.72770263050075,2.870875890673169,0,0.0,0.0,180000
original,heat,P,False,2.870875890673169,3.0215641131435986,0,0.0,0.0,180000
original,heat,P,False,3.0215641131435986,3.180161747673626,0,0.0,0.0,180000
original,heat,P,False,3.180161747673626,3.3470839481359485,0,0.0,0.0,180000
original,heat,P,False,3.3470839481359485,3.522767659243937,0,0.0,0.0,180000
original,heat,P,False,3.522767659243937,3.7076727603221014,0,0.0,0.0,180000
original,heat,P,False,3.7076727603221014,3.9022832691114466,19,0.00010555555555555555,0.004751031909031987,180000
original,heat,P,False,3.9022832691114466,4.10710860876088,752,0.004177777777777778,0.188040841873266,180000
original,heat,P,False,4.10710860876088,4.322684941321205,2608,0.01448888888888889,0.6521416430923906,180000
original,heat,P,False,4.322684941321205,4.54957657123233,13016,0.07231111111111112,3.2547069119979133,180000
original,heat,P,False,4.54957657123233,4.788377422477543,86389,0.4799388888888889,21.60194187312444,180000
original,heat,P,False,4.788377422477543,5.03971259327153,46439,0.25799444444444447,11.612272148607182,180000
original,heat,P,False,5.03971259327153,5.304239992351766,3917,0.02176111111111111,0.9794627361935944,180000
original,heat,P,False,5.304239992351766,5.582652061156536,665,0.0036944444444444446,0.16628611681611954,180000
original,heat,P,False,5.582652061156536,5.875677586397652,303,0.0016833333333333333,0.07576645623351011,180000
original,heat,P,False,5.875677586397652,6.184083607772543,255,0.0014166666666666668,0.0637638493054293,180000
original,heat,P,False,6.184083607772543,6.50867742580947,218,0.0012111111111111112,0.05451183979836701,180000
original,heat,P,False,6.50867742580947,6.850308715101696,193,0.0010722222222222222,0.04826048202332492,180000
original,heat,P,False,6.850308715101696,7.2098717484623345,203,0.0011277777777777777,0.050761025133341756,180000
original,heat,P,False,7.2098717484623345,7.588307737821948,205,0.001138888888888889,0.05126113375534513,180000
original,heat,P,False,7.588307737821948,7.986607297996552,298,0.0016555555555555555,0.07451618467850168,180000
original,heat,P,False,7.986607297996552,8.405813039775333,379,0.0021055555555555554,0.09477058386963805,180000
original,heat,P,False,8.405813039775333,8.847022299115867,502,0.002788888888888889,0.12552726412284512,180000
original,heat,P,False,8.847022299115867,9.311390009590955,2017,0.011205555555555555,0.5043595452903957,180000
original,heat,P,False,9.311390009590955,9.800131725606123,14467,0.08037222222222222,3.6175357172613554,180000
original,heat,P,False,9.800131725606123,10.31452680430156,6269,0.03482777777777778,1.567590475669554,180000
original,heat,P,False,10.31452680430156,10.85592175446757,835,0.004638888888888889,0.20879534968640678,180000
original,heat,P,False,10.85592175446757,11.425733761239906,45,0.00025,0.011252443995075703,180000
original,heat,P,False,11.425733761239906,12.025454395801333,3,1.6666666666666667e-05,0.0007501629330050544,180000
original,heat,P,False,12.025454395801333,12.656653519800255,0,0.0,0.0,180000
original,heat,P,False,12.656653519800255,13.320983394706696,2,1.1111111111111112e-05,0.0005001086220033646,180000
original,heat,P,False,13.320983394706696,14.020183006862613,0,0.0,0.0,180000
original,heat,P,False,14.020183006862613,14.756082619548016,1,5.555555555555556e-06,0.0002500543110016848,180000
original,heat,P,False,14.756082619548016,15.530608563978557,0,0.0,0.0,180000
original,heat,P,False,15.530608563978557,16.34578828177584,0,0.0,0.0,180000
original,heat,P,False,16.34578828177584,17.203755632109893,0,0.0,0.0,180000
original,heat,P,False,17.203755632109893,18.106756477406066,0,0.0,0.0,180000
original,heat,P,False,18.106756477406066,19.057154562237766,0,0.0,0.0,180000
original,heat,P,False,19.057154562237766,20.05743770079396,0,0.0,0.0,180000
original,heat,P,False,20.05743770079396,21.110224289118165,0,0.0,0.0,180000
original,heat,P,False,21.110224289118165,22.218270159165648,0,0.0,0.0,180000
original,heat,P,False,22.218270159165648,23.384475792620403,0,0.0,0.0,180000
original,heat,P,False,23.384475792620403,24.61189391335516,0,0.0,0.0,180000
original,heat,P,False,24.61189391335516,25.903737478408974,0,0.0,0.0,180000
original,heat,P,False,25.903737478408974,27.26338808839992,0,0.0,0.0,180000
original,heat,P,False,27.26338808839992,28.69440483938848,0,0.0,0.0,180000
original,heat,P,False,28.69440483938848,30.200533639362657,0,0.0,0.0,180000
original,heat,P,False,30.200533639362657,31.785717013732373,0,0.0,0.0,180000
original,heat,P,False,31.785717013732373,33.45410442550039,0,0.0,0.0,180000
original,heat,P,False,33.45410442550039,35.21006313712438,0,0.0,0.0,180000
original,heat,P,False,35.21006313712438,37.05818964250278,0,0.0,0.0,180000
original,heat,P,False,37.05818964250278,39.003321699009554,0,0.0,0.0,180000
original,heat,P,False,39.003321699009554,41.05055099107343,0,0.0,0.0,180000
original,heat,P,False,41.05055099107343,43.20523645845048,0,0.0,0.0,180000
original,heat,P,False,43.20523645845048,45.473018324078936,0,0.0,0.0,180000
original,heat,P,False,45.473018324078936,47.85983285823631,0,0.0,0.0,180000
original,heat,P,False,47.85983285823631,50.37192791764635,0,0.0,0.0,180000
original,heat,P,False,50.37192791764635,53.01587930021168,0,0.0,0.0,180000
original,heat,P,False,53.01587930021168,55.79860795818322,0,0.0,0.0,180000
original,heat,P,False,55.79860795818322,58.72739811482472,0,0.0,0.0,180000
original,heat,P,False,58.72739811482472,61.80991633199541,0,0.0,0.0,180000
original,heat,P,False,61.80991633199541,65.05423157856306,0,0.0,0.0,180000
original,heat,P,False,65.05423157856306,68.46883635217966,0,0.0,0.0,180000
original,heat,P,False,68.46883635217966,72.06266890970949,0,0.0,0.0,180000
original,heat,P,False,72.06266890970949,75.84513666450084,0,0.0,0.0,180000
original,heat,P,False,75.84513666450084,79.82614081174758,0,0.0,0.0,180000
original,heat,P,False,79.82614081174758,84.01610224640089,0,0.0,0.0,180000
original,heat,P,False,84.01610224640089,88.42598884147601,0,0.0,0.0,180000
original,heat,P,False,88.42598884147601,93.06734415815869,0,0.0,0.0,180000
original,heat,P,False,93.06734415815869,97.95231766286437,0,0.0,0.0,180000
original,heat,P,False,97.95231766286437,103.09369653034821,0,0.0,0.0,180000
original,heat,P,False,103.09369653034821,108.50493911611578,0,0.0,0.0,180000
original,heat,P,False,108.50493911611578,114.20021018575291,0,0.0,0.0,180000
original,heat,P,False,114.20021018575291,120.19441799339371,0,0.0,0.0,180000
original,heat,P,False,120.19441799339371,126.50325330638432,0,0.0,0.0,180000
original,heat,P,False,126.50325330638432,133.14323047829743,0,0.0,0.0,180000
original,heat,P,False,133.14323047829743,140.13173067781,0,0.0,0.0,180000
original,heat,P,False,140.13173067781,147.48704738660481,0,0.0,0.0,180000
original,heat,P,False,147.48704738660481,155.22843428539136,0,0.0,0.0,180000
original,heat,P,False,155.22843428539136,163.3761556533982,0,0.0,0.0,180000
original,heat,P,False,163.3761556533982,171.95153941326183,0,0.0,0.0,180000
original,heat,P,False,171.95153941326183,180.97703296016772,0,0.0,0.0,180000
original,heat,P,False,180.97703296016772,190.47626192138412,0,0.0,0.0,180000
original,heat,P,False,190.47626192138412,200.474092,0,0.0,0.0,180000
original,heat,B4,False,1.203147,1.2662984874570626,0,0.0,0.0,180000
original,heat,B4,False,1.2662984874570626,1.3327647073350513,0,0.0,0.0,180000
original,heat,B4,False,1.3327647073350513,1.402719645259083,0,0.0,0.0,180000
original,heat,B4,False,1.402719645259083,1.4763464191141105,0,0.0,0.0,180000
original,heat,B4,False,1.4763464191141105,1.5538377583843443,0,0.0,0.0,180000
original,heat,B4,False,1.5538377583843443,1.6353965086525324,0,0.0,0.0,180000
original,heat,B4,False,1.6353965086525324,1.721236162579687,0,0.0,0.0,180000
original,heat,B4,False,1.721236162579687,1.8115814187551953,0,0.0,0.0,180000
original,heat,B4,False,1.8115814187551953,1.9066687698801754,0,0.0,0.0,180000
original,heat,B4,False,1.9066687698801754,2.0067471218237545,0,0.0,0.0,180000
original,heat,B4,False,2.0067471218237545,2.1120784451727297,0,0.0,0.0,180000
original,heat,B4,False,2.1120784451727297,2.2229384609801563,0,0.0,0.0,180000
original,heat,B4,False,2.2229384609801563,2.339617362507909,0,0.0,0.0,180000
original,heat,B4,False,2.339617362507909,2.462420574852489,0,0.0,0.0,180000
original,heat,B4,False,2.462420574852489,2.5916695544425226,0,0.0,0.0,180000
original,heat,B4,False,2.5916695544425226,2.72770263050075,0,0.0,0.0,180000
original,heat,B4,False,2.72770263050075,2.870875890673169,0,0.0,0.0,180000
original,heat,B4,False,2.870875890673169,3.0215641131435986,0,0.0,0.0,180000
original,heat,B4,False,3.0215641131435986,3.180161747673626,0,0.0,0.0,180000
original,heat,B4,False,3.180161747673626,3.3470839481359485,0,0.0,0.0,180000
original,heat,B4,False,3.3470839481359485,3.522767659243937,0,0.0,0.0,180000
original,heat,B4,False,3.522767659243937,3.7076727603221014,0,0.0,0.0,180000
original,heat,B4,False,3.7076727603221014,3.9022832691114466,11,6.111111111111111e-05,0.0027505974210185187,180000
original,heat,B4,False,3.9022832691114466,4.10710860876088,415,0.0023055555555555555,0.10377253906569867,180000
original,heat,B4,False,4.10710860876088,4.322684941321205,2374,0.013188888888888889,0.5936289343179967,180000
original,heat,B4,False,4.322684941321205,4.54957657123233,6889,0.03827222222222222,1.7226241484905978,180000
original,heat,B4,False,4.54957657123233,4.788377422477543,72480,0.4026666666666667,18.12393646140202,180000
original,heat,B4,False,4.788377422477543,5.03971259327153,62963,0.34979444444444446,15.744169583599001,180000
original,heat,B4,False,5.03971259327153,5.304239992351766,6997,0.038872222222222225,1.7496300140787797,180000
original,heat,B4,False,5.304239992351766,5.582652061156536,807,0.004483333333333333,0.2017938289783586,180000
original,heat,B4,False,5.582652061156536,5.875677586397652,281,0.0015611111111111112,0.07026526139147307,180000
original,heat,B4,False,5.875677586397652,6.184083607772543,247,0.0013722222222222222,0.06176341481741583,180000
original,heat,B4,False,6.184083607772543,6.50867742580947,169,0.0009388888888888888,0.042259178559284516,180000
original,heat,B4,False,6.50867742580947,6.850308715101696,163,0.0009055555555555556,0.040758852693274415,180000
original,heat,B4,False,6.850308715101696,7.2098717484623345,203,0.0011277777777777777,0.050761025133341756,180000
original,heat,B4,False,7.2098717484623345,7.588307737821948,211,0.0011722222222222223,0.05276145962135523,180000
original,heat,B4,False,7.588307737821948,7.986607297996552,245,0.0013611111111111111,0.06126330619541247,180000
original,heat,B4,False,7.986607297996552,8.405813039775333,314,0.0017444444444444445,0.07851705365452863,180000
original,heat,B4,False,8.405813039775333,8.847022299115867,389,0.002161111111111111,0.09727112697965488,180000
original,heat,B4,False,8.847022299115867,9.311390009590955,1418,0.007877777777777777,0.3545770130003872,180000
original,heat,B4,False,9.311390009590955,9.800131725606123,13701,0.07611666666666667,3.425994115034066,180000
original,heat,B4,False,9.800131725606123,10.31452680430156,8552,0.04751111111111111,2.1384644676863975,180000
original,heat,B4,False,10.31452680430156,10.85592175446757,1074,0.005966666666666667,0.2685583300158095,180000
original,heat,B4,False,10.85592175446757,11.425733761239906,83,0.0004611111111111111,0.020754507813139627,180000
original,heat,B4,False,11.425733761239906,12.025454395801333,4,2.2222222222222223e-05,0.0010002172440067392,180000
original,heat,B4,False,12.025454395801333,12.656653519800255,3,1.6666666666666667e-05,0.0007501629330050469,180000
original,heat,B4,False,12.656653519800255,13.320983394706696,4,2.2222222222222223e-05,0.0010002172440067292,180000
original,heat,B4,False,13.320983394706696,14.020183006862613,1,5.555555555555556e-06,0.0002500543110016848,180000
original,heat,B4,False,14.020183006862613,14.756082619548016,0,0.0,0.0,180000
original,heat,B4,False,14.756082619548016,15.530608563978557,1,5.555555555555556e-06,0.0002500543110016823,180000
original,heat,B4,False,15.530608563978557,16.34578828177584,0,0.0,0.0,180000
original,heat,B4,False,16.34578828177584,17.203755632109893,0,0.0,0.0,180000
original,heat,B4,False,17.203755632109893,18.106756477406066,1,5.555555555555556e-06,0.0002500543110016848,180000
original,heat,B4,False,18.106756477406066,19.057154562237766,0,0.0,0.0,180000
original,heat,B4,False,19.057154562237766,20.05743770079396,0,0.0,0.0,180000
original,heat,B4,False,20.05743770079396,21.110224289118165,0,0.0,0.0,180000
original,heat,B4,False,21.110224289118165,22.218270159165648,0,0.0,0.0,180000
original,heat,B4,False,22.218270159165648,23.384475792620403,0,0.0,0.0,180000
original,heat,B4,False,23.384475792620403,24.61189391335516,0,0.0,0.0,180000
original,heat,B4,False,24.61189391335516,25.903737478408974,0,0.0,0.0,180000
original,heat,B4,False,25.903737478408974,27.26338808839992,0,0.0,0.0,180000
original,heat,B4,False,27.26338808839992,28.69440483938848,0,0.0,0.0,180000
original,heat,B4,False,28.69440483938848,30.200533639362657,0,0.0,0.0,180000
original,heat,B4,False,30.200533639362657,31.785717013732373,0,0.0,0.0,180000
original,heat,B4,False,31.785717013732373,33.45410442550039,0,0.0,0.0,180000
original,heat,B4,False,33.45410442550039,35.21006313712438,0,0.0,0.0,180000
original,heat,B4,False,35.21006313712438,37.05818964250278,0,0.0,0.0,180000
original,heat,B4,False,37.05818964250278,39.003321699009554,0,0.0,0.0,180000
original,heat,B4,False,39.003321699009554,41.05055099107343,0,0.0,0.0,180000
original,heat,B4,False,41.05055099107343,43.20523645845048,0,0.0,0.0,180000
original,heat,B4,False,43.20523645845048,45.473018324078936,0,0.0,0.0,180000
original,heat,B4,False,45.473018324078936,47.85983285823631,0,0.0,0.0,180000
original,heat,B4,False,47.85983285823631,50.37192791764635,0,0.0,0.0,180000
original,heat,B4,False,50.37192791764635,53.01587930021168,0,0.0,0.0,180000
original,heat,B4,False,53.01587930021168,55.79860795818322,0,0.0,0.0,180000
original,heat,B4,False,55.79860795818322,58.72739811482472,0,0.0,0.0,180000
original,heat,B4,False,58.72739811482472,61.80991633199541,0,0.0,0.0,180000
original,heat,B4,False,61.80991633199541,65.05423157856306,0,0.0,0.0,180000
original,heat,B4,False,65.05423157856306,68.46883635217966,0,0.0,0.0,180000
original,heat,B4,False,68.46883635217966,72.06266890970949,0,0.0,0.0,180000
original,heat,B4,False,72.06266890970949,75.84513666450084,0,0.0,0.0,180000
original,heat,B4,False,75.84513666450084,79.82614081174758,0,0.0,0.0,180000
original,heat,B4,False,79.82614081174758,84.01610224640089,0,0.0,0.0,180000
original,heat,B4,False,84.01610224640089,88.42598884147601,0,0.0,0.0,180000
original,heat,B4,False,88.42598884147601,93.06734415815869,0,0.0,0.0,180000
original,heat,B4,False,93.06734415815869,97.95231766286437,0,0.0,0.0,180000
original,heat,B4,False,97.95231766286437,103.09369653034821,0,0.0,0.0,180000
original,heat,B4,False,103.09369653034821,108.50493911611578,0,0.0,0.0,180000
original,heat,B4,False,108.50493911611578,114.20021018575291,0,0.0,0.0,180000
original,heat,B4,False,114.20021018575291,120.19441799339371,0,0.0,0.0,180000
original,heat,B4,False,120.19441799339371,126.50325330638432,0,0.0,0.0,180000
original,heat,B4,False,126.50325330638432,133.14323047829743,0,0.0,0.0,180000
original,heat,B4,False,133.14323047829743,140.13173067781,0,0.0,0.0,180000
original,heat,B4,False,140.13173067781,147.48704738660481,0,0.0,0.0,180000
original,heat,B4,False,147.48704738660481,155.22843428539136,0,0.0,0.0,180000
original,heat,B4,False,155.22843428539136,163.3761556533982,0,0.0,0.0,180000
original,heat,B4,False,163.3761556533982,171.95153941326183,0,0.0,0.0,180000
original,heat,B4,False,171.95153941326183,180.97703296016772,0,0.0,0.0,180000
original,heat,B4,False,180.97703296016772,190.47626192138412,0,0.0,0.0,180000
original,heat,B4,False,190.47626192138412,200.474092,0,0.0,0.0,180000
original,heat,B2,False,1.203147,1.2662984874570626,0,0.0,0.0,180000
original,heat,B2,False,1.2662984874570626,1.3327647073350513,24,0.00013333333333333334,0.006001303464040394,180000
original,heat,B2,False,1.3327647073350513,1.402719645259083,697,0.003872222222222222,0.17428785476817385,180000
original,heat,B2,False,1.402719645259083,1.4763464191141105,1997,0.011094444444444445,0.4993584590703614,180000
original,heat,B2,False,1.4763464191141105,1.5538377583843443,1102,0.0061222222222222225,0.2755598507238556,180000
original,heat,B2,False,1.5538377583843443,1.6353965086525324,182,0.001011111111111111,0.04550988460230629,180000
original,heat,B2,False,1.6353965086525324,1.721236162579687,32,0.00017777777777777779,0.008001737952053894,180000
original,heat,B2,False,1.721236162579687,1.8115814187551953,1744,0.00968888888888889,0.436094718386935,180000
original,heat,B2,False,1.8115814187551953,1.9066687698801754,34050,0.18916666666666668,8.514349289607324,180000
original,heat,B2,False,1.9066687698801754,2.0067471218237545,81326,0.4518111111111111,20.335916896522914,180000
original,heat,B2,False,2.0067471218237545,2.1120784451727297,23387,0.12992777777777778,5.848020171396373,180000
original,heat,B2,False,2.1120784451727297,2.2229384609801563,1966,0.010922222222222222,0.491606775429311,180000
original,heat,B2,False,2.2229384609801563,2.339617362507909,421,0.002338888888888889,0.10527286493170825,180000
original,heat,B2,False,2.339617362507909,2.462420574852489,199,0.0011055555555555556,0.04976080788933515,180000
original,heat,B2,False,2.462420574852489,2.5916695544425226,133,0.0007388888888888889,0.03325722336322391,180000
original,heat,B2,False,2.5916695544425226,2.72770263050075,118,0.0006555555555555556,0.02950640869819866,180000
original,heat,B2,False,2.72770263050075,2.870875890673169,148,0.0008222222222222222,0.03700803802824916,180000
original,heat,B2,False,2.870875890673169,3.0215641131435986,406,0.0022555555555555554,0.10152205026668351,180000
original,heat,B2,False,3.0215641131435986,3.180161747673626,526,0.0029222222222222223,0.13152856758688555,180000
original,heat,B2,False,3.180161747673626,3.3470839481359485,1259,0.006994444444444445,0.3148183775511196,180000
original,heat,B2,False,3.3470839481359485,3.522767659243937,9391,0.052172222222222224,2.34826003461681,180000
original,heat,B2,False,3.522767659243937,3.7076727603221014,13135,0.07297222222222222,3.284463375007113,180000
original,heat,B2,False,3.7076727603221014,3.9022832691114466,6252,0.03473333333333333,1.5633395523825253,180000
original,heat,B2,False,3.9022832691114466,4.10710860876088,1234,0.006855555555555556,0.3085670197760775,180000
original,heat,B2,False,4.10710860876088,4.322684941321205,207,0.00115,0.05176124237734849,180000
original,heat,B2,False,4.322684941321205,4.54957657123233,26,0.00014444444444444444,0.006501412086043772,180000
original,heat,B2,False,4.54957657123233,4.788377422477543,27,0.00015,0.006751466397045455,180000
original,heat,B2,False,4.788377422477543,5.03971259327153,10,5.555555555555556e-05,0.0025005431100168355,180000
original,heat,B2,False,5.03971259327153,5.304239992351766,1,5.555555555555556e-06,0.00025005431100168354,180000
original,heat,B2,False,5.304239992351766,5.582652061156536,0,0.0,0.0,180000
original,heat,B2,False,5.582652061156536,5.875677586397652,0,0.0,0.0,180000
original,heat,B2,False,5.875677586397652,6.184083607772543,0,0.0,0.0,180000
original,heat,B2,False,6.184083607772543,6.50867742580947,0,0.0,0.0,180000
original,heat,B2,False,6.50867742580947,6.850308715101696,0,0.0,0.0,180000
original,heat,B2,False,6.850308715101696,7.2098717484623345,0,0.0,0.0,180000
original,heat,B2,False,7.2098717484623345,7.588307737821948,0,0.0,0.0,180000
original,heat,B2,False,7.588307737821948,7.986607297996552,0,0.0,0.0,180000
original,heat,B2,False,7.986607297996552,8.405813039775333,0,0.0,0.0,180000
original,heat,B2,False,8.405813039775333,8.847022299115867,0,0.0,0.0,180000
original,heat,B2,False,8.847022299115867,9.311390009590955,0,0.0,0.0,180000
original,heat,B2,False,9.311390009590955,9.800131725606123,0,0.0,0.0,180000
original,heat,B2,False,9.800131725606123,10.31452680430156,0,0.0,0.0,180000
original,heat,B2,False,10.31452680430156,10.85592175446757,0,0.0,0.0,180000
original,heat,B2,False,10.85592175446757,11.425733761239906,0,0.0,0.0,180000
original,heat,B2,False,11.425733761239906,12.025454395801333,0,0.0,0.0,180000
original,heat,B2,False,12.025454395801333,12.656653519800255,0,0.0,0.0,180000
original,heat,B2,False,12.656653519800255,13.320983394706696,0,0.0,0.0,180000
original,heat,B2,False,13.320983394706696,14.020183006862613,0,0.0,0.0,180000
original,heat,B2,False,14.020183006862613,14.756082619548016,0,0.0,0.0,180000
original,heat,B2,False,14.756082619548016,15.530608563978557,0,0.0,0.0,180000
original,heat,B2,False,15.530608563978557,16.34578828177584,0,0.0,0.0,180000
original,heat,B2,False,16.34578828177584,17.203755632109893,0,0.0,0.0,180000
original,heat,B2,False,17.203755632109893,18.106756477406066,0,0.0,0.0,180000
original,heat,B2,False,18.106756477406066,19.057154562237766,0,0.0,0.0,180000
original,heat,B2,False,19.057154562237766,20.05743770079396,0,0.0,0.0,180000
original,heat,B2,False,20.05743770079396,21.110224289118165,0,0.0,0.0,180000
original,heat,B2,False,21.110224289118165,22.218270159165648,0,0.0,0.0,180000
original,heat,B2,False,22.218270159165648,23.384475792620403,0,0.0,0.0,180000
original,heat,B2,False,23.384475792620403,24.61189391335516,0,0.0,0.0,180000
original,heat,B2,False,24.61189391335516,25.903737478408974,0,0.0,0.0,180000
original,heat,B2,False,25.903737478408974,27.26338808839992,0,0.0,0.0,180000
original,heat,B2,False,27.26338808839992,28.69440483938848,0,0.0,0.0,180000
original,heat,B2,False,28.69440483938848,30.200533639362657,0,0.0,0.0,180000
original,heat,B2,False,30.200533639362657,31.785717013732373,0,0.0,0.0,180000
original,heat,B2,False,31.785717013732373,33.45410442550039,0,0.0,0.0,180000
original,heat,B2,False,33.45410442550039,35.21006313712438,0,0.0,0.0,180000
original,heat,B2,False,35.21006313712438,37.05818964250278,0,0.0,0.0,180000
original,heat,B2,False,37.05818964250278,39.003321699009554,0,0.0,0.0,180000
original,heat,B2,False,39.003321699009554,41.05055099107343,0,0.0,0.0,180000
original,heat,B2,False,41.05055099107343,43.20523645845048,0,0.0,0.0,180000
original,heat,B2,False,43.20523645845048,45.473018324078936,0,0.0,0.0,180000
original,heat,B2,False,45.473018324078936,47.85983285823631,0,0.0,0.0,180000
original,heat,B2,False,47.85983285823631,50.37192791764635,0,0.0,0.0,180000
original,heat,B2,False,50.37192791764635,53.01587930021168,0,0.0,0.0,180000
original,heat,B2,False,53.01587930021168,55.79860795818322,0,0.0,0.0,180000
original,heat,B2,False,55.79860795818322,58.72739811482472,0,0.0,0.0,180000
original,heat,B2,False,58.72739811482472,61.80991633199541,0,0.0,0.0,180000
original,heat,B2,False,61.80991633199541,65.05423157856306,0,0.0,0.0,180000
original,heat,B2,False,65.05423157856306,68.46883635217966,0,0.0,0.0,180000
original,heat,B2,False,68.46883635217966,72.06266890970949,0,0.0,0.0,180000
original,heat,B2,False,72.06266890970949,75.84513666450084,0,0.0,0.0,180000
original,heat,B2,False,75.84513666450084,79.82614081174758,0,0.0,0.0,180000
original,heat,B2,False,79.82614081174758,84.01610224640089,0,0.0,0.0,180000
original,heat,B2,False,84.01610224640089,88.42598884147601,0,0.0,0.0,180000
original,heat,B2,False,88.42598884147601,93.06734415815869,0,0.0,0.0,180000
original,heat,B2,False,93.06734415815869,97.95231766286437,0,0.0,0.0,180000
original,heat,B2,False,97.95231766286437,103.09369653034821,0,0.0,0.0,180000
original,heat,B2,False,103.09369653034821,108.50493911611578,0,0.0,0.0,180000
original,heat,B2,False,108.50493911611578,114.20021018575291,0,0.0,0.0,180000
original,heat,B2,False,114.20021018575291,120.19441799339371,0,0.0,0.0,180000
original,heat,B2,False,120.19441799339371,126.50325330638432,0,0.0,0.0,180000
original,heat,B2,False,126.50325330638432,133.14323047829743,0,0.0,0.0,180000
original,heat,B2,False,133.14323047829743,140.13173067781,0,0.0,0.0,180000
original,heat,B2,False,140.13173067781,147.48704738660481,0,0.0,0.0,180000
original,heat,B2,False,147.48704738660481,155.22843428539136,0,0.0,0.0,180000
original,heat,B2,False,155.22843428539136,163.3761556533982,0,0.0,0.0,180000
original,heat,B2,False,163.3761556533982,171.95153941326183,0,0.0,0.0,180000
original,heat,B2,False,171.95153941326183,180.97703296016772,0,0.0,0.0,180000
original,heat,B2,False,180.97703296016772,190.47626192138412,0,0.0,0.0,180000
original,heat,B2,False,190.47626192138412,200.474092,0,0.0,0.0,180000
revision_K10,heat,P,False,1.203147,1.2662984874570626,0,0.0,0.0,45000
revision_K10,heat,P,False,1.2662984874570626,1.3327647073350513,0,0.0,0.0,45000
revision_K10,heat,P,False,1.3327647073350513,1.402719645259083,0,0.0,0.0,45000
revision_K10,heat,P,False,1.402719645259083,1.4763464191141105,0,0.0,0.0,45000
revision_K10,heat,P,False,1.4763464191141105,1.5538377583843443,0,0.0,0.0,45000
revision_K10,heat,P,False,1.5538377583843443,1.6353965086525324,0,0.0,0.0,45000
revision_K10,heat,P,False,1.6353965086525324,1.721236162579687,0,0.0,0.0,45000
revision_K10,heat,P,False,1.721236162579687,1.8115814187551953,0,0.0,0.0,45000
revision_K10,heat,P,False,1.8115814187551953,1.9066687698801754,0,0.0,0.0,45000
revision_K10,heat,P,False,1.9066687698801754,2.0067471218237545,0,0.0,0.0,45000
revision_K10,heat,P,False,2.0067471218237545,2.1120784451727297,0,0.0,0.0,45000
revision_K10,heat,P,False,2.1120784451727297,2.2229384609801563,0,0.0,0.0,45000
revision_K10,heat,P,False,2.2229384609801563,2.339617362507909,0,0.0,0.0,45000
revision_K10,heat,P,False,2.339617362507909,2.462420574852489,0,0.0,0.0,45000
revision_K10,heat,P,False,2.462420574852489,2.5916695544425226,0,0.0,0.0,45000
revision_K10,heat,P,False,2.5916695544425226,2.72770263050075,0,0.0,0.0,45000
revision_K10,heat,P,False,2.72770263050075,2.870875890673169,0,0.0,0.0,45000
revision_K10,heat,P,False,2.870875890673169,3.0215641131435986,0,0.0,0.0,45000
revision_K10,heat,P,False,3.0215641131435986,3.180161747673626,0,0.0,0.0,45000
revision_K10,heat,P,False,3.180161747673626,3.3470839481359485,0,0.0,0.0,45000
revision_K10,heat,P,False,3.3470839481359485,3.522767659243937,0,0.0,0.0,45000
revision_K10,heat,P,False,3.522767659243937,3.7076727603221014,0,0.0,0.0,45000
revision_K10,heat,P,False,3.7076727603221014,3.9022832691114466,11,0.00024444444444444443,0.011002389684074075,45000
revision_K10,heat,P,False,3.9022832691114466,4.10710860876088,243,0.0054,0.2430527902936364,45000
revision_K10,heat,P,False,4.10710860876088,4.322684941321205,579,0.012866666666666667,0.579125784279899,45000
revision_K10,heat,P,False,4.322684941321205,4.54957657123233,4211,0.09357777777777777,4.211914814512357,45000
revision_K10,heat,P,False,4.54957657123233,4.788377422477543,20968,0.46595555555555557,20.9725551723332,45000
revision_K10,heat,P,False,4.788377422477543,5.03971259327153,9239,0.2053111111111111,9.241007117378217,45000
revision_K10,heat,P,False,5.03971259327153,5.304239992351766,1384,0.030755555555555557,1.38430066570532,45000
revision_K10,heat,P,False,5.304239992351766,5.582652061156536,479,0.010644444444444444,0.4791040598792256,45000
revision_K10,heat,P,False,5.582652061156536,5.875677586397652,153,0.0034,0.1530332383330303,45000
revision_K10,heat,P,False,5.875677586397652,6.184083607772543,90,0.002,0.09001955196060607,45000
revision_K10,heat,P,False,6.184083607772543,6.50867742580947,56,0.0012444444444444445,0.05601216566437711,45000
revision_K10,heat,P,False,6.50867742580947,6.850308715101696,30,0.0006666666666666666,0.03000651732020202,45000
revision_K10,heat,P,False,6.850308715101696,7.2098717484623345,40,0.0008888888888888889,0.04000868976026937,45000
revision_K10,heat,P,False,7.2098717484623345,7.588307737821948,34,0.0007555555555555555,0.03400738629622896,45000
revision_K10,heat,P,False,7.588307737821948,7.986607297996552,50,0.0011111111111111111,0.05001086220033671,45000
revision_K10,heat,P,False,7.986607297996552,8.405813039775333,90,0.002,0.09001955196060607,45000
revision_K10,heat,P,False,8.405813039775333,8.847022299115867,79,0.0017555555555555556,0.079017162276532,45000
revision_K10,heat,P,False,8.847022299115867,9.311390009590955,376,0.008355555555555555,0.376081683746532,45000
revision_K10,heat,P,False,9.311390009590955,9.800131725606123,3155,0.07011111111111111,3.155685404841246,45000
revision_K10,heat,P,False,9.800131725606123,10.31452680430156,1517,0.03371111111111111,1.5173295591582154,45000
revision_K10,heat,P,False,10.31452680430156,10.85592175446757,498,0.011066666666666667,0.4981081875153561,45000
revision_K10,heat,P,False,10.85592175446757,11.425733761239906,108,0.0024,0.10802346235272674,45000
revision_K10,heat,P,False,11.425733761239906,12.025454395801333,25,0.0005555555555555556,0.02500543110016848,45000
revision_K10,heat,P,False,12.025454395801333,12.656653519800255,29,0.0006444444444444444,0.029006300076195146,45000
revision_K10,heat,P,False,12.656653519800255,13.320983394706696,319,0.0070888888888888885,0.31906930083814655,45000
revision_K10,heat,P,False,13.320983394706696,14.020183006862613,524,0.011644444444444445,0.5241138358595313,45000
revision_K10,heat,P,False,14.020183006862613,14.756082619548016,138,0.0030666666666666668,0.13802997967293001,45000
revision_K10,heat,P,False,14.756082619548016,15.530608563978557,64,0.0014222222222222223,0.06401390361643067,45000
revision_K10,heat,P,False,15.530608563978557,16.34578828177584,58,0.001288888888888889,0.05801260015239029,45000
revision_K10,heat,P,False,16.34578828177584,17.203755632109893,60,0.0013333333333333333,0.06001303464040435,45000
revision_K10,heat,P,False,17.203755632109893,18.106756477406066,129,0.0028666666666666667,0.12902802447686934,45000
revision_K10,heat,P,False,18.106756477406066,19.057154562237766,179,0.003977777777777778,0.17903888667720452,45000
revision_K10,heat,P,False,19.057154562237766,20.05743770079396,80,0.0017777777777777779,0.08001737952053833,45000
revision_K10,heat,P,False,20.05743770079396,21.110224289118165,5,0.00011111111111111112,0.005001086220033696,45000
revision_K10,heat,P,False,21.110224289118165,22.218270159165648,0,0.0,0.0,45000
revision_K10,heat,P,False,22.218270159165648,23.384475792620403,0,0.0,0.0,45000
revision_K10,heat,P,False,23.384475792620403,24.61189391335516,0,0.0,0.0,45000
revision_K10,heat,P,False,24.61189391335516,25.903737478408974,0,0.0,0.0,45000
revision_K10,heat,P,False,25.903737478408974,27.26338808839992,0,0.0,0.0,45000
revision_K10,heat,P,False,27.26338808839992,28.69440483938848,0,0.0,0.0,45000
revision_K10,heat,P,False,28.69440483938848,30.200533639362657,0,0.0,0.0,45000
revision_K10,heat,P,False,30.200533639362657,31.785717013732373,0,0.0,0.0,45000
revision_K10,heat,P,False,31.785717013732373,33.45410442550039,0,0.0,0.0,45000
revision_K10,heat,P,False,33.45410442550039,35.21006313712438,0,0.0,0.0,45000
revision_K10,heat,P,False,35.21006313712438,37.05818964250278,0,0.0,0.0,45000
revision_K10,heat,P,False,37.05818964250278,39.003321699009554,0,0.0,0.0,45000
revision_K10,heat,P,False,39.003321699009554,41.05055099107343,0,0.0,0.0,45000
revision_K10,heat,P,False,41.05055099107343,43.20523645845048,0,0.0,0.0,45000
revision_K10,heat,P,False,43.20523645845048,45.473018324078936,0,0.0,0.0,45000
revision_K10,heat,P,False,45.473018324078936,47.85983285823631,0,0.0,0.0,45000
revision_K10,heat,P,False,47.85983285823631,50.37192791764635,0,0.0,0.0,45000
revision_K10,heat,P,False,50.37192791764635,53.01587930021168,0,0.0,0.0,45000
revision_K10,heat,P,False,53.01587930021168,55.79860795818322,0,0.0,0.0,45000
revision_K10,heat,P,False,55.79860795818322,58.72739811482472,0,0.0,0.0,45000
revision_K10,heat,P,False,58.72739811482472,61.80991633199541,0,0.0,0.0,45000
revision_K10,heat,P,False,61.80991633199541,65.05423157856306,0,0.0,0.0,45000
revision_K10,heat,P,False,65.05423157856306,68.46883635217966,0,0.0,0.0,45000
revision_K10,heat,P,False,68.46883635217966,72.06266890970949,0,0.0,0.0,45000
revision_K10,heat,P,False,72.06266890970949,75.84513666450084,0,0.0,0.0,45000
revision_K10,heat,P,False,75.84513666450084,79.82614081174758,0,0.0,0.0,45000
revision_K10,heat,P,False,79.82614081174758,84.01610224640089,0,0.0,0.0,45000
revision_K10,heat,P,False,84.01610224640089,88.42598884147601,0,0.0,0.0,45000
revision_K10,heat,P,False,88.42598884147601,93.06734415815869,0,0.0,0.0,45000
revision_K10,heat,P,False,93.06734415815869,97.95231766286437,0,0.0,0.0,45000
revision_K10,heat,P,False,97.95231766286437,103.09369653034821,0,0.0,0.0,45000
revision_K10,heat,P,False,103.09369653034821,108.50493911611578,0,0.0,0.0,45000
revision_K10,heat,P,False,108.50493911611578,114.20021018575291,0,0.0,0.0,45000
revision_K10,heat,P,False,114.20021018575291,120.19441799339371,0,0.0,0.0,45000
revision_K10,heat,P,False,120.19441799339371,126.50325330638432,0,0.0,0.0,45000
revision_K10,heat,P,False,126.50325330638432,133.14323047829743,0,0.0,0.0,45000
revision_K10,heat,P,False,133.14323047829743,140.13173067781,0,0.0,0.0,45000
revision_K10,heat,P,False,140.13173067781,147.48704738660481,0,0.0,0.0,45000
revision_K10,heat,P,False,147.48704738660481,155.22843428539136,0,0.0,0.0,45000
revision_K10,heat,P,False,155.22843428539136,163.3761556533982,0,0.0,0.0,45000
revision_K10,heat,P,False,163.3761556533982,171.95153941326183,0,0.0,0.0,45000
revision_K10,heat,P,False,171.95153941326183,180.97703296016772,0,0.0,0.0,45000
revision_K10,heat,P,False,180.97703296016772,190.47626192138412,0,0.0,0.0,45000
revision_K10,heat,P,False,190.47626192138412,200.474092,0,0.0,0.0,45000
revision_K10,heat,P,True,1.203147,1.2662984874570626,0,0.0,0.0,45000
revision_K10,heat,P,True,1.2662984874570626,1.3327647073350513,0,0.0,0.0,45000
revision_K10,heat,P,True,1.3327647073350513,1.402719645259083,0,0.0,0.0,45000
revision_K10,heat,P,True,1.402719645259083,1.4763464191141105,0,0.0,0.0,45000
revision_K10,heat,P,True,1.4763464191141105,1.5538377583843443,0,0.0,0.0,45000
revision_K10,heat,P,True,1.5538377583843443,1.6353965086525324,0,0.0,0.0,45000
revision_K10,heat,P,True,1.6353965086525324,1.721236162579687,0,0.0,0.0,45000
revision_K10,heat,P,True,1.721236162579687,1.8115814187551953,0,0.0,0.0,45000
revision_K10,heat,P,True,1.8115814187551953,1.9066687698801754,0,0.0,0.0,45000
revision_K10,heat,P,True,1.9066687698801754,2.0067471218237545,27,0.0006,0.02700586558818182,45000
revision_K10,heat,P,True,2.0067471218237545,2.1120784451727297,426,0.009466666666666667,0.42609254594686874,45000
revision_K10,heat,P,True,2.1120784451727297,2.2229384609801563,488,0.010844444444444445,0.4881060150752875,45000
revision_K10,heat,P,True,2.2229384609801563,2.339617362507909,95,0.002111111111111111,0.09502063818063926,45000
revision_K10,heat,P,True,2.339617362507909,2.462420574852489,508,0.011288888888888888,0.5081103599554222,45000
revision_K10,heat,P,True,2.462420574852489,2.5916695544425226,11462,0.2547111111111111,11.464490050805187,45000
revision_K10,heat,P,True,2.5916695544425226,2.72770263050075,19697,0.4377111111111111,19.70127905520064,45000
revision_K10,heat,P,True,2.72770263050075,2.870875890673169,3395,0.07544444444444444,3.3957375434028623,45000
revision_K10,heat,P,True,2.870875890673169,3.0215641131435986,618,0.013733333333333334,0.6181342567961617,45000
revision_K10,heat,P,True,3.0215641131435986,3.180161747673626,214,0.004755555555555555,0.2140464902174411,45000
revision_K10,heat,P,True,3.180161747673626,3.3470839481359485,126,0.0028,0.1260273727448485,45000
revision_K10,heat,P,True,3.3470839481359485,3.522767659243937,81,0.0018,0.08101759676454547,45000
revision_K10,heat,P,True,3.522767659243937,3.7076727603221014,47,0.0010444444444444444,0.0470102104683165,45000
revision_K10,heat,P,True,3.7076727603221014,3.9022832691114466,47,0.0010444444444444444,0.0470102104683165,45000
revision_K10,heat,P,True,3.9022832691114466,4.10710860876088,35,0.0007777777777777777,0.035007603540235695,45000
revision_K10,heat,P,True,4.10710860876088,4.322684941321205,44,0.0009777777777777777,0.0440095587362963,45000
revision_K10,heat,P,True,4.322684941321205,4.54957657123233,109,0.0024222222222222223,0.10902367959673402,45000
revision_K10,heat,P,True,4.54957657123233,4.788377422477543,218,0.004844444444444445,0.21804735919346804,45000
revision_K10,heat,P,True,4.788377422477543,5.03971259327153,1582,0.03515555555555556,1.5823436800186534,45000
revision_K10,heat,P,True,5.03971259327153,5.304239992351766,3390,0.07533333333333334,3.390736457182829,45000
revision_K10,heat,P,True,5.304239992351766,5.582652061156536,1167,0.025933333333333333,1.1672535237558588,45000
revision_K10,heat,P,True,5.582652061156536,5.875677586397652,249,0.005533333333333334,0.24905409375767681,45000
revision_K10,heat,P,True,5.875677586397652,6.184083607772543,75,0.0016666666666666668,0.07501629330050506,45000
revision_K10,heat,P,True,6.184083607772543,6.50867742580947,20,0.00044444444444444447,0.020004344880134684,45000
revision_K10,heat,P,True,6.50867742580947,6.850308715101696,11,0.00024444444444444443,0.011002389684074075,45000
revision_K10,heat,P,True,6.850308715101696,7.2098717484623345,12,0.0002666666666666667,0.01200260692808081,45000
revision_K10,heat,P,True,7.2098717484623345,7.588307737821948,13,0.0002888888888888889,0.013002824172087544,45000
revision_K10,heat,P,True,7.588307737821948,7.986607297996552,7,0.00015555555555555556,0.007001520708047139,45000
revision_K10,heat,P,True,7.986607297996552,8.405813039775333,3,6.666666666666667e-05,0.0030006517320202027,45000
revision_K10,heat,P,True,8.405813039775333,8.847022299115867,1,2.2222222222222223e-05,0.0010002172440067342,45000
revision_K10,heat,P,True,8.847022299115867,9.311390009590955,8,0.00017777777777777779,0.008001737952053873,45000
revision_K10,heat,P,True,9.311390009590955,9.800131725606123,23,0.0005111111111111112,0.023004996612154886,45000
revision_K10,heat,P,True,9.800131725606123,10.31452680430156,46,0.0010222222222222223,0.04600999322430977,45000
revision_K10,heat,P,True,10.31452680430156,10.85592175446757,168,0.0037333333333333333,0.16803649699313217,45000
revision_K10,heat,P,True,10.85592175446757,11.425733761239906,242,0.005377777777777778,0.24205257304962846,45000
revision_K10,heat,P,True,11.425733761239906,12.025454395801333,114,0.002533333333333333,0.11402476581676825,45000
revision_K10,heat,P,True,12.025454395801333,12.656653519800255,79,0.0017555555555555556,0.0790171622765316,45000
revision_K10,heat,P,True,12.656653519800255,13.320983394706696,79,0.0017555555555555556,0.0790171622765316,45000
revision_K10,heat,P,True,13.320983394706696,14.020183006862613,56,0.0012444444444444445,0.056012165664377396,45000
revision_K10,heat,P,True,14.020183006862613,14.756082619548016,15,0.0003333333333333333,0.015003258660101087,45000
revision_K10,heat,P,True,14.756082619548016,15.530608563978557,3,6.666666666666667e-05,0.0030006517320201875,45000
revision_K10,heat,P,True,15.530608563978557,16.34578828177584,0,0.0,0.0,45000
revision_K10,heat,P,True,16.34578828177584,17.203755632109893,0,0.0,0.0,45000
revision_K10,heat,P,True,17.203755632109893,18.106756477406066,0,0.0,0.0,45000
revision_K10,heat,P,True,18.106756477406066,19.057154562237766,0,0.0,0.0,45000
revision_K10,heat,P,True,19.057154562237766,20.05743770079396,0,0.0,0.0,45000
revision_K10,heat,P,True,20.05743770079396,21.110224289118165,0,0.0,0.0,45000
revision_K10,heat,P,True,21.110224289118165,22.218270159165648,0,0.0,0.0,45000
revision_K10,heat,P,True,22.218270159165648,23.384475792620403,0,0.0,0.0,45000
revision_K10,heat,P,True,23.384475792620403,24.61189391335516,0,0.0,0.0,45000
revision_K10,heat,P,True,24.61189391335516,25.903737478408974,0,0.0,0.0,45000
revision_K10,heat,P,True,25.903737478408974,27.26338808839992,0,0.0,0.0,45000
revision_K10,heat,P,True,27.26338808839992,28.69440483938848,0,0.0,0.0,45000
revision_K10,heat,P,True,28.69440483938848,30.200533639362657,0,0.0,0.0,45000
revision_K10,heat,P,True,30.200533639362657,31.785717013732373,0,0.0,0.0,45000
revision_K10,heat,P,True,31.785717013732373,33.45410442550039,0,0.0,0.0,45000
revision_K10,heat,P,True,33.45410442550039,35.21006313712438,0,0.0,0.0,45000
revision_K10,heat,P,True,35.21006313712438,37.05818964250278,0,0.0,0.0,45000
revision_K10,heat,P,True,37.05818964250278,39.003321699009554,0,0.0,0.0,45000
revision_K10,heat,P,True,39.003321699009554,41.05055099107343,0,0.0,0.0,45000
revision_K10,heat,P,True,41.05055099107343,43.20523645845048,0,0.0,0.0,45000
revision_K10,heat,P,True,43.20523645845048,45.473018324078936,0,0.0,0.0,45000
revision_K10,heat,P,True,45.473018324078936,47.85983285823631,0,0.0,0.0,45000
revision_K10,heat,P,True,47.85983285823631,50.37192791764635,0,0.0,0.0,45000
revision_K10,heat,P,True,50.37192791764635,53.01587930021168,0,0.0,0.0,45000
revision_K10,heat,P,True,53.01587930021168,55.79860795818322,0,0.0,0.0,45000
revision_K10,heat,P,True,55.79860795818322,58.72739811482472,0,0.0,0.0,45000
revision_K10,heat,P,True,58.72739811482472,61.80991633199541,0,0.0,0.0,45000
revision_K10,heat,P,True,61.80991633199541,65.05423157856306,0,0.0,0.0,45000
revision_K10,heat,P,True,65.05423157856306,68.46883635217966,0,0.0,0.0,45000
revision_K10,heat,P,True,68.46883635217966,72.06266890970949,0,0.0,0.0,45000
revision_K10,heat,P,True,72.06266890970949,75.84513666450084,0,0.0,0.0,45000
revision_K10,heat,P,True,75.84513666450084,79.82614081174758,0,0.0,0.0,45000
revision_K10,heat,P,True,79.82614081174758,84.01610224640089,0,0.0,0.0,45000
revision_K10,heat,P,True,84.01610224640089,88.42598884147601,0,0.0,0.0,45000
revision_K10,heat,P,True,88.42598884147601,93.06734415815869,0,0.0,0.0,45000
revision_K10,heat,P,True,93.06734415815869,97.95231766286437,0,0.0,0.0,45000
revision_K10,heat,P,True,97.95231766286437,103.09369653034821,0,0.0,0.0,45000
revision_K10,heat,P,True,103.09369653034821,108.50493911611578,0,0.0,0.0,45000
revision_K10,heat,P,True,108.50493911611578,114.20021018575291,0,0.0,0.0,45000
revision_K10,heat,P,True,114.20021018575291,120.19441799339371,0,0.0,0.0,45000
revision_K10,heat,P,True,120.19441799339371,126.50325330638432,0,0.0,0.0,45000
revision_K10,heat,P,True,126.50325330638432,133.14323047829743,0,0.0,0.0,45000
revision_K10,heat,P,True,133.14323047829743,140.13173067781,0,0.0,0.0,45000
revision_K10,heat,P,True,140.13173067781,147.48704738660481,0,0.0,0.0,45000
revision_K10,heat,P,True,147.48704738660481,155.22843428539136,0,0.0,0.0,45000
revision_K10,heat,P,True,155.22843428539136,163.3761556533982,0,0.0,0.0,45000
revision_K10,heat,P,True,163.3761556533982,171.95153941326183,0,0.0,0.0,45000
revision_K10,heat,P,True,171.95153941326183,180.97703296016772,0,0.0,0.0,45000
revision_K10,heat,P,True,180.97703296016772,190.47626192138412,0,0.0,0.0,45000
revision_K10,heat,P,True,190.47626192138412,200.474092,0,0.0,0.0,45000
revision_K10,heat,B4,False,1.203147,1.2662984874570626,0,0.0,0.0,45000
revision_K10,heat,B4,False,1.2662984874570626,1.3327647073350513,0,0.0,0.0,45000
revision_K10,heat,B4,False,1.3327647073350513,1.402719645259083,0,0.0,0.0,45000
revision_K10,heat,B4,False,1.402719645259083,1.4763464191141105,0,0.0,0.0,45000
revision_K10,heat,B4,False,1.4763464191141105,1.5538377583843443,0,0.0,0.0,45000
revision_K10,heat,B4,False,1.5538377583843443,1.6353965086525324,0,0.0,0.0,45000
revision_K10,heat,B4,False,1.6353965086525324,1.721236162579687,0,0.0,0.0,45000
revision_K10,heat,B4,False,1.721236162579687,1.8115814187551953,0,0.0,0.0,45000
revision_K10,heat,B4,False,1.8115814187551953,1.9066687698801754,0,0.0,0.0,45000
revision_K10,heat,B4,False,1.9066687698801754,2.0067471218237545,0,0.0,0.0,45000
revision_K10,heat,B4,False,2.0067471218237545,2.1120784451727297,0,0.0,0.0,45000
revision_K10,heat,B4,False,2.1120784451727297,2.2229384609801563,0,0.0,0.0,45000
revision_K10,heat,B4,False,2.2229384609801563,2.339617362507909,0,0.0,0.0,45000
revision_K10,heat,B4,False,2.339617362507909,2.462420574852489,0,0.0,0.0,45000
revision_K10,heat,B4,False,2.462420574852489,2.5916695544425226,0,0.0,0.0,45000
revision_K10,heat,B4,False,2.5916695544425226,2.72770263050075,0,0.0,0.0,45000
revision_K10,heat,B4,False,2.72770263050075,2.870875890673169,0,0.0,0.0,45000
revision_K10,heat,B4,False,2.870875890673169,3.0215641131435986,0,0.0,0.0,45000
revision_K10,heat,B4,False,3.0215641131435986,3.180161747673626,0,0.0,0.0,45000
revision_K10,heat,B4,False,3.180161747673626,3.3470839481359485,0,0.0,0.0,45000
revision_K10,heat,B4,False,3.3470839481359485,3.522767659243937,0,0.0,0.0,45000
revision_K10,heat,B4,False,3.522767659243937,3.7076727603221014,0,0.0,0.0,45000
revision_K10,heat,B4,False,3.7076727603221014,3.9022832691114466,4,8.888888888888889e-05,0.004000868976026937,45000
revision_K10,heat,B4,False,3.9022832691114466,4.10710860876088,117,0.0026,0.11702541754878788,45000
revision_K10,heat,B4,False,4.10710860876088,4.322684941321205,519,0.011533333333333333,0.5191127496394949,45000
revision_K10,heat,B4,False,4.322684941321205,4.54957657123233,1921,0.04268888888888889,1.9214173257369362,45000
revision_K10,heat,B4,False,4.54957657123233,4.788377422477543,16309,0.3624222222222222,16.312543032505825,45000
revision_K10,heat,B4,False,4.788377422477543,5.03971259327153,12704,0.2823111111111111,12.706759867861551,45000
revision_K10,heat,B4,False,5.03971259327153,5.304239992351766,2875,0.06388888888888888,2.8756245765193604,45000
revision_K10,heat,B4,False,5.304239992351766,5.582652061156536,1124,0.02497777777777778,1.1242441822635691,45000
revision_K10,heat,B4,False,5.582652061156536,5.875677586397652,354,0.007866666666666666,0.35407690437838385,45000
revision_K10,heat,B4,False,5.875677586397652,6.184083607772543,135,0.003,0.1350293279409091,45000
revision_K10,heat,B4,False,6.184083607772543,6.50867742580947,80,0.0017777777777777779,0.08001737952053874,45000
revision_K10,heat,B4,False,6.50867742580947,6.850308715101696,49,0.0010888888888888888,0.049010644956329966,45000
revision_K10,heat,B4,False,6.850308715101696,7.2098717484623345,46,0.0010222222222222223,0.04600999322430977,45000
revision_K10,heat,B4,False,7.2098717484623345,7.588307737821948,35,0.0007777777777777777,0.035007603540235695,45000
revision_K10,heat,B4,False,7.588307737821948,7.986607297996552,42,0.0009333333333333333,0.042009124248282834,45000
revision_K10,heat,B4,False,7.986607297996552,8.405813039775333,67,0.001488888888888889,0.06701455534845119,45000
revision_K10,heat,B4,False,8.405813039775333,8.847022299115867,81,0.0018,0.08101759676454547,45000
revision_K10,heat,B4,False,8.847022299115867,9.311390009590955,246,0.0054666666666666665,0.2460534420256566,45000
revision_K10,heat,B4,False,9.311390009590955,9.800131725606123,1990,0.044222222222222225,1.990432315573401,45000
revision_K10,heat,B4,False,9.800131725606123,10.31452680430156,1829,0.04064444444444444,1.8293973392883165,45000
revision_K10,heat,B4,False,10.31452680430156,10.85592175446757,973,0.021622222222222223,0.9732113784185572,45000
revision_K10,heat,B4,False,10.85592175446757,11.425733761239906,290,0.0064444444444444445,0.29006300076195146,45000
revision_K10,heat,B4,False,11.425733761239906,12.025454395801333,80,0.0017777777777777779,0.08001737952053914,45000
revision_K10,heat,B4,False,12.025454395801333,12.656653519800255,73,0.0016222222222222222,0.07301585881249123,45000
revision_K10,heat,B4,False,12.656653519800255,13.320983394706696,579,0.012866666666666667,0.5791257842798961,45000
revision_K10,heat,B4,False,13.320983394706696,14.020183006862613,1129,0.02508888888888889,1.1292452684836085,45000
revision_K10,heat,B4,False,14.020183006862613,14.756082619548016,304,0.0067555555555555554,0.30406604217804867,45000
revision_K10,heat,B4,False,14.756082619548016,15.530608563978557,115,0.0025555555555555557,0.11502498306077386,45000
revision_K10,heat,B4,False,15.530608563978557,16.34578828177584,131,0.0029111111111111113,0.13102845896488152,45000
revision_K10,heat,B4,False,16.34578828177584,17.203755632109893,114,0.002533333333333333,0.11402476581676825,45000
revision_K10,heat,B4,False,17.203755632109893,18.106756477406066,242,0.005377777777777778,0.24205257304963088,45000
revision_K10,heat,B4,False,18.106756477406066,19.057154562237766,297,0.0066,0.29706452146999857,45000
revision_K10,heat,B4,False,19.057154562237766,20.05743770079396,143,0.0031777777777777776,0.14303106589296224,45000
revision_K10,heat,B4,False,20.05743770079396,21.110224289118165,3,6.666666666666667e-05,0.0030006517320202175,45000
revision_K10,heat,B4,False,21.110224289118165,22.218270159165648,0,0.0,0.0,45000
revision_K10,heat,B4,False,22.218270159165648,23.384475792620403,0,0.0,0.0,45000
revision_K10,heat,B4,False,23.384475792620403,24.61189391335516,0,0.0,0.0,45000
revision_K10,heat,B4,False,24.61189391335516,25.903737478408974,0,0.0,0.0,45000
revision_K10,heat,B4,False,25.903737478408974,27.26338808839992,0,0.0,0.0,45000
revision_K10,heat,B4,False,27.26338808839992,28.69440483938848,0,0.0,0.0,45000
revision_K10,heat,B4,False,28.69440483938848,30.200533639362657,0,0.0,0.0,45000
revision_K10,heat,B4,False,30.200533639362657,31.785717013732373,0,0.0,0.0,45000
revision_K10,heat,B4,False,31.785717013732373,33.45410442550039,0,0.0,0.0,45000
revision_K10,heat,B4,False,33.45410442550039,35.21006313712438,0,0.0,0.0,45000
revision_K10,heat,B4,False,35.21006313712438,37.05818964250278,0,0.0,0.0,45000
revision_K10,heat,B4,False,37.05818964250278,39.003321699009554,0,0.0,0.0,45000
revision_K10,heat,B4,False,39.003321699009554,41.05055099107343,0,0.0,0.0,45000
revision_K10,heat,B4,False,41.05055099107343,43.20523645845048,0,0.0,0.0,45000
revision_K10,heat,B4,False,43.20523645845048,45.473018324078936,0,0.0,0.0,45000
revision_K10,heat,B4,False,45.473018324078936,47.85983285823631,0,0.0,0.0,45000
revision_K10,heat,B4,False,47.85983285823631,50.37192791764635,0,0.0,0.0,45000
revision_K10,heat,B4,False,50.37192791764635,53.01587930021168,0,0.0,0.0,45000
revision_K10,heat,B4,False,53.01587930021168,55.79860795818322,0,0.0,0.0,45000
revision_K10,heat,B4,False,55.79860795818322,58.72739811482472,0,0.0,0.0,45000
revision_K10,heat,B4,False,58.72739811482472,61.80991633199541,0,0.0,0.0,45000
revision_K10,heat,B4,False,61.80991633199541,65.05423157856306,0,0.0,0.0,45000
revision_K10,heat,B4,False,65.05423157856306,68.46883635217966,0,0.0,0.0,45000
revision_K10,heat,B4,False,68.46883635217966,72.06266890970949,0,0.0,0.0,45000
revision_K10,heat,B4,False,72.06266890970949,75.84513666450084,0,0.0,0.0,45000
revision_K10,heat,B4,False,75.84513666450084,79.82614081174758,0,0.0,0.0,45000
revision_K10,heat,B4,False,79.82614081174758,84.01610224640089,0,0.0,0.0,45000
revision_K10,heat,B4,False,84.01610224640089,88.42598884147601,0,0.0,0.0,45000
revision_K10,heat,B4,False,88.42598884147601,93.06734415815869,0,0.0,0.0,45000
revision_K10,heat,B4,False,93.06734415815869,97.95231766286437,0,0.0,0.0,45000
revision_K10,heat,B4,False,97.95231766286437,103.09369653034821,0,0.0,0.0,45000
revision_K10,heat,B4,False,103.09369653034821,108.50493911611578,0,0.0,0.0,45000
revision_K10,heat,B4,False,108.50493911611578,114.20021018575291,0,0.0,0.0,45000
revision_K10,heat,B4,False,114.20021018575291,120.19441799339371,0,0.0,0.0,45000
revision_K10,heat,B4,False,120.19441799339371,126.50325330638432,0,0.0,0.0,45000
revision_K10,heat,B4,False,126.50325330638432,133.14323047829743,0,0.0,0.0,45000
revision_K10,heat,B4,False,133.14323047829743,140.13173067781,0,0.0,0.0,45000
revision_K10,heat,B4,False,140.13173067781,147.48704738660481,0,0.0,0.0,45000
revision_K10,heat,B4,False,147.48704738660481,155.22843428539136,0,0.0,0.0,45000
revision_K10,heat,B4,False,155.22843428539136,163.3761556533982,0,0.0,0.0,45000
revision_K10,heat,B4,False,163.3761556533982,171.95153941326183,0,0.0,0.0,45000
revision_K10,heat,B4,False,171.95153941326183,180.97703296016772,0,0.0,0.0,45000
revision_K10,heat,B4,False,180.97703296016772,190.47626192138412,0,0.0,0.0,45000
revision_K10,heat,B4,False,190.47626192138412,200.474092,0,0.0,0.0,45000
revision_K10,heat,B4,True,1.203147,1.2662984874570626,0,0.0,0.0,45000
revision_K10,heat,B4,True,1.2662984874570626,1.3327647073350513,0,0.0,0.0,45000
revision_K10,heat,B4,True,1.3327647073350513,1.402719645259083,0,0.0,0.0,45000
revision_K10,heat,B4,True,1.402719645259083,1.4763464191141105,0,0.0,0.0,45000
revision_K10,heat,B4,True,1.4763464191141105,1.5538377583843443,0,0.0,0.0,45000
revision_K10,heat,B4,True,1.5538377583843443,1.6353965086525324,0,0.0,0.0,45000
revision_K10,heat,B4,True,1.6353965086525324,1.721236162579687,0,0.0,0.0,45000
revision_K10,heat,B4,True,1.721236162579687,1.8115814187551953,0,0.0,0.0,45000
revision_K10,heat,B4,True,1.8115814187551953,1.9066687698801754,0,0.0,0.0,45000
revision_K10,heat,B4,True,1.9066687698801754,2.0067471218237545,1,2.2222222222222223e-05,0.0010002172440067342,45000
revision_K10,heat,B4,True,2.0067471218237545,2.1120784451727297,225,0.005,0.22504887990151518,45000
revision_K10,heat,B4,True,2.1120784451727297,2.2229384609801563,575,0.012777777777777779,0.5751249153038736,45000
revision_K10,heat,B4,True,2.2229384609801563,2.339617362507909,204,0.004533333333333334,0.20404431777737275,45000
revision_K10,heat,B4,True,2.339617362507909,2.462420574852489,135,0.003,0.13502932794090944,45000
revision_K10,heat,B4,True,2.462420574852489,2.5916695544425226,5435,0.12077777777777778,5.4361807211766,45000
revision_K10,heat,B4,True,2.5916695544425226,2.72770263050075,22357,0.4968222222222222,22.361856924258554,45000
revision_K10,heat,B4,True,2.72770263050075,2.870875890673169,7065,0.157,7.066534828907576,45000
revision_K10,heat,B4,True,2.870875890673169,3.0215641131435986,1094,0.02431111111111111,1.0942376649433672,45000
revision_K10,heat,B4,True,3.0215641131435986,3.180161747673626,449,0.009977777777777778,0.4490975425590236,45000
revision_K10,heat,B4,True,3.180161747673626,3.3470839481359485,215,0.0047777777777777775,0.21504670746144783,45000
revision_K10,heat,B4,True,3.3470839481359485,3.522767659243937,113,0.002511111111111111,0.11302454857276095,45000
revision_K10,heat,B4,True,3.522767659243937,3.7076727603221014,65,0.0014444444444444444,0.06501412086043772,45000
revision_K10,heat,B4,True,3.7076727603221014,3.9022832691114466,42,0.0009333333333333333,0.042009124248282834,45000
revision_K10,heat,B4,True,3.9022832691114466,4.10710860876088,52,0.0011555555555555555,0.052011296688350174,45000
revision_K10,heat,B4,True,4.10710860876088,4.322684941321205,50,0.0011111111111111111,0.05001086220033671,45000
revision_K10,heat,B4,True,4.322684941321205,4.54957657123233,78,0.0017333333333333333,0.07801694503252526,45000
revision_K10,heat,B4,True,4.54957657123233,4.788377422477543,163,0.0036222222222222224,0.16303541077309766,45000
revision_K10,heat,B4,True,4.788377422477543,5.03971259327153,713,0.015844444444444446,0.7131548949768015,45000
revision_K10,heat,B4,True,5.03971259327153,5.304239992351766,2549,0.05664444444444444,2.5495537549731653,45000
revision_K10,heat,B4,True,5.304239992351766,5.582652061156536,1454,0.03231111111111111,1.4543158727857914,45000
revision_K10,heat,B4,True,5.582652061156536,5.875677586397652,425,0.009444444444444445,0.425092328702862,45000
revision_K10,heat,B4,True,5.875677586397652,6.184083607772543,146,0.0032444444444444443,0.14603171762498318,45000
revision_K10,heat,B4,True,6.184083607772543,6.50867742580947,49,0.0010888888888888888,0.049010644956329966,45000
revision_K10,heat,B4,True,6.50867742580947,6.850308715101696,19,0.0004222222222222222,0.019004127636127948,45000
revision_K10,heat,B4,True,6.850308715101696,7.2098717484623345,12,0.0002666666666666667,0.01200260692808081,45000
revision_K10,heat,B4,True,7.2098717484623345,7.588307737821948,15,0.0003333333333333333,0.01500325866010101,45000
revision_K10,heat,B4,True,7.588307737821948,7.986607297996552,5,0.00011111111111111112,0.005001086220033671,45000
revision_K10,heat,B4,True,7.986607297996552,8.405813039775333,4,8.888888888888889e-05,0.004000868976026937,45000
revision_K10,heat,B4,True,8.405813039775333,8.847022299115867,3,6.666666666666667e-05,0.0030006517320202027,45000
revision_K10,heat,B4,True,8.847022299115867,9.311390009590955,14,0.0003111111111111111,0.014003041416094278,45000
revision_K10,heat,B4,True,9.311390009590955,9.800131725606123,13,0.0002888888888888889,0.013002824172087544,45000
revision_K10,heat,B4,True,9.800131725606123,10.31452680430156,35,0.0007777777777777777,0.035007603540235695,45000
revision_K10,heat,B4,True,10.31452680430156,10.85592175446757,213,0.004733333333333333,0.21304627297343542,45000
revision_K10,heat,B4,True,10.85592175446757,11.425733761239906,445,0.009888888888888888,0.44509667358299443,45000
revision_K10,heat,B4,True,11.425733761239906,12.025454395801333,180,0.004,0.18003910392121306,45000
revision_K10,heat,B4,True,12.025454395801333,12.656653519800255,139,0.003088888888888889,0.13903019691693536,45000
revision_K10,heat,B4,True,12.656653519800255,13.320983394706696,149,0.003311111111111111,0.14903236935700265,45000
revision_K10,heat,B4,True,13.320983394706696,14.020183006862613,66,0.0014666666666666667,0.06601433810444478,45000
revision_K10,heat,B4,True,14.020183006862613,14.756082619548016,29,0.0006444444444444444,0.029006300076195434,45000
revision_K10,heat,B4,True,14.756082619548016,15.530608563978557,5,0.00011111111111111112,0.005001086220033646,45000
revision_K10,heat,B4,True,15.530608563978557,16.34578828177584,0,0.0,0.0,45000
revision_K10,heat,B4,True,16.34578828177584,17.203755632109893,0,0.0,0.0,45000
revision_K10,heat,B4,True,17.203755632109893,18.106756477406066,0,0.0,0.0,45000
revision_K10,heat,B4,True,18.106756477406066,19.057154562237766,0,0.0,0.0,45000
revision_K10,heat,B4,True,19.057154562237766,20.05743770079396,0,0.0,0.0,45000
revision_K10,heat,B4,True,20.05743770079396,21.110224289118165,0,0.0,0.0,45000
revision_K10,heat,B4,True,21.110224289118165,22.218270159165648,0,0.0,0.0,45000
revision_K10,heat,B4,True,22.218270159165648,23.384475792620403,0,0.0,0.0,45000
revision_K10,heat,B4,True,23.384475792620403,24.61189391335516,0,0.0,0.0,45000
revision_K10,heat,B4,True,24.61189391335516,25.903737478408974,0,0.0,0.0,45000
revision_K10,heat,B4,True,25.903737478408974,27.26338808839992,0,0.0,0.0,45000
revision_K10,heat,B4,True,27.26338808839992,28.69440483938848,0,0.0,0.0,45000
revision_K10,heat,B4,True,28.69440483938848,30.200533639362657,0,0.0,0.0,45000
revision_K10,heat,B4,True,30.200533639362657,31.785717013732373,0,0.0,0.0,45000
revision_K10,heat,B4,True,31.785717013732373,33.45410442550039,0,0.0,0.0,45000
revision_K10,heat,B4,True,33.45410442550039,35.21006313712438,0,0.0,0.0,45000
revision_K10,heat,B4,True,35.21006313712438,37.05818964250278,0,0.0,0.0,45000
revision_K10,heat,B4,True,37.05818964250278,39.003321699009554,0,0.0,0.0,45000
revision_K10,heat,B4,True,39.003321699009554,41.05055099107343,0,0.0,0.0,45000
revision_K10,heat,B4,True,41.05055099107343,43.20523645845048,0,0.0,0.0,45000
revision_K10,heat,B4,True,43.20523645845048,45.473018324078936,0,0.0,0.0,45000
revision_K10,heat,B4,True,45.473018324078936,47.85983285823631,0,0.0,0.0,45000
revision_K10,heat,B4,True,47.85983285823631,50.37192791764635,0,0.0,0.0,45000
revision_K10,heat,B4,True,50.37192791764635,53.01587930021168,0,0.0,0.0,45000
revision_K10,heat,B4,True,53.01587930021168,55.79860795818322,0,0.0,0.0,45000
revision_K10,heat,B4,True,55.79860795818322,58.72739811482472,0,0.0,0.0,45000
revision_K10,heat,B4,True,58.72739811482472,61.80991633199541,0,0.0,0.0,45000
revision_K10,heat,B4,True,61.80991633199541,65.05423157856306,0,0.0,0.0,45000
revision_K10,heat,B4,True,65.05423157856306,68.46883635217966,0,0.0,0.0,45000
revision_K10,heat,B4,True,68.46883635217966,72.06266890970949,0,0.0,0.0,45000
revision_K10,heat,B4,True,72.06266890970949,75.84513666450084,0,0.0,0.0,45000
revision_K10,heat,B4,True,75.84513666450084,79.82614081174758,0,0.0,0.0,45000
revision_K10,heat,B4,True,79.82614081174758,84.01610224640089,0,0.0,0.0,45000
revision_K10,heat,B4,True,84.01610224640089,88.42598884147601,0,0.0,0.0,45000
revision_K10,heat,B4,True,88.42598884147601,93.06734415815869,0,0.0,0.0,45000
revision_K10,heat,B4,True,93.06734415815869,97.95231766286437,0,0.0,0.0,45000
revision_K10,heat,B4,True,97.95231766286437,103.09369653034821,0,0.0,0.0,45000
revision_K10,heat,B4,True,103.09369653034821,108.50493911611578,0,0.0,0.0,45000
revision_K10,heat,B4,True,108.50493911611578,114.20021018575291,0,0.0,0.0,45000
revision_K10,heat,B4,True,114.20021018575291,120.19441799339371,0,0.0,0.0,45000
revision_K10,heat,B4,True,120.19441799339371,126.50325330638432,0,0.0,0.0,45000
revision_K10,heat,B4,True,126.50325330638432,133.14323047829743,0,0.0,0.0,45000
revision_K10,heat,B4,True,133.14323047829743,140.13173067781,0,0.0,0.0,45000
revision_K10,heat,B4,True,140.13173067781,147.48704738660481,0,0.0,0.0,45000
revision_K10,heat,B4,True,147.48704738660481,155.22843428539136,0,0.0,0.0,45000
revision_K10,heat,B4,True,155.22843428539136,163.3761556533982,0,0.0,0.0,45000
revision_K10,heat,B4,True,163.3761556533982,171.95153941326183,0,0.0,0.0,45000
revision_K10,heat,B4,True,171.95153941326183,180.97703296016772,0,0.0,0.0,45000
revision_K10,heat,B4,True,180.97703296016772,190.47626192138412,0,0.0,0.0,45000
revision_K10,heat,B4,True,190.47626192138412,200.474092,0,0.0,0.0,45000
